order_id,order_date,customer_id,customer_name,region,category,product_name,quantity,unit_price,order_status,payment_method,revenue
ORD100363,2023-06-17,CUST1454,Fajar Wijaya,East,Beauty,Lip Balm,1,6.00 ,Completed,Gift Card,6.00
ORD101186,2024-10-17,CUST1674,Dewi Lee,East,Beauty,Lip Balm,1,6.22 ,Completed,Gift Card,6.22
ORD101364,2024-07-11,CUST1201,Linda Johnson,East,Beauty,Shampoo,2,6.22 ,Completed,Credit Card,12.44
ORD102845,2023-11-20,CUST1361,Rina Brown,East,Beauty,Moisturizer,2,6.27 ,Completed,Debit Card,12.54
ORD102156,2024-01-11,CUST1798,Siti Anderson,East,Beauty,Lip Balm,1,6.38 ,Completed,Gift Card,6.38
ORD100464,2024-03-18,CUST1404,Maria Tan,East,Beauty,Moisturizer,4,6.40 ,Completed,Debit Card,25.60
ORD102460,2024-12-26,CUST1676,Lisa Wijaya,Midwest,Beauty,Sunscreen SPF50,2,6.72 ,Completed,Gift Card,13.44
ORD103898,2023-08-13,CUST1126,Ahmad Garcia,East,Beauty,Moisturizer,1,6.80 ,Returned,PayPal,6.80
ORD103481,2023-01-25,CUST1141,Fajar Taylor,East,Beauty,Shampoo,2,6.84 ,Returned,PayPal,13.68
ORD103223,2024-09-13,CUST1870,Dewi Chen,East,Beauty,Face Mask Set,2,6.86 ,Completed,Credit Card,13.72
ORD100494,2023-08-22,CUST1483,Nina Anderson,East,Beauty,Sunscreen SPF50,1,6.92 ,Completed,PayPal,6.92
ORD103104,2024-10-24,CUST1681,Maria Hidayat,East,Beauty,Lip Balm,2,6.95 ,Completed,Debit Card,13.90
ORD103684,2023-02-22,CUST1137,Budi Wijaya,East,Beauty,Sunscreen SPF50,1,6.96 ,Completed,Debit Card,6.96
ORD101452,2023-05-22,CUST1142,Kevin Salim,East,Beauty,Sunscreen SPF50,1,6.98 ,Completed,Gift Card,6.98
ORD100561,2024-12-24,CUST1742,James Brown,West,Beauty,Face Mask Set,1,6.98 ,Completed,Gift Card,6.98
ORD103757,2024-06-29,CUST1453,James Tan,Midwest,Beauty,Shampoo,1,7.06 ,Pending,Credit Card,7.06
ORD100680,2024-04-15,CUST1178,Michael Pratama,Midwest,Beauty,Shampoo,2,7.18 ,Completed,PayPal,14.36
ORD102341,2024-09-24,CUST1106,Lisa Kurniawan,East,Beauty,Face Mask Set,4,7.19 ,Completed,Gift Card,28.76
ORD101251,2023-06-22,CUST1455,Linda Taylor,East,Beauty,Lip Balm,1,7.25 ,Completed,Gift Card,7.25
ORD101652,2024-08-03,CUST1341,Fajar Wijaya,East,Beauty,Moisturizer,1,7.26 ,Completed,Gift Card,7.26
ORD100129,2023-04-10,CUST1843,Siti Hidayat,East,Beauty,Sunscreen SPF50,4,7.44 ,Completed,PayPal,29.76
ORD100326,2024-07-07,CUST1182,Dewi Tan,East,Beauty,Lip Balm,2,7.83 ,Completed,PayPal,15.66
ORD103166,2023-12-21,CUST1527,Rina Anderson,Midwest,Beauty,Face Mask Set,1,7.84 ,Completed,Gift Card,7.84
ORD102719,2023-08-26,CUST1322,Ahmad Wijaya,Midwest,Beauty,Lip Balm,1,7.88 ,Completed,Debit Card,7.88
ORD102961,2023-04-03,CUST1062,Andi Salim,South,Beauty,Lip Balm,5,7.95 ,Completed,Credit Card,39.75
ORD103106,2023-01-10,CUST1825,Linda Nugroho,East,Sports & Outdoors,Jump Rope,1,8.13 ,Pending,Debit Card,8.13
ORD102914,2023-05-29,CUST1055,John Salim,East,Beauty,Shampoo,2,8.17 ,Completed,Credit Card,16.34
ORD102260,2023-08-13,CUST1560,Fajar Hidayat,East,Beauty,Moisturizer,3,8.20 ,Completed,Debit Card,24.60
ORD101260,2024-08-17,CUST1223,Michael Halim,East,Beauty,Shampoo,2,8.22 ,Completed,Debit Card,16.44
ORD101890,2024-07-26,CUST1529,Ahmad Garcia,Midwest,Beauty,Face Mask Set,3,8.23 ,Cancelled,Gift Card,24.69
ORD102358,2024-05-25,CUST1304,Michael Wilson,East,Beauty,Moisturizer,1,8.29 ,Completed,Gift Card,8.29
ORD103613,2024-12-13,CUST1218,Siti Tan,Midwest,Sports & Outdoors,Water Bottle,1,8.29 ,Completed,Debit Card,8.29
ORD101087,2023-12-17,CUST1311,John Nugroho,South,Books,Fiction Novel,1,8.33 ,Completed,Gift Card,8.33
ORD103404,2023-05-16,CUST1128,Rina Taylor,East,Beauty,Shampoo,1,8.39 ,Completed,Credit Card,8.39
ORD103615,2023-05-25,CUST1684,Unknown Customer,East,Beauty,Sunscreen SPF50,1,8.41 ,Completed,Gift Card,8.41
ORD100466,2024-10-26,CUST1713,Unknown Customer,East,Beauty,Lip Balm,1,8.41 ,Completed,Credit Card,8.41
ORD103902,2024-11-18,CUST1422,Budi Pratama,East,Beauty,Shampoo,1,8.41 ,Pending,Credit Card,8.41
ORD103895,2024-01-06,CUST1646,Maria Salim,East,Books,Cookbook,1,8.43 ,Completed,Debit Card,8.43
ORD102049,2024-08-25,CUST1091,Nina Wilson,East,Books,Fiction Novel,3,8.47 ,Returned,Credit Card,25.41
ORD102648,2024-08-27,CUST1283,Unknown Customer,Midwest,Beauty,Shampoo,1,8.49 ,Completed,Gift Card,8.49
ORD100613,2023-05-07,CUST1264,Siti Halim,East,Sports & Outdoors,Resistance Bands,1,8.56 ,Pending,Gift Card,8.56
ORD100662,2023-08-14,CUST1702,Ahmad Salim,East,Books,Fiction Novel,1,8.59 ,Completed,PayPal,8.59
ORD100256,2023-08-02,CUST1841,Putri Anderson,East,Beauty,Face Mask Set,3,8.64 ,Completed,PayPal,25.92
ORD103494,2024-01-03,CUST1655,John Tan,East,Books,Business Strategy Book,1,8.75 ,Completed,Debit Card,8.75
ORD102124,2024-06-09,CUST1497,David Halim,Midwest,Beauty,Sunscreen SPF50,1,8.75 ,Completed,Gift Card,8.75
ORD103453,2024-11-30,CUST1671,Unknown Customer,South,Beauty,Sunscreen SPF50,1,8.87 ,Completed,Credit Card,8.87
ORD101699,2023-04-08,CUST1060,Ahmad Wilson,East,Sports & Outdoors,Jump Rope,1,8.88 ,Completed,Gift Card,8.88
ORD103295,2024-09-13,CUST1507,Andi Brown,East,Books,Cookbook,1,8.90 ,Completed,PayPal,8.90
ORD103302,2023-07-02,CUST1243,James Hidayat,Midwest,Books,Children's Book,1,8.91 ,Pending,Credit Card,8.91
ORD103869,2023-05-10,CUST1815,Budi Garcia,Midwest,Books,Children's Book,2,8.97 ,Completed,Gift Card,17.94
ORD103585,2024-02-10,CUST1120,Dewi Johnson,Midwest,Books,Children's Book,2,8.98 ,Completed,Gift Card,17.96
ORD100496,2023-08-19,CUST1009,James Anderson,Midwest,Sports & Outdoors,Jump Rope,1,9.04 ,Completed,Gift Card,9.04
ORD100601,2023-02-25,CUST1386,Lisa Johnson,East,Beauty,Moisturizer,1,9.04 ,Completed,Credit Card,9.04
ORD102519,2024-05-03,CUST1139,Maria Brown,West,Beauty,Shampoo,2,9.04 ,Completed,Debit Card,18.08
ORD102920,2023-09-28,CUST1818,Siti Salim,East,Sports & Outdoors,Water Bottle,1,9.05 ,Completed,Credit Card,9.05
ORD101256,2023-01-04,CUST1311,John Nugroho,South,Toys,Building Blocks,4,9.05 ,Completed,PayPal,36.20
ORD102515,2024-09-11,CUST1424,Linda Garcia,East,Beauty,Face Mask Set,1,9.05 ,Completed,Unknown,9.05
ORD101566,2023-09-12,CUST1360,Michael Santos,South,Toys,Action Figure,1,9.06 ,Completed,Debit Card,9.06
ORD103038,2023-09-27,CUST1650,Dewi Lee,East,Toys,RC Car,1,9.06 ,Completed,PayPal,9.06
ORD103185,2023-03-06,CUST1415,Sarah Salim,East,Toys,RC Car,3,9.07 ,Completed,Debit Card,27.21
ORD100455,2024-10-23,CUST1347,Siti Halim,South,Books,Fiction Novel,1,9.08 ,Completed,PayPal,9.08
ORD102611,2024-11-11,CUST1622,Michael Garcia,East,Books,Self-Help Guide,1,9.09 ,Completed,Gift Card,9.09
ORD102524,2024-12-11,CUST1067,Nina Halim,East,Books,Children's Book,1,9.09 ,Completed,Debit Card,9.09
ORD100293,2023-07-11,CUST1384,Siti Pratama,East,Beauty,Sunscreen SPF50,1,9.13 ,Completed,Debit Card,9.13
ORD101479,2024-02-12,CUST1391,Siti Pratama,East,Books,Self-Help Guide,2,9.14 ,Completed,Credit Card,18.28
ORD100165,2024-06-15,CUST1785,Maria Nugroho,East,Beauty,Sunscreen SPF50,1,9.18 ,Completed,Credit Card,9.18
ORD103113,2024-11-21,CUST1587,Robert Santos,East,Beauty,Lip Balm,1,9.19 ,Completed,Debit Card,9.19
ORD101419,2024-02-16,CUST1588,David Anderson,East,Toys,Building Blocks,1,9.22 ,Completed,Credit Card,9.22
ORD103779,2023-04-21,CUST1006,James Smith,East,Books,Self-Help Guide,1,9.25 ,Completed,Credit Card,9.25
ORD100120,2023-07-01,CUST1339,Siti Hidayat,East,Books,Cookbook,1,9.27 ,Returned,Debit Card,9.27
ORD103110,2024-04-18,CUST1100,Ahmad Wijaya,Midwest,Toys,Board Game,1,9.31 ,Completed,Credit Card,9.31
ORD101790,2024-05-25,CUST1402,Rina Nugroho,East,Books,Self-Help Guide,2,9.32 ,Completed,Debit Card,18.64
ORD101310,2024-01-13,CUST1257,Sarah Taylor,East,Books,Fiction Novel,2,9.35 ,Completed,Debit Card,18.70
ORD103746,2024-04-26,CUST1412,Siti Anderson,East,Books,Children's Book,1,9.36 ,Completed,Gift Card,9.36
ORD103558,2024-01-13,CUST1496,John Smith,East,Beauty,Lip Balm,1,9.38 ,Completed,Gift Card,9.38
ORD101646,2024-03-06,CUST1348,Putri Nugroho,East,Books,Self-Help Guide,1,9.38 ,Returned,PayPal,9.38
ORD103645,2024-07-15,CUST1860,Rina Nugroho,East,Beauty,Lip Balm,1,9.42 ,Completed,PayPal,9.42
ORD100207,2023-02-14,CUST1793,Putri Hidayat,East,Beauty,Lip Balm,2,9.42 ,Completed,Gift Card,18.84
ORD101557,2024-06-09,CUST1043,Michael Wilson,East,Sports & Outdoors,Yoga Mat,2,9.42 ,Completed,Credit Card,18.84
ORD102300,2023-11-20,CUST1465,Nina Wilson,Midwest,Toys,Board Game,1,9.49 ,Cancelled,Debit Card,9.49
ORD102880,2024-11-18,CUST1849,Putri Santos,Midwest,Beauty,Lip Balm,1,9.50 ,Completed,Credit Card,9.50
ORD102823,2024-10-09,CUST1578,Putri Salim,Midwest,Beauty,Lip Balm,1,9.52 ,Completed,Credit Card,9.52
ORD101888,2024-12-20,CUST1814,Michael Taylor,East,Books,Children's Book,1,9.56 ,Completed,PayPal,9.56
ORD100218,2023-09-22,CUST1600,Maria Wijaya,East,Toys,Building Blocks,1,9.56 ,Completed,PayPal,9.56
ORD100668,2023-04-11,CUST1694,Ayu Tan,Midwest,Beauty,Lip Balm,1,9.56 ,Cancelled,Debit Card,9.56
ORD103238,2023-04-16,CUST1254,Nina Garcia,East,Toys,RC Car,1,9.57 ,Completed,Unknown,9.57
ORD100203,2023-09-22,CUST1040,Lisa Garcia,East,Books,Cookbook,5,9.62 ,Returned,Gift Card,48.10
ORD100024,2024-03-27,CUST1586,Putri Smith,Midwest,Beauty,Moisturizer,1,9.63 ,Completed,PayPal,9.63
ORD101265,2024-07-30,CUST1288,Ahmad Halim,East,Beauty,Face Mask Set,2,9.67 ,Completed,Gift Card,19.34
ORD102568,2023-05-24,CUST1875,Fajar Garcia,East,Books,Business Strategy Book,1,9.69 ,Completed,Credit Card,9.69
ORD102840,2023-06-26,CUST1138,Fajar Anderson,East,Beauty,Sunscreen SPF50,3,9.70 ,Completed,Debit Card,29.10
ORD100278,2024-03-26,CUST1783,Ayu Taylor,East,Beauty,Moisturizer,2,9.76 ,Completed,Debit Card,19.52
ORD103068,2023-08-31,CUST1448,Maria Halim,East,Beauty,Shampoo,1,9.82 ,Completed,PayPal,9.82
ORD100517,2024-03-28,CUST1622,Michael Garcia,East,Toys,Board Game,1,9.83 ,Completed,Credit Card,9.83
ORD102820,2024-02-15,CUST1218,Siti Tan,Midwest,Sports & Outdoors,Camping Tent,2,9.88 ,Completed,Gift Card,19.76
ORD102013,2024-09-24,CUST1623,John Yusuf,East,Toys,Board Game,1,9.88 ,Completed,Credit Card,9.88
ORD101295,2023-06-01,CUST1835,Nina Wilson,Midwest,Beauty,Moisturizer,1,9.91 ,Completed,Gift Card,9.91
ORD102239,2023-03-06,CUST1868,Nina Lee,Midwest,Toys,Puzzle 1000pc,1,9.95 ,Completed,PayPal,9.95
ORD100026,2023-09-10,CUST1738,Fajar Halim,East,Beauty,Face Mask Set,2,9.96 ,Completed,Debit Card,19.92
ORD102816,2024-05-01,CUST1679,Siti Halim,East,Books,Business Strategy Book,1,9.97 ,Completed,Gift Card,9.97
ORD100827,2024-03-01,CUST1500,Nina Hidayat,Midwest,Beauty,Sunscreen SPF50,4,9.97 ,Completed,Credit Card,39.88
ORD100403,2023-06-14,CUST1842,Siti Salim,Midwest,Toys,Puzzle 1000pc,1,9.98 ,Returned,Debit Card,9.98
ORD100010,2024-02-12,CUST1132,Robert Tan,East,Books,Fiction Novel,1,10.00 ,Pending,Gift Card,10.00
ORD103465,2023-11-24,CUST1357,Andi Garcia,Midwest,Beauty,Moisturizer,1,10.01 ,Completed,Credit Card,10.01
ORD103373,2023-04-18,CUST1380,Lisa Brown,Midwest,Sports & Outdoors,Hiking Backpack,2,10.01 ,Completed,Gift Card,20.02
ORD101965,2023-11-18,CUST1629,James Tan,Midwest,Clothing,Running Shorts,1,10.02 ,Completed,Unknown,10.02
ORD100454,2024-11-14,CUST1780,Lisa Wijaya,East,Clothing,Winter Jacket,1,10.05 ,Completed,Debit Card,10.05
ORD100550,2024-10-22,CUST1813,Linda Pratama,East,Books,Cookbook,2,10.08 ,Completed,Debit Card,20.16
ORD102377,2024-04-17,CUST1372,Rina Nugroho,East,Books,Self-Help Guide,1,10.09 ,Cancelled,Credit Card,10.09
ORD101520,2024-12-18,CUST1513,Robert Kurniawan,East,Books,Cookbook,1,10.10 ,Returned,Credit Card,10.10
ORD101122,2023-07-20,CUST1186,Andi Anderson,South,Books,Children's Book,1,10.15 ,Completed,Debit Card,10.15
ORD101930,2024-06-05,CUST1081,Maria Garcia,East,Toys,Action Figure,1,10.17 ,Completed,Debit Card,10.17
ORD101433,2024-05-22,CUST1761,Ahmad Johnson,East,Books,Children's Book,1,10.19 ,Completed,Credit Card,10.19
ORD100131,2024-08-07,CUST1154,Michael Tan,East,Toys,Building Blocks,1,10.24 ,Completed,PayPal,10.24
ORD102942,2023-10-03,CUST1436,Lisa Garcia,East,Beauty,Moisturizer,1,10.25 ,Completed,Gift Card,10.25
ORD102344,2023-06-10,CUST1713,Dewi Taylor,East,Clothing,Baseball Cap,1,10.27 ,Cancelled,Credit Card,10.27
ORD100632,2023-05-14,CUST1724,James Pratama,East,Books,Fiction Novel,1,10.29 ,Pending,Debit Card,10.29
ORD101619,2024-01-23,CUST1212,Budi Wilson,East,Books,Self-Help Guide,1,10.30 ,Completed,Debit Card,10.30
ORD102692,2024-03-27,CUST1409,John Kurniawan,South,Beauty,Moisturizer,1,10.31 ,Completed,Debit Card,10.31
ORD103877,2024-02-25,CUST1121,David Nugroho,East,Sports & Outdoors,Resistance Bands,3,10.31 ,Cancelled,Debit Card,30.93
ORD100057,2024-05-26,CUST1057,Maria Lee,Midwest,Beauty,Moisturizer,1,10.34 ,Cancelled,Debit Card,10.34
ORD100179,2024-10-10,CUST1257,Sarah Taylor,East,Clothing,Winter Jacket,5,10.35 ,Completed,Debit Card,51.75
ORD103264,2024-01-11,CUST1354,Fajar Tan,East,Clothing,Running Shorts,1,10.38 ,Completed,Credit Card,10.38
ORD103963,2024-01-15,CUST1692,Ayu Chen,East,Books,Fiction Novel,1,10.39 ,Completed,Debit Card,10.39
ORD101351,2024-05-23,CUST1073,Ayu Pratama,East,Books,Self-Help Guide,1,10.39 ,Completed,PayPal,10.39
ORD101383,2024-03-18,CUST1785,Maria Nugroho,East,Books,Cookbook,1,10.40 ,Completed,Credit Card,10.40
ORD102068,2024-04-10,CUST1677,Fajar Anderson,Midwest,Sports & Outdoors,Hiking Backpack,2,10.42 ,Completed,Credit Card,20.84
ORD100045,2023-12-19,CUST1695,James Johnson,East,Sports & Outdoors,Hiking Backpack,2,10.44 ,Returned,Gift Card,20.88
ORD102154,2023-06-28,CUST1477,Unknown Customer,South,Books,Business Strategy Book,5,10.46 ,Completed,Debit Card,52.30
ORD100087,2023-03-06,CUST1867,Nina Garcia,Midwest,Beauty,Moisturizer,2,10.48 ,Completed,Gift Card,20.96
ORD103344,2024-06-26,CUST1214,Ahmad Tan,East,Books,Business Strategy Book,1,10.49 ,Completed,Unknown,10.49
ORD103820,2023-06-04,CUST1532,Siti Lee,East,Clothing,Winter Jacket,1,10.49 ,Completed,Debit Card,10.49
ORD102474,2023-11-11,CUST1637,Linda Tan,East,Beauty,Sunscreen SPF50,1,10.51 ,Completed,Debit Card,10.51
ORD100438,2024-06-03,CUST1108,Rina Garcia,East,Toys,Action Figure,3,10.53 ,Completed,Credit Card,31.59
ORD103433,2024-07-03,CUST1456,Kevin Nugroho,East,Books,Children's Book,1,10.54 ,Completed,Gift Card,10.54
ORD103374,2024-12-16,CUST1673,Ahmad Smith,East,Toys,Building Blocks,1,10.56 ,Completed,Credit Card,10.56
ORD101970,2024-12-17,CUST1270,Andi Salim,East,Beauty,Face Mask Set,1,10.56 ,Completed,Debit Card,10.56
ORD101006,2023-06-19,CUST1702,Ahmad Salim,East,Toys,RC Car,5,10.59 ,Cancelled,Debit Card,52.95
ORD101992,2024-02-28,CUST1368,Budi Smith,Midwest,Toys,Action Figure,1,10.60 ,Cancelled,Credit Card,10.60
ORD100519,2023-03-23,CUST1459,Unknown Customer,East,Beauty,Shampoo,3,10.61 ,Returned,Debit Card,31.83
ORD103138,2024-05-14,CUST1345,Michael Santos,East,Toys,Board Game,1,10.62 ,Completed,Gift Card,10.62
ORD102374,2024-09-07,CUST1422,Budi Pratama,East,Books,Self-Help Guide,2,10.63 ,Completed,PayPal,21.26
ORD101107,2024-03-17,CUST1884,Kevin Salim,East,Sports & Outdoors,Resistance Bands,1,10.67 ,Completed,Credit Card,10.67
ORD102182,2023-06-29,CUST1854,Unknown Customer,Midwest,Books,Self-Help Guide,1,10.67 ,Completed,PayPal,10.67
ORD101749,2023-06-04,CUST1437,John Tan,East,Clothing,Hoodie,4,10.67 ,Completed,Gift Card,42.68
ORD103658,2023-01-04,CUST1073,Ayu Pratama,East,Books,Fiction Novel,1,10.72 ,Completed,Debit Card,10.72
ORD100754,2023-03-26,CUST1029,Nina Smith,Midwest,Books,Cookbook,1,10.73 ,Completed,Credit Card,10.73
ORD100231,2024-02-11,CUST1717,Siti Sari,East,Beauty,Moisturizer,1,10.74 ,Completed,Credit Card,10.74
ORD102848,2024-05-06,CUST1761,Ahmad Johnson,East,Books,Children's Book,1,10.77 ,Completed,PayPal,10.77
ORD102656,2023-10-21,CUST1850,Dewi Wijaya,East,Clothing,Wool Socks,2,10.79 ,Completed,Credit Card,21.58
ORD102153,2023-03-18,CUST1734,Ahmad Wilson,East,Sports & Outdoors,Hiking Backpack,1,10.83 ,Completed,Unknown,10.83
ORD103326,2024-08-11,CUST1333,Unknown Customer,East,Books,Self-Help Guide,4,10.83 ,Completed,Credit Card,43.32
ORD101637,2023-05-19,CUST1843,Siti Hidayat,East,Books,Children's Book,2,10.87 ,Cancelled,Debit Card,21.74
ORD103111,2024-08-15,CUST1726,John Tan,East,Books,Fiction Novel,2,10.88 ,Completed,Gift Card,21.76
ORD100976,2023-08-31,CUST1225,Siti Wilson,Midwest,Books,Business Strategy Book,1,10.89 ,Completed,Debit Card,10.89
ORD100193,2024-05-12,CUST1291,Dewi Wijaya,East,Books,Fiction Novel,1,10.89 ,Completed,Debit Card,10.89
ORD100338,2023-12-23,CUST1184,Michael Kurniawan,East,Beauty,Lip Balm,2,10.90 ,Completed,PayPal,21.80
ORD101147,2023-06-12,CUST1178,Michael Pratama,Midwest,Sports & Outdoors,Yoga Mat,1,10.93 ,Completed,Gift Card,10.93
ORD103891,2024-03-24,CUST1433,Sarah Tan,East,Toys,Action Figure,4,10.95 ,Completed,Debit Card,43.80
ORD103542,2023-06-30,CUST1679,Siti Halim,East,Beauty,Sunscreen SPF50,1,10.96 ,Completed,Debit Card,10.96
ORD100669,2024-07-21,CUST1786,Siti Brown,South,Clothing,Hoodie,4,10.99 ,Completed,Debit Card,43.96
ORD101208,2023-03-19,CUST1418,Fajar Halim,East,Toys,RC Car,4,11.00 ,Completed,Credit Card,44.00
ORD100797,2024-08-31,CUST1338,Fajar Garcia,Midwest,Toys,Board Game,1,11.01 ,Completed,PayPal,11.01
ORD102614,2024-07-15,CUST1656,Ayu Yusuf,Midwest,Books,Children's Book,3,11.03 ,Completed,Credit Card,33.09
ORD100336,2023-04-13,CUST1449,Michael Chen,East,Clothing,Winter Jacket,1,11.03 ,Completed,Gift Card,11.03
ORD101078,2024-08-23,CUST1010,Budi Anderson,East,Clothing,Denim Jeans,4,11.05 ,Completed,Gift Card,44.20
ORD103937,2023-03-22,CUST1349,John Halim,East,Beauty,Moisturizer,5,11.05 ,Completed,Debit Card,55.25
ORD100156,2024-11-08,CUST1384,Siti Pratama,East,Beauty,Face Mask Set,3,11.12 ,Completed,Credit Card,33.36
ORD103796,2023-08-21,CUST1807,Lisa Wilson,Midwest,Clothing,Running Shorts,2,11.18 ,Completed,Credit Card,22.36
ORD100689,2024-10-30,CUST1559,Fajar Sari,Midwest,Beauty,Moisturizer,1,11.20 ,Completed,Debit Card,11.20
ORD100648,2023-04-24,CUST1005,Dewi Wijaya,East,Beauty,Moisturizer,3,11.21 ,Completed,Debit Card,33.63
ORD100990,2023-07-31,CUST1170,Ayu Salim,East,Books,Children's Book,1,11.27 ,Completed,Debit Card,11.27
ORD101670,2024-09-06,CUST1425,Linda Anderson,East,Sports & Outdoors,Camping Tent,3,11.27 ,Completed,Gift Card,33.81
ORD100985,2024-03-09,CUST1670,David Sari,Midwest,Toys,Puzzle 1000pc,4,11.28 ,Cancelled,PayPal,45.12
ORD100770,2023-12-22,CUST1690,Fajar Garcia,East,Beauty,Lip Balm,1,11.31 ,Completed,Credit Card,11.31
ORD101645,2023-04-05,CUST1863,David Pratama,East,Books,Cookbook,1,11.36 ,Pending,Credit Card,11.36
ORD100079,2023-11-19,CUST1170,Ayu Salim,East,Sports & Outdoors,Resistance Bands,2,11.37 ,Cancelled,Credit Card,22.74
ORD103761,2024-02-11,CUST1613,Andi Garcia,East,Books,Self-Help Guide,2,11.38 ,Completed,Debit Card,22.76
ORD102602,2024-12-07,CUST1589,Siti Nugroho,East,Beauty,Moisturizer,1,11.41 ,Completed,Credit Card,11.41
ORD101308,2024-10-30,CUST1322,Unknown Customer,Midwest,Clothing,Baseball Cap,1,11.42 ,Completed,PayPal,11.42
ORD100887,2023-02-28,CUST1294,James Yusuf,Midwest,Books,Cookbook,1,11.43 ,Completed,Credit Card,11.43
ORD100586,2023-11-29,CUST1270,Andi Salim,East,Beauty,Shampoo,1,11.43 ,Pending,Credit Card,11.43
ORD102782,2024-12-30,CUST1095,Sarah Smith,East,Toys,Puzzle 1000pc,3,11.45 ,Completed,Gift Card,34.35
ORD102214,2023-03-19,CUST1366,David Anderson,East,Beauty,Lip Balm,1,11.48 ,Cancelled,PayPal,11.48
ORD101731,2024-01-03,CUST1429,Rina Hidayat,East,Books,Children's Book,1,11.54 ,Cancelled,Gift Card,11.54
ORD100151,2024-05-14,CUST1468,Michael Tan,East,Clothing,Hoodie,2,11.55 ,Completed,PayPal,23.10
ORD102795,2024-01-21,CUST1034,Putri Pratama,East,Books,Fiction Novel,3,11.55 ,Pending,PayPal,34.65
ORD103859,2023-01-02,CUST1736,James Nugroho,East,Books,Cookbook,1,11.56 ,Completed,Gift Card,11.56
ORD100160,2024-04-12,CUST1740,Dewi Hidayat,East,Beauty,Moisturizer,2,11.56 ,Pending,Debit Card,23.12
ORD101552,2024-12-04,CUST1089,Dewi Pratama,Midwest,Beauty,Shampoo,5,11.57 ,Pending,Credit Card,57.85
ORD100054,2023-01-17,CUST1653,Michael Chen,Midwest,Beauty,Sunscreen SPF50,1,11.58 ,Completed,Gift Card,11.58
ORD102455,2024-04-13,CUST1818,Siti Salim,East,Books,Fiction Novel,3,11.58 ,Cancelled,Debit Card,34.74
ORD103319,2023-02-07,CUST1549,James Nugroho,East,Books,Fiction Novel,1,11.59 ,Completed,Gift Card,11.59
ORD101702,2024-02-09,CUST1825,Linda Nugroho,East,Books,Self-Help Guide,1,11.61 ,Cancelled,Debit Card,11.61
ORD103411,2024-12-23,CUST1387,Budi Pratama,East,Sports & Outdoors,Resistance Bands,2,11.61 ,Completed,Unknown,23.22
ORD101382,2024-11-26,CUST1000,Siti Santos,Midwest,Clothing,Cotton T-Shirt,1,11.62 ,Completed,Debit Card,11.62
ORD101198,2023-03-14,CUST1390,Ayu Hidayat,East,Beauty,Moisturizer,2,11.64 ,Completed,Gift Card,23.28
ORD103257,2024-05-08,CUST1543,Ayu Wilson,East,Clothing,Baseball Cap,1,11.65 ,Completed,PayPal,11.65
ORD102559,2024-07-09,CUST1434,Fajar Pratama,West,Books,Children's Book,5,11.66 ,Completed,Debit Card,58.30
ORD103933,2023-11-03,CUST1194,Maria Hidayat,East,Sports & Outdoors,Yoga Mat,1,11.67 ,Completed,Debit Card,11.67
ORD102355,2024-12-23,CUST1329,Andi Tan,East,Sports & Outdoors,Jump Rope,1,11.70 ,Returned,PayPal,11.70
ORD103679,2024-01-15,CUST1839,John Tan,East,Beauty,Sunscreen SPF50,1,11.73 ,Completed,Credit Card,11.73
ORD100966,2024-07-29,CUST1443,Andi Hidayat,East,Books,Fiction Novel,1,11.77 ,Completed,PayPal,11.77
ORD102690,2023-03-10,CUST1412,Siti Anderson,East,Books,Children's Book,1,11.80 ,Completed,Gift Card,11.80
ORD103864,2023-02-20,CUST1837,Dewi Johnson,East,Beauty,Moisturizer,3,11.82 ,Completed,PayPal,35.46
ORD100468,2023-08-28,CUST1092,Putri Nugroho,East,Toys,Action Figure,2,11.84 ,Pending,Debit Card,23.68
ORD102306,2023-03-06,CUST1857,John Kurniawan,East,Books,Business Strategy Book,1,11.87 ,Completed,Credit Card,11.87
ORD103649,2023-04-21,CUST1449,Michael Chen,East,Books,Business Strategy Book,1,11.90 ,Completed,PayPal,11.90
ORD102029,2024-09-26,CUST1180,Rina Tan,East,Beauty,Shampoo,1,11.93 ,Completed,PayPal,11.93
ORD103688,2024-08-03,CUST1441,Fajar Hidayat,East,Books,Cookbook,1,11.93 ,Completed,PayPal,11.93
ORD103755,2023-08-02,CUST1261,Robert Taylor,East,Books,Children's Book,5,11.93 ,Returned,PayPal,59.65
ORD102855,2023-03-16,CUST1527,Rina Anderson,Midwest,Sports & Outdoors,Camping Tent,1,11.95 ,Completed,Credit Card,11.95
ORD102909,2023-06-03,CUST1525,Michael Anderson,East,Toys,RC Car,2,11.97 ,Completed,Gift Card,23.94
ORD101885,2023-11-30,CUST1401,Nina Taylor,Midwest,Sports & Outdoors,Resistance Bands,2,11.98 ,Completed,Debit Card,23.96
ORD103857,2024-05-13,CUST1700,Robert Smith,East,Home & Kitchen,Blender,1,12.01 ,Completed,Gift Card,12.01
ORD101486,2023-08-28,CUST1504,Rina Sari,East,Home & Kitchen,Throw Pillow,1,12.02 ,Completed,Gift Card,12.02
ORD103839,2023-05-08,CUST1893,John Wijaya,East,Toys,Action Figure,5,12.04 ,Completed,Debit Card,60.20
ORD102295,2024-07-14,CUST1596,Ayu Garcia,East,Beauty,Lip Balm,2,12.07 ,Completed,Debit Card,24.14
ORD103512,2024-04-29,CUST1079,Siti Sari,East,Beauty,Lip Balm,2,12.08 ,Completed,Credit Card,24.16
ORD101883,2023-01-17,CUST1603,Sarah Anderson,Midwest,Books,Business Strategy Book,1,12.09 ,Completed,Unknown,12.09
ORD102710,2023-01-18,CUST1327,Rina Lee,East,Toys,Building Blocks,2,12.10 ,Completed,Gift Card,24.20
ORD100783,2024-10-12,CUST1745,Ahmad Halim,East,Beauty,Sunscreen SPF50,2,12.11 ,Completed,Gift Card,24.22
ORD102211,2023-01-12,CUST1728,Siti Santos,East,Beauty,Moisturizer,1,12.11 ,Cancelled,PayPal,12.11
ORD101546,2024-05-29,CUST1662,Siti Lee,Midwest,Books,Children's Book,2,12.12 ,Completed,Credit Card,24.24
ORD101023,2024-05-07,CUST1124,Unknown Customer,East,Books,Business Strategy Book,1,12.13 ,Completed,Unknown,12.13
ORD103705,2023-12-21,CUST1430,Maria Garcia,Midwest,Books,Business Strategy Book,2,12.16 ,Cancelled,PayPal,24.32
ORD102062,2023-09-27,CUST1712,David Nugroho,East,Clothing,Running Shorts,5,12.16 ,Completed,PayPal,60.80
ORD100303,2023-04-20,CUST1588,David Anderson,East,Clothing,Winter Jacket,1,12.17 ,Completed,Credit Card,12.17
ORD102871,2024-07-02,CUST1126,Ahmad Garcia,East,Sports & Outdoors,Camping Tent,1,12.17 ,Completed,Debit Card,12.17
ORD102522,2023-07-18,CUST1501,Unknown Customer,East,Sports & Outdoors,Water Bottle,1,12.18 ,Cancelled,Debit Card,12.18
ORD102992,2024-04-20,CUST1240,Linda Chen,East,Sports & Outdoors,Camping Tent,1,12.20 ,Completed,Debit Card,12.20
ORD102485,2023-10-15,CUST1827,Putri Garcia,East,Toys,Building Blocks,1,12.21 ,Completed,Credit Card,12.21
ORD100855,2023-06-26,CUST1560,Fajar Hidayat,East,Beauty,Face Mask Set,1,12.22 ,Cancelled,Credit Card,12.22
ORD103189,2024-03-31,CUST1293,Robert Yusuf,South,Sports & Outdoors,Camping Tent,1,12.22 ,Completed,Gift Card,12.22
ORD100994,2023-12-06,CUST1041,Unknown Customer,East,Toys,Board Game,1,12.23 ,Completed,PayPal,12.23
ORD102113,2023-07-19,CUST1417,Andi Hidayat,East,Books,Business Strategy Book,1,12.24 ,Completed,PayPal,12.24
ORD103382,2023-12-04,CUST1235,Nina Halim,East,Toys,Puzzle 1000pc,2,12.24 ,Completed,PayPal,24.48
ORD101017,2023-11-19,CUST1485,Dewi Smith,East,Toys,Board Game,3,12.24 ,Cancelled,Unknown,36.72
ORD102406,2024-04-02,CUST1205,David Johnson,East,Toys,Board Game,2,12.26 ,Completed,PayPal,24.52
ORD100912,2024-11-21,CUST1352,Lisa Taylor,East,Beauty,Moisturizer,4,12.27 ,Completed,Gift Card,49.08
ORD103095,2024-05-08,CUST1323,James Garcia,Midwest,Books,Business Strategy Book,1,12.28 ,Returned,Gift Card,12.28
ORD101321,2024-01-12,CUST1607,Fajar Kurniawan,East,Sports & Outdoors,Jump Rope,1,12.29 ,Completed,PayPal,12.29
ORD103637,2024-01-25,CUST1772,Ahmad Hidayat,East,Beauty,Moisturizer,1,12.30 ,Completed,Gift Card,12.30
ORD101907,2023-02-03,CUST1068,Linda Nugroho,East,Clothing,Cotton T-Shirt,2,12.32 ,Completed,Debit Card,24.64
ORD103177,2024-04-24,CUST1313,David Wilson,East,Clothing,Baseball Cap,1,12.33 ,Cancelled,PayPal,12.33
ORD101025,2024-06-08,CUST1348,Putri Nugroho,East,Toys,Board Game,1,12.36 ,Completed,Gift Card,12.36
ORD102684,2023-04-29,CUST1234,Nina Salim,East,Toys,RC Car,1,12.37 ,Completed,PayPal,12.37
ORD100327,2024-05-24,CUST1745,Ahmad Halim,East,Home & Kitchen,Throw Pillow,2,12.41 ,Completed,Credit Card,24.82
ORD103554,2023-07-19,CUST1217,Michael Santos,East,Beauty,Face Mask Set,2,12.42 ,Completed,Debit Card,24.84
ORD100439,2023-09-12,CUST1750,Nina Brown,South,Toys,Building Blocks,3,12.42 ,Completed,Credit Card,37.26
ORD100968,2023-04-04,CUST1804,Nina Wilson,East,Books,Cookbook,3,12.43 ,Completed,Debit Card,37.29
ORD101371,2023-03-18,CUST1551,Linda Smith,East,Books,Fiction Novel,1,12.48 ,Completed,Gift Card,12.48
ORD101292,2024-11-28,CUST1225,Siti Wilson,Midwest,Beauty,Lip Balm,1,12.49 ,Returned,Credit Card,12.49
ORD102280,2023-12-05,CUST1005,Dewi Wijaya,East,Books,Business Strategy Book,2,12.49 ,Cancelled,Gift Card,24.98
ORD101264,2023-06-05,CUST1423,David Smith,East,Books,Self-Help Guide,2,12.53 ,Cancelled,Credit Card,25.06
ORD102010,2024-07-01,CUST1235,Nina Halim,East,Toys,Board Game,4,12.56 ,Returned,Debit Card,50.24
ORD103432,2024-02-15,CUST1741,Siti Wilson,East,Beauty,Sunscreen SPF50,1,12.59 ,Completed,Debit Card,12.59
ORD103337,2023-10-31,CUST1799,Robert Hidayat,Midwest,Beauty,Lip Balm,1,12.66 ,Completed,PayPal,12.66
ORD101359,2024-10-15,CUST1397,Maria Anderson,East,Clothing,Winter Jacket,1,12.71 ,Completed,PayPal,12.71
ORD103587,2023-01-07,CUST1048,Andi Kurniawan,East,Toys,RC Car,1,12.71 ,Completed,Gift Card,12.71
ORD101457,2023-04-02,CUST1130,Maria Johnson,East,Books,Children's Book,1,12.72 ,Completed,Debit Card,12.72
ORD100475,2023-03-04,CUST1097,Fajar Anderson,East,Beauty,Lip Balm,1,12.73 ,Returned,Gift Card,12.73
ORD102087,2023-08-25,CUST1641,Rina Nugroho,Midwest,Books,Fiction Novel,1,12.73 ,Completed,PayPal,12.73
ORD103351,2023-01-28,CUST1236,Michael Wilson,East,Beauty,Shampoo,2,12.74 ,Completed,PayPal,25.48
ORD100038,2024-04-09,CUST1597,Ahmad Nugroho,South,Sports & Outdoors,Yoga Mat,2,12.75 ,Completed,Gift Card,25.50
ORD100043,2023-08-28,CUST1250,Linda Smith,East,Beauty,Moisturizer,3,12.75 ,Completed,Credit Card,38.25
ORD100744,2024-04-26,CUST1010,Budi Anderson,East,Home & Kitchen,Cutting Board,4,12.77 ,Completed,Credit Card,51.08
ORD100879,2023-01-05,CUST1390,Ayu Hidayat,East,Clothing,Wool Socks,2,12.80 ,Returned,Debit Card,25.60
ORD103773,2024-04-09,CUST1042,Sarah Wijaya,East,Beauty,Sunscreen SPF50,1,12.82 ,Cancelled,Credit Card,12.82
ORD102115,2023-02-17,CUST1414,Ayu Chen,East,Clothing,Hoodie,4,12.85 ,Completed,Credit Card,51.40
ORD103094,2024-08-05,CUST1689,Siti Tan,East,Clothing,Winter Jacket,2,12.86 ,Completed,PayPal,25.72
ORD101971,2024-01-27,CUST1704,Dewi Nugroho,East,Books,Self-Help Guide,1,12.89 ,Returned,PayPal,12.89
ORD101627,2024-04-06,CUST1513,Robert Kurniawan,East,Books,Cookbook,1,12.89 ,Completed,Gift Card,12.89
ORD100229,2024-10-08,CUST1889,James Sari,Midwest,Clothing,Wool Socks,2,12.94 ,Completed,Gift Card,25.88
ORD101567,2024-08-22,CUST1390,Ayu Hidayat,East,Sports & Outdoors,Camping Tent,2,12.94 ,Completed,Debit Card,25.88
ORD101157,2023-06-03,CUST1676,Lisa Wijaya,Midwest,Clothing,Running Shorts,1,12.96 ,Completed,Debit Card,12.96
ORD102277,2023-10-08,CUST1460,Rina Sari,East,Sports & Outdoors,Yoga Mat,1,12.96 ,Completed,Debit Card,12.96
ORD101534,2024-09-30,CUST1213,Michael Tan,East,Toys,RC Car,2,12.96 ,Pending,Debit Card,25.92
ORD101630,2024-07-10,CUST1157,Robert Kurniawan,East,Clothing,Running Shorts,1,12.97 ,Completed,PayPal,12.97
ORD102564,2023-06-25,CUST1042,Sarah Wijaya,East,Beauty,Face Mask Set,1,12.98 ,Cancelled,Debit Card,12.98
ORD102222,2024-12-12,CUST1246,Ayu Brown,East,Books,Fiction Novel,1,13.00 ,Completed,Debit Card,13.00
ORD101444,2024-01-03,CUST1204,Dewi Garcia,West,Beauty,Lip Balm,1,13.03 ,Returned,Credit Card,13.03
ORD101236,2024-06-01,CUST1381,Putri Nugroho,East,Sports & Outdoors,Yoga Mat,1,13.05 ,Completed,PayPal,13.05
ORD100161,2023-02-16,CUST1693,Lisa Santos,East,Home & Kitchen,Cutting Board,2,13.06 ,Completed,PayPal,26.12
ORD101555,2023-12-18,CUST1385,Michael Lee,East,Beauty,Face Mask Set,3,13.08 ,Cancelled,Credit Card,39.24
ORD102301,2024-06-21,CUST1098,Sarah Yusuf,South,Sports & Outdoors,Resistance Bands,2,13.09 ,Pending,Gift Card,26.18
ORD100612,2024-04-10,CUST1816,John Kurniawan,East,Toys,Building Blocks,1,13.11 ,Completed,Debit Card,13.11
ORD102290,2024-01-30,CUST1074,John Sari,Midwest,Sports & Outdoors,Camping Tent,1,13.12 ,Completed,Gift Card,13.12
ORD101232,2024-10-08,CUST1135,Rina Kurniawan,Midwest,Sports & Outdoors,Jump Rope,1,13.13 ,Completed,PayPal,13.13
ORD100396,2024-10-24,CUST1317,David Halim,South,Sports & Outdoors,Camping Tent,1,13.17 ,Returned,PayPal,13.17
ORD100065,2023-11-03,CUST1064,James Lee,East,Clothing,Running Shorts,4,13.17 ,Completed,Credit Card,52.68
ORD102698,2023-06-11,CUST1649,Rina Wilson,East,Beauty,Shampoo,1,13.18 ,Completed,Gift Card,13.18
ORD102484,2024-06-02,CUST1651,Rina Nugroho,East,Toys,Puzzle 1000pc,2,13.20 ,Completed,Credit Card,26.40
ORD101062,2023-06-03,CUST1551,Linda Smith,East,Beauty,Face Mask Set,1,13.25 ,Pending,Debit Card,13.25
ORD103853,2024-03-24,CUST1216,Robert Anderson,East,Beauty,Face Mask Set,2,13.26 ,Completed,PayPal,26.52
ORD103062,2023-07-25,CUST1553,Fajar Hidayat,East,Beauty,Moisturizer,1,13.32 ,Completed,Debit Card,13.32
ORD102395,2023-12-04,CUST1507,Andi Brown,East,Books,Cookbook,1,13.34 ,Completed,Gift Card,13.34
ORD102149,2023-06-09,CUST1019,Siti Sari,Midwest,Beauty,Lip Balm,1,13.35 ,Completed,Debit Card,13.35
ORD101787,2024-09-04,CUST1685,Budi Kurniawan,South,Home & Kitchen,Throw Pillow,2,13.37 ,Completed,PayPal,26.74
ORD103630,2023-02-21,CUST1830,Unknown Customer,East,Books,Business Strategy Book,1,13.38 ,Completed,Credit Card,13.38
ORD102325,2024-02-16,CUST1226,Fajar Pratama,East,Sports & Outdoors,Camping Tent,1,13.39 ,Completed,Gift Card,13.39
ORD102299,2023-09-22,CUST1853,Robert Smith,East,Home & Kitchen,Storage Containers,1,13.42 ,Completed,Debit Card,13.42
ORD102678,2023-12-22,CUST1087,Linda Tan,East,Books,Children's Book,1,13.43 ,Completed,Credit Card,13.43
ORD103128,2024-05-12,CUST1268,Sarah Lee,East,Books,Cookbook,3,13.45 ,Completed,Gift Card,40.35
ORD101347,2024-09-04,CUST1634,James Sari,East,Books,Self-Help Guide,1,13.46 ,Completed,Credit Card,13.46
ORD102642,2023-11-28,CUST1863,David Pratama,East,Home & Kitchen,LED Desk Lamp,1,13.48 ,Completed,Gift Card,13.48
ORD103487,2024-05-14,CUST1898,Ahmad Nugroho,Midwest,Sports & Outdoors,Hiking Backpack,1,13.48 ,Completed,Debit Card,13.48
ORD103620,2023-09-15,CUST1766,Michael Kurniawan,East,Toys,Board Game,1,13.49 ,Cancelled,PayPal,13.49
ORD101560,2023-05-16,CUST1175,Lisa Kurniawan,East,Toys,Board Game,1,13.50 ,Completed,Credit Card,13.50
ORD100075,2024-08-29,CUST1029,Nina Smith,Midwest,Beauty,Sunscreen SPF50,1,13.50 ,Completed,Credit Card,13.50
ORD100237,2024-10-26,CUST1245,Dewi Yusuf,Midwest,Books,Business Strategy Book,2,13.51 ,Completed,Debit Card,27.02
ORD102022,2024-08-31,CUST1853,Robert Smith,East,Clothing,Denim Jeans,1,13.53 ,Completed,Credit Card,13.53
ORD100498,2024-12-06,CUST1095,Sarah Smith,East,Clothing,Cotton T-Shirt,1,13.54 ,Completed,Credit Card,13.54
ORD102872,2023-04-13,CUST1364,Unknown Customer,East,Sports & Outdoors,Water Bottle,1,13.56 ,Completed,Debit Card,13.56
ORD100841,2023-12-29,CUST1145,Linda Smith,East,Toys,Puzzle 1000pc,2,13.57 ,Completed,Unknown,27.14
ORD102163,2024-06-30,CUST1815,Budi Garcia,Midwest,Toys,Board Game,3,13.58 ,Completed,Gift Card,40.74
ORD101621,2024-01-16,CUST1171,Unknown Customer,East,Sports & Outdoors,Camping Tent,1,13.59 ,Completed,Credit Card,13.59
ORD103448,2024-08-12,CUST1616,Putri Wijaya,Midwest,Beauty,Lip Balm,5,13.62 ,Completed,PayPal,68.10
ORD101528,2024-09-21,CUST1291,Dewi Wijaya,East,Beauty,Moisturizer,1,13.64 ,Completed,Credit Card,13.64
ORD103214,2024-01-03,CUST1482,Sarah Johnson,East,Toys,RC Car,1,13.66 ,Returned,Credit Card,13.66
ORD100920,2023-10-15,CUST1334,Fajar Santos,East,Beauty,Shampoo,1,13.69 ,Completed,Debit Card,13.69
ORD103140,2023-10-04,CUST1865,Ayu Salim,East,Clothing,Baseball Cap,1,13.69 ,Completed,Debit Card,13.69
ORD102657,2023-10-26,CUST1755,Budi Sari,East,Toys,Puzzle 1000pc,1,13.71 ,Completed,Debit Card,13.71
ORD102805,2023-05-23,CUST1829,Nina Nugroho,Midwest,Clothing,Running Shorts,1,13.72 ,Completed,PayPal,13.72
ORD103650,2023-12-11,CUST1576,Linda Pratama,East,Books,Business Strategy Book,1,13.73 ,Completed,Gift Card,13.73
ORD103239,2024-06-29,CUST1543,Ayu Wilson,East,Books,Cookbook,2,13.74 ,Completed,Credit Card,27.48
ORD103566,2024-01-10,CUST1878,Ayu Sari,East,Beauty,Face Mask Set,2,13.76 ,Completed,PayPal,27.52
ORD103873,2023-05-26,CUST1845,David Nugroho,West,Toys,Action Figure,1,13.78 ,Completed,Debit Card,13.78
ORD103371,2024-03-24,CUST1448,Maria Halim,East,Books,Children's Book,5,13.78 ,Completed,Gift Card,68.90
ORD102720,2024-09-15,CUST1664,Dewi Nugroho,Midwest,Home & Kitchen,Coffee Maker,2,13.79 ,Completed,PayPal,27.58
ORD101809,2024-01-29,CUST1417,Andi Hidayat,East,Books,Cookbook,5,13.80 ,Completed,Credit Card,69.00
ORD103161,2024-12-20,CUST1226,Fajar Pratama,East,Books,Fiction Novel,1,13.82 ,Completed,Unknown,13.82
ORD103328,2024-09-10,CUST1052,Fajar Halim,East,Toys,RC Car,2,13.82 ,Completed,Credit Card,27.64
ORD103491,2023-10-10,CUST1792,Linda Sari,Midwest,Books,Business Strategy Book,1,13.83 ,Completed,PayPal,13.83
ORD103338,2023-10-12,CUST1213,Michael Tan,East,Clothing,Wool Socks,1,13.85 ,Completed,Gift Card,13.85
ORD103841,2023-05-19,CUST1175,Lisa Kurniawan,East,Toys,Board Game,1,13.85 ,Completed,Debit Card,13.85
ORD100196,2023-07-02,CUST1031,Robert Tan,East,Toys,Action Figure,1,13.87 ,Completed,Gift Card,13.87
ORD100180,2024-06-10,CUST1181,Maria Smith,Midwest,Beauty,Moisturizer,1,13.87 ,Completed,Credit Card,13.87
ORD102298,2023-05-15,CUST1011,Dewi Garcia,East,Books,Self-Help Guide,2,13.89 ,Completed,Gift Card,27.78
ORD101754,2023-03-07,CUST1188,James Lee,East,Sports & Outdoors,Camping Tent,1,13.92 ,Completed,Gift Card,13.92
ORD101067,2023-09-05,CUST1632,Unknown Customer,East,Home & Kitchen,Throw Pillow,2,13.95 ,Completed,Debit Card,27.90
ORD102103,2023-08-17,CUST1258,Ayu Smith,East,Beauty,Sunscreen SPF50,1,13.96 ,Pending,PayPal,13.96
ORD100047,2024-01-15,CUST1208,Sarah Pratama,East,Home & Kitchen,LED Desk Lamp,1,13.97 ,Completed,PayPal,13.97
ORD100479,2024-08-20,CUST1319,Rina Santos,East,Books,Children's Book,1,13.97 ,Cancelled,PayPal,13.97
ORD101002,2024-03-05,CUST1555,Andi Hidayat,Midwest,Books,Self-Help Guide,2,13.97 ,Completed,Debit Card,27.94
ORD102387,2023-10-18,CUST1064,James Lee,East,Books,Business Strategy Book,2,14.00 ,Returned,Gift Card,28.00
ORD101938,2023-05-04,CUST1700,Robert Smith,East,Clothing,Running Shorts,1,14.06 ,Cancelled,Credit Card,14.06
ORD101369,2024-11-20,CUST1205,David Johnson,East,Clothing,Wool Socks,1,14.07 ,Completed,PayPal,14.07
ORD102573,2023-10-22,CUST1758,John Tan,Midwest,Books,Business Strategy Book,2,14.07 ,Completed,Gift Card,28.14
ORD102950,2023-03-29,CUST1432,Andi Smith,East,Beauty,Moisturizer,1,14.08 ,Completed,Credit Card,14.08
ORD103550,2023-07-21,CUST1675,Putri Kurniawan,East,Toys,Building Blocks,3,14.08 ,Completed,Credit Card,42.24
ORD102635,2023-03-10,CUST1172,Nina Lee,East,Home & Kitchen,Non-Stick Pan,1,14.11 ,Completed,Credit Card,14.11
ORD100022,2024-01-05,CUST1344,Ahmad Salim,South,Books,Business Strategy Book,1,14.12 ,Completed,Debit Card,14.12
ORD103549,2024-05-03,CUST1232,Michael Chen,East,Books,Children's Book,2,14.14 ,Completed,Debit Card,28.28
ORD103671,2024-05-29,CUST1352,Lisa Taylor,East,Clothing,Hoodie,1,14.17 ,Completed,PayPal,14.17
ORD102177,2023-04-15,CUST1258,Ayu Smith,East,Books,Fiction Novel,1,14.21 ,Completed,PayPal,14.21
ORD101502,2024-08-20,CUST1350,Linda Salim,East,Beauty,Moisturizer,1,14.22 ,Completed,PayPal,14.22
ORD102643,2024-08-11,CUST1029,Nina Smith,Midwest,Home & Kitchen,Blender,5,14.22 ,Completed,PayPal,71.10
ORD103066,2024-11-10,CUST1351,David Chen,Midwest,Beauty,Shampoo,2,14.24 ,Cancelled,PayPal,28.48
ORD100894,2023-07-24,CUST1852,Putri Garcia,East,Toys,Action Figure,4,14.30 ,Completed,PayPal,57.20
ORD100462,2024-07-22,CUST1382,David Hidayat,East,Books,Cookbook,1,14.33 ,Completed,Credit Card,14.33
ORD100743,2024-04-18,CUST1380,Unknown Customer,Midwest,Books,Business Strategy Book,2,14.33 ,Completed,Debit Card,28.66
ORD102806,2024-10-12,CUST1210,Nina Garcia,East,Books,Business Strategy Book,2,14.35 ,Pending,Credit Card,28.70
ORD103409,2023-06-12,CUST1184,Michael Kurniawan,East,Beauty,Sunscreen SPF50,1,14.36 ,Completed,PayPal,14.36
ORD102554,2024-11-26,CUST1041,Michael Wijaya,East,Sports & Outdoors,Hiking Backpack,4,14.39 ,Completed,Gift Card,57.56
ORD102059,2024-05-12,CUST1499,David Santos,East,Books,Business Strategy Book,1,14.41 ,Completed,Credit Card,14.41
ORD103745,2024-08-09,CUST1661,Ayu Halim,South,Beauty,Face Mask Set,1,14.41 ,Completed,PayPal,14.41
ORD101219,2023-11-19,CUST1526,Robert Brown,East,Toys,Puzzle 1000pc,1,14.43 ,Completed,PayPal,14.43
ORD103858,2023-05-01,CUST1395,Lisa Kurniawan,South,Books,Business Strategy Book,1,14.43 ,Cancelled,Credit Card,14.43
ORD103268,2023-09-19,CUST1464,Dewi Taylor,East,Books,Business Strategy Book,2,14.44 ,Completed,Credit Card,28.88
ORD100503,2023-09-03,CUST1715,Dewi Tan,East,Books,Fiction Novel,3,14.49 ,Cancelled,PayPal,43.47
ORD103093,2024-02-03,CUST1195,Putri Wijaya,Midwest,Books,Business Strategy Book,1,14.50 ,Completed,Credit Card,14.50
ORD100419,2024-11-02,CUST1275,Andi Johnson,East,Books,Fiction Novel,1,14.52 ,Completed,Gift Card,14.52
ORD100623,2023-12-23,CUST1713,Dewi Taylor,East,Books,Cookbook,1,14.54 ,Completed,PayPal,14.54
ORD101291,2023-06-11,CUST1666,Unknown Customer,Midwest,Books,Business Strategy Book,1,14.54 ,Returned,Credit Card,14.54
ORD101272,2023-05-19,CUST1218,Siti Tan,Midwest,Books,Self-Help Guide,1,14.55 ,Completed,PayPal,14.55
ORD103698,2024-06-14,CUST1029,Nina Smith,Midwest,Clothing,Running Shorts,4,14.55 ,Completed,Credit Card,58.20
ORD101700,2023-05-06,CUST1281,Ahmad Hidayat,East,Books,Cookbook,4,14.57 ,Pending,Gift Card,58.28
ORD102801,2023-05-11,CUST1723,Ayu Wijaya,East,Books,Self-Help Guide,1,14.62 ,Cancelled,Credit Card,14.62
ORD102729,2023-07-15,CUST1162,Siti Smith,East,Books,Cookbook,1,14.64 ,Completed,Debit Card,14.64
ORD101641,2024-04-27,CUST1041,Michael Wijaya,East,Clothing,Cotton T-Shirt,2,14.65 ,Completed,Gift Card,29.30
ORD103401,2023-09-13,CUST1091,Nina Wilson,East,Toys,Building Blocks,1,14.66 ,Completed,Credit Card,14.66
ORD103935,2023-10-02,CUST1579,Kevin Tan,East,Books,Business Strategy Book,1,14.66 ,Completed,Debit Card,14.66
ORD101728,2023-08-16,CUST1568,Budi Chen,East,Books,Cookbook,1,14.67 ,Completed,Gift Card,14.67
ORD102083,2023-01-16,CUST1402,Rina Nugroho,East,Home & Kitchen,Cutting Board,1,14.68 ,Completed,Debit Card,14.68
ORD100681,2023-05-13,CUST1385,Michael Lee,East,Sports & Outdoors,Hiking Backpack,1,14.69 ,Completed,Debit Card,14.69
ORD101639,2023-12-11,CUST1655,John Tan,East,Beauty,Shampoo,2,14.70 ,Completed,Credit Card,29.40
ORD100175,2024-12-28,CUST1214,Ahmad Tan,East,Books,Self-Help Guide,1,14.72 ,Completed,PayPal,14.72
ORD101877,2024-02-24,CUST1689,Siti Tan,East,Clothing,Winter Jacket,1,14.73 ,Completed,Debit Card,14.73
ORD101541,2024-02-29,CUST1667,Robert Halim,Midwest,Toys,RC Car,1,14.74 ,Cancelled,PayPal,14.74
ORD101811,2023-11-09,CUST1334,Fajar Santos,East,Sports & Outdoors,Jump Rope,1,14.75 ,Completed,Debit Card,14.75
ORD103282,2023-04-13,CUST1684,Fajar Salim,East,Beauty,Shampoo,1,14.75 ,Completed,Credit Card,14.75
ORD100686,2023-08-01,CUST1745,Ahmad Halim,East,Beauty,Sunscreen SPF50,2,14.78 ,Completed,Gift Card,29.56
ORD100625,2024-01-26,CUST1382,David Hidayat,East,Clothing,Winter Jacket,1,14.79 ,Completed,Gift Card,14.79
ORD103092,2024-05-17,CUST1003,Siti Anderson,East,Toys,Board Game,4,14.81 ,Completed,PayPal,59.24
ORD102660,2024-12-13,CUST1213,Michael Tan,East,Home & Kitchen,Storage Containers,2,14.82 ,Completed,Debit Card,29.64
ORD101789,2023-08-01,CUST1290,Lisa Nugroho,East,Beauty,Shampoo,1,14.84 ,Completed,Gift Card,14.84
ORD100835,2023-09-14,CUST1289,Dewi Brown,East,Books,Fiction Novel,1,14.84 ,Completed,Debit Card,14.84
ORD103731,2024-12-30,CUST1382,David Hidayat,East,Sports & Outdoors,Camping Tent,2,14.84 ,Pending,Gift Card,29.68
ORD102831,2024-07-27,CUST1211,Sarah Santos,East,Home & Kitchen,LED Desk Lamp,1,14.88 ,Completed,Credit Card,14.88
ORD101588,2024-10-05,CUST1244,Nina Pratama,East,Books,Self-Help Guide,1,14.99 ,Pending,Credit Card,14.99
ORD100137,2023-10-03,CUST1339,Siti Hidayat,East,Beauty,Shampoo,5,15.00 ,Cancelled,Credit Card,75.00
ORD100147,2024-12-31,CUST1036,Ayu Johnson,East,Books,Business Strategy Book,1,15.01 ,Completed,Gift Card,15.01
ORD102856,2024-08-31,CUST1684,Fajar Salim,East,Books,Cookbook,5,15.01 ,Completed,Credit Card,75.05
ORD103496,2023-01-21,CUST1655,John Tan,East,Home & Kitchen,Blender,2,15.04 ,Completed,PayPal,30.08
ORD100750,2024-03-23,CUST1219,Linda Yusuf,East,Clothing,Wool Socks,1,15.05 ,Completed,Gift Card,15.05
ORD103665,2024-03-04,CUST1174,Siti Lee,East,Home & Kitchen,Non-Stick Pan,1,15.05 ,Completed,Debit Card,15.05
ORD103312,2023-12-12,CUST1123,Andi Anderson,East,Sports & Outdoors,Jump Rope,1,15.05 ,Completed,Debit Card,15.05
ORD100957,2023-06-01,CUST1078,Rina Santos,East,Clothing,Running Shorts,1,15.06 ,Completed,PayPal,15.06
ORD103852,2023-11-29,CUST1188,James Lee,East,Books,Cookbook,2,15.06 ,Completed,Debit Card,30.12
ORD102956,2024-03-30,CUST1572,Maria Yusuf,East,Toys,Puzzle 1000pc,1,15.07 ,Completed,Gift Card,15.07
ORD101077,2023-02-12,CUST1035,David Smith,East,Beauty,Moisturizer,2,15.09 ,Pending,Credit Card,30.18
ORD100555,2023-10-12,CUST1220,David Wijaya,Midwest,Clothing,Winter Jacket,1,15.09 ,Completed,Gift Card,15.09
ORD100975,2024-11-07,CUST1098,Sarah Yusuf,South,Beauty,Lip Balm,1,15.11 ,Completed,Credit Card,15.11
ORD102244,2024-05-23,CUST1528,Maria Chen,East,Books,Self-Help Guide,1,15.12 ,Pending,Gift Card,15.12
ORD103005,2024-09-23,CUST1499,David Santos,East,Sports & Outdoors,Resistance Bands,1,15.13 ,Completed,Debit Card,15.13
ORD102577,2023-05-31,CUST1827,Putri Garcia,East,Toys,Board Game,2,15.14 ,Completed,Credit Card,30.28
ORD101409,2023-09-12,CUST1124,Siti Wijaya,East,Books,Cookbook,2,15.14 ,Returned,PayPal,30.28
ORD102001,2024-06-28,CUST1271,Lisa Chen,East,Home & Kitchen,Storage Containers,1,15.16 ,Completed,Debit Card,15.16
ORD100822,2024-09-30,CUST1021,David Wijaya,East,Sports & Outdoors,Hiking Backpack,1,15.22 ,Cancelled,Credit Card,15.22
ORD102166,2023-05-29,CUST1264,Siti Halim,East,Home & Kitchen,Throw Pillow,1,15.22 ,Pending,Credit Card,15.22
ORD103989,2023-06-18,CUST1696,David Hidayat,East,Books,Business Strategy Book,1,15.22 ,Pending,PayPal,15.22
ORD101601,2024-10-07,CUST1302,Dewi Taylor,Midwest,Beauty,Face Mask Set,1,15.25 ,Completed,PayPal,15.25
ORD102857,2023-02-03,CUST1388,Rina Tan,East,Home & Kitchen,Storage Containers,1,15.26 ,Completed,Credit Card,15.26
ORD102253,2023-05-09,CUST1406,Ahmad Wilson,East,Books,Cookbook,1,15.29 ,Cancelled,Gift Card,15.29
ORD102644,2023-05-01,CUST1223,Michael Halim,East,Books,Self-Help Guide,2,15.32 ,Completed,PayPal,30.64
ORD102426,2023-11-10,CUST1107,Fajar Yusuf,East,Books,Self-Help Guide,2,15.33 ,Completed,Gift Card,30.66
ORD100832,2024-07-06,CUST1035,David Smith,East,Beauty,Shampoo,2,15.34 ,Completed,PayPal,30.68
ORD101745,2023-12-06,CUST1479,Nina Nugroho,East,Sports & Outdoors,Hiking Backpack,5,15.34 ,Completed,Gift Card,76.70
ORD103334,2023-07-26,CUST1241,Fajar Hidayat,East,Toys,RC Car,1,15.37 ,Completed,Debit Card,15.37
ORD103407,2023-11-07,CUST1569,David Kurniawan,East,Sports & Outdoors,Camping Tent,1,15.39 ,Completed,PayPal,15.39
ORD100706,2023-03-04,CUST1450,David Santos,East,Books,Self-Help Guide,1,15.40 ,Returned,Debit Card,15.40
ORD103576,2023-11-07,CUST1001,David Garcia,Midwest,Beauty,Moisturizer,2,15.41 ,Completed,Debit Card,30.82
ORD102340,2024-01-08,CUST1312,Linda Wijaya,Midwest,Clothing,Wool Socks,4,15.42 ,Completed,Gift Card,61.68
ORD101200,2023-11-02,CUST1608,Dewi Lee,East,Beauty,Sunscreen SPF50,2,15.43 ,Completed,Debit Card,30.86
ORD101097,2023-04-05,CUST1149,Sarah Yusuf,Midwest,Toys,Puzzle 1000pc,1,15.44 ,Completed,PayPal,15.44
ORD101629,2024-09-30,CUST1400,James Yusuf,East,Electronics,Laptop Stand,1,15.47 ,Completed,Gift Card,15.47
ORD103229,2024-06-14,CUST1618,Budi Lee,East,Books,Children's Book,2,15.48 ,Completed,Credit Card,30.96
ORD101959,2023-02-12,CUST1569,David Kurniawan,East,Home & Kitchen,LED Desk Lamp,2,15.48 ,Completed,PayPal,30.96
ORD101170,2023-06-10,CUST1341,Fajar Wijaya,East,Clothing,Wool Socks,3,15.48 ,Cancelled,Gift Card,46.44
ORD101170,2023-06-10,CUST1341,Fajar Wijaya,East,Clothing,Wool Socks,3,15.48 ,Cancelled,Gift Card,46.44
ORD100930,2023-02-27,CUST1118,Budi Anderson,East,Toys,RC Car,1,15.50 ,Completed,Credit Card,15.50
ORD100806,2023-04-25,CUST1498,Michael Salim,East,Home & Kitchen,Storage Containers,1,15.51 ,Completed,Gift Card,15.51
ORD100843,2024-06-18,CUST1285,John Kurniawan,Midwest,Electronics,Webcam,4,15.52 ,Pending,Gift Card,62.08
ORD101577,2024-02-16,CUST1128,Rina Taylor,East,Books,Business Strategy Book,3,15.53 ,Completed,Credit Card,46.59
ORD102502,2024-03-24,CUST1691,Dewi Anderson,East,Home & Kitchen,Blender,2,15.55 ,Completed,PayPal,31.10
ORD103973,2024-10-03,CUST1724,James Pratama,East,Books,Children's Book,1,15.58 ,Pending,PayPal,15.58
ORD103480,2023-10-16,CUST1309,Fajar Santos,South,Toys,RC Car,1,15.58 ,Completed,Gift Card,15.58
ORD101643,2024-10-24,CUST1283,Michael Brown,Midwest,Electronics,Webcam,4,15.58 ,Completed,PayPal,62.32
ORD102402,2023-02-14,CUST1761,Ahmad Johnson,East,Toys,Action Figure,1,15.61 ,Completed,PayPal,15.61
ORD103363,2024-05-08,CUST1714,Ayu Nugroho,East,Beauty,Shampoo,1,15.61 ,Completed,Gift Card,15.61
ORD102369,2024-08-23,CUST1454,Fajar Wijaya,East,Toys,Board Game,1,15.61 ,Completed,PayPal,15.61
ORD101788,2024-08-06,CUST1191,Unknown Customer,Midwest,Electronics,Power Bank,2,15.61 ,Completed,Unknown,31.22
ORD103923,2024-11-14,CUST1517,Siti Nugroho,East,Toys,Action Figure,3,15.62 ,Completed,Unknown,46.86
ORD100358,2023-06-01,CUST1210,Nina Garcia,East,Books,Fiction Novel,1,15.63 ,Completed,PayPal,15.63
ORD102774,2024-12-18,CUST1249,Kevin Taylor,East,Beauty,Lip Balm,3,15.66 ,Completed,PayPal,46.98
ORD100852,2024-10-24,CUST1431,Nina Hidayat,East,Toys,Board Game,1,15.67 ,Completed,Gift Card,15.67
ORD102526,2024-07-11,CUST1382,David Hidayat,East,Books,Fiction Novel,1,15.67 ,Completed,Credit Card,15.67
ORD102870,2023-02-04,CUST1196,Unknown Customer,East,Books,Fiction Novel,2,15.67 ,Completed,Debit Card,31.34
ORD101484,2023-01-04,CUST1337,Budi Smith,East,Clothing,Hoodie,2,15.69 ,Completed,Credit Card,31.38
ORD100390,2024-01-08,CUST1783,Ayu Taylor,East,Beauty,Face Mask Set,2,15.69 ,Pending,PayPal,31.38
ORD100084,2024-12-21,CUST1287,John Pratama,Midwest,Books,Business Strategy Book,1,15.70 ,Completed,Debit Card,15.70
ORD101127,2024-06-18,CUST1613,Andi Garcia,East,Sports & Outdoors,Water Bottle,1,15.72 ,Cancelled,Debit Card,15.72
ORD101064,2023-02-15,CUST1041,Michael Wijaya,East,Books,Children's Book,1,15.77 ,Completed,Credit Card,15.77
ORD101746,2024-11-17,CUST1775,Putri Hidayat,East,Home & Kitchen,Non-Stick Pan,1,15.78 ,Completed,Gift Card,15.78
ORD101724,2024-11-14,CUST1104,Sarah Tan,East,Beauty,Moisturizer,1,15.78 ,Completed,Debit Card,15.78
ORD102131,2024-12-03,CUST1860,Rina Nugroho,East,Sports & Outdoors,Camping Tent,1,15.80 ,Completed,PayPal,15.80
ORD100760,2023-04-05,CUST1181,Maria Smith,Midwest,Home & Kitchen,Blender,1,15.80 ,Completed,Debit Card,15.80
ORD103099,2024-09-20,CUST1895,Michael Johnson,East,Beauty,Lip Balm,1,15.81 ,Completed,Debit Card,15.81
ORD103035,2024-07-02,CUST1842,Siti Salim,Midwest,Beauty,Sunscreen SPF50,1,15.83 ,Returned,Debit Card,15.83
ORD100325,2023-12-07,CUST1283,Michael Brown,Midwest,Toys,Building Blocks,1,15.83 ,Pending,Unknown,15.83
ORD100622,2024-04-06,CUST1811,Putri Santos,Midwest,Beauty,Lip Balm,4,15.83 ,Returned,PayPal,63.32
ORD103416,2023-03-31,CUST1152,Dewi Yusuf,Midwest,Books,Self-Help Guide,1,15.85 ,Completed,PayPal,15.85
ORD101465,2023-09-20,CUST1619,Andi Smith,Midwest,Beauty,Face Mask Set,2,15.86 ,Completed,PayPal,31.72
ORD102751,2023-09-21,CUST1629,James Tan,Midwest,Electronics,Wireless Mouse,2,15.88 ,Completed,PayPal,31.76
ORD102718,2023-05-23,CUST1843,Siti Hidayat,East,Books,Business Strategy Book,1,15.89 ,Completed,Credit Card,15.89
ORD103158,2024-05-11,CUST1853,Robert Smith,East,Books,Self-Help Guide,2,15.91 ,Completed,Debit Card,31.82
ORD101084,2023-02-26,CUST1436,Lisa Garcia,East,Toys,Building Blocks,1,15.93 ,Completed,PayPal,15.93
ORD100870,2024-01-29,CUST1172,Nina Lee,East,Electronics,Wireless Earbuds,1,15.96 ,Completed,Debit Card,15.96
ORD101729,2023-08-16,CUST1599,Siti Kurniawan,Midwest,Toys,Building Blocks,1,15.98 ,Cancelled,Gift Card,15.98
ORD103930,2023-12-07,CUST1783,Ayu Taylor,East,Books,Self-Help Guide,1,15.99 ,Completed,Gift Card,15.99
ORD101733,2024-01-02,CUST1306,John Chen,East,Books,Business Strategy Book,1,16.02 ,Completed,Credit Card,16.02
ORD101336,2023-12-13,CUST1572,Maria Yusuf,East,Books,Self-Help Guide,1,16.04 ,Completed,Debit Card,16.04
ORD103406,2024-11-15,CUST1256,James Wijaya,East,Toys,Action Figure,1,16.06 ,Completed,Debit Card,16.06
ORD103157,2023-07-31,CUST1209,Andi Sari,East,Beauty,Face Mask Set,1,16.07 ,Completed,Credit Card,16.07
ORD102981,2024-07-27,CUST1814,Michael Taylor,East,Books,Cookbook,3,16.07 ,Completed,Gift Card,48.21
ORD103984,2024-12-13,CUST1890,Ahmad Sari,East,Sports & Outdoors,Jump Rope,1,16.11 ,Completed,Debit Card,16.11
ORD101112,2023-01-03,CUST1798,Siti Anderson,East,Toys,Puzzle 1000pc,1,16.14 ,Completed,PayPal,16.14
ORD100341,2024-03-31,CUST1496,John Smith,East,Books,Fiction Novel,3,16.18 ,Completed,Debit Card,48.54
ORD103832,2023-12-11,CUST1036,Ayu Johnson,East,Clothing,Hoodie,1,16.19 ,Completed,Debit Card,16.19
ORD101189,2023-05-21,CUST1513,Robert Kurniawan,East,Clothing,Winter Jacket,1,16.20 ,Pending,Gift Card,16.20
ORD100715,2023-12-29,CUST1135,Rina Kurniawan,Midwest,Books,Business Strategy Book,1,16.20 ,Completed,PayPal,16.20
ORD100364,2023-04-01,CUST1888,Putri Tan,East,Books,Self-Help Guide,1,16.21 ,Completed,Debit Card,16.21
ORD101826,2024-06-10,CUST1103,Ahmad Salim,South,Clothing,Baseball Cap,1,16.23 ,Completed,Credit Card,16.23
ORD101897,2024-04-15,CUST1141,Fajar Taylor,East,Books,Self-Help Guide,1,16.24 ,Completed,Credit Card,16.24
ORD100309,2024-01-26,CUST1640,Siti Smith,East,Home & Kitchen,LED Desk Lamp,2,16.26 ,Completed,PayPal,32.52
ORD100567,2023-02-28,CUST1658,Robert Chen,Midwest,Books,Fiction Novel,1,16.27 ,Completed,Unknown,16.27
ORD102804,2024-08-26,CUST1485,Dewi Smith,East,Books,Business Strategy Book,1,16.28 ,Completed,Gift Card,16.28
ORD102825,2023-12-20,CUST1634,James Sari,East,Home & Kitchen,Throw Pillow,1,16.28 ,Completed,Credit Card,16.28
ORD101093,2024-03-03,CUST1484,James Anderson,East,Clothing,Running Shorts,1,16.29 ,Pending,Credit Card,16.29
ORD102231,2024-11-09,CUST1461,Dewi Brown,East,Electronics,USB-C Cable,3,16.29 ,Completed,Gift Card,48.87
ORD100638,2024-05-22,CUST1094,Siti Garcia,East,Home & Kitchen,LED Desk Lamp,2,16.31 ,Completed,Gift Card,32.62
ORD101531,2024-03-09,CUST1233,Michael Lee,East,Sports & Outdoors,Water Bottle,1,16.33 ,Completed,Gift Card,16.33
ORD101804,2023-05-08,CUST1025,Nina Chen,East,Home & Kitchen,Coffee Maker,1,16.34 ,Completed,Credit Card,16.34
ORD103564,2023-09-09,CUST1844,Ahmad Johnson,East,Sports & Outdoors,Water Bottle,1,16.34 ,Completed,Debit Card,16.34
ORD103199,2024-06-07,CUST1533,Andi Johnson,East,Sports & Outdoors,Camping Tent,2,16.35 ,Completed,Credit Card,32.70
ORD101063,2024-05-17,CUST1087,Linda Tan,East,Books,Cookbook,5,16.35 ,Completed,Credit Card,81.75
ORD102216,2023-12-20,CUST1408,Fajar Wijaya,East,Toys,Board Game,3,16.36 ,Completed,Debit Card,49.08
ORD101459,2023-12-07,CUST1392,Nina Garcia,East,Toys,Building Blocks,2,16.37 ,Completed,Debit Card,32.74
ORD103700,2024-10-25,CUST1246,Ayu Brown,East,Toys,Action Figure,1,16.39 ,Completed,Unknown,16.39
ORD103900,2024-09-17,CUST1038,Linda Nugroho,East,Beauty,Sunscreen SPF50,2,16.40 ,Completed,Gift Card,32.80
ORD102110,2023-09-12,CUST1571,Nina Nugroho,East,Sports & Outdoors,Jump Rope,1,16.41 ,Completed,Credit Card,16.41
ORD102221,2024-05-22,CUST1318,David Smith,South,Books,Cookbook,2,16.41 ,Completed,PayPal,32.82
ORD102408,2023-11-30,CUST1428,Andi Chen,East,Toys,Puzzle 1000pc,3,16.42 ,Completed,PayPal,49.26
ORD101384,2024-10-08,CUST1424,Linda Garcia,East,Beauty,Moisturizer,1,16.44 ,Completed,Gift Card,16.44
ORD103608,2024-12-21,CUST1144,Kevin Smith,East,Beauty,Face Mask Set,2,16.46 ,Completed,PayPal,32.92
ORD103070,2024-12-23,CUST1572,Maria Yusuf,East,Home & Kitchen,Non-Stick Pan,2,16.53 ,Completed,PayPal,33.06
ORD101493,2024-09-13,CUST1128,Rina Taylor,East,Clothing,Winter Jacket,2,16.54 ,Completed,Credit Card,33.08
ORD102009,2024-10-27,CUST1415,Sarah Salim,East,Sports & Outdoors,Water Bottle,1,16.55 ,Completed,Credit Card,16.55
ORD100032,2024-05-31,CUST1656,Ayu Yusuf,Midwest,Books,Business Strategy Book,4,16.56 ,Completed,Unknown,66.24
ORD101726,2023-04-15,CUST1553,Fajar Hidayat,East,Electronics,Bluetooth Speaker,3,16.57 ,Completed,Debit Card,49.71
ORD103207,2024-03-01,CUST1714,Ayu Nugroho,East,Sports & Outdoors,Hiking Backpack,3,16.57 ,Completed,PayPal,49.71
ORD103019,2024-08-04,CUST1056,Rina Smith,East,Home & Kitchen,Storage Containers,1,16.59 ,Completed,Debit Card,16.59
ORD102676,2024-01-16,CUST1425,Linda Anderson,East,Clothing,Denim Jeans,1,16.60 ,Returned,PayPal,16.60
ORD103926,2023-04-21,CUST1638,Maria Kurniawan,East,Electronics,Webcam,1,16.62 ,Returned,Debit Card,16.62
ORD101497,2024-04-11,CUST1488,John Taylor,East,Clothing,Baseball Cap,1,16.65 ,Completed,PayPal,16.65
ORD101374,2024-11-18,CUST1166,Ahmad Garcia,East,Home & Kitchen,Blender,1,16.65 ,Completed,Credit Card,16.65
ORD102852,2024-10-23,CUST1398,Nina Kurniawan,East,Sports & Outdoors,Resistance Bands,1,16.70 ,Completed,Debit Card,16.70
ORD100913,2023-11-23,CUST1370,Rina Anderson,East,Beauty,Sunscreen SPF50,1,16.71 ,Completed,Gift Card,16.71
ORD103462,2023-02-03,CUST1193,Dewi Kurniawan,East,Books,Self-Help Guide,1,16.71 ,Pending,PayPal,16.71
ORD102412,2023-02-27,CUST1891,Sarah Lee,East,Toys,Board Game,3,16.71 ,Cancelled,Debit Card,50.13
ORD103893,2024-11-27,CUST1354,Fajar Tan,East,Sports & Outdoors,Jump Rope,1,16.72 ,Completed,Gift Card,16.72
ORD103944,2023-11-04,CUST1190,Lisa Wijaya,Midwest,Toys,RC Car,1,16.73 ,Completed,Gift Card,16.73
ORD101622,2024-02-26,CUST1824,Linda Chen,East,Books,Self-Help Guide,2,16.73 ,Completed,Debit Card,33.46
ORD101543,2024-12-15,CUST1795,Michael Chen,Midwest,Books,Self-Help Guide,1,16.74 ,Completed,Gift Card,16.74
ORD103195,2023-01-07,CUST1206,Siti Wilson,East,Books,Fiction Novel,3,16.75 ,Completed,Credit Card,50.25
ORD103814,2024-03-14,CUST1160,James Nugroho,East,Beauty,Face Mask Set,2,16.76 ,Completed,Gift Card,33.52
ORD101964,2024-09-18,CUST1820,Maria Brown,East,Home & Kitchen,Throw Pillow,1,16.78 ,Completed,Debit Card,16.78
ORD103083,2023-04-16,CUST1492,Sarah Nugroho,Midwest,Clothing,Baseball Cap,5,16.79 ,Completed,Credit Card,83.95
ORD102878,2024-11-02,CUST1356,Ahmad Tan,East,Beauty,Sunscreen SPF50,2,16.80 ,Completed,PayPal,33.60
ORD103410,2023-04-25,CUST1674,Dewi Lee,East,Electronics,Laptop Stand,5,16.81 ,Completed,Gift Card,84.05
ORD101399,2023-08-18,CUST1606,Lisa Halim,East,Toys,Board Game,2,16.83 ,Completed,Gift Card,33.66
ORD103412,2024-10-03,CUST1719,Nina Yusuf,Midwest,Beauty,Moisturizer,3,16.86 ,Completed,PayPal,50.58
ORD103681,2023-06-18,CUST1648,James Wijaya,East,Books,Cookbook,1,16.89 ,Cancelled,Gift Card,16.89
ORD100599,2024-01-06,CUST1539,Sarah Salim,East,Books,Cookbook,1,16.91 ,Completed,Unknown,16.91
ORD103033,2023-02-25,CUST1355,Michael Garcia,East,Books,Children's Book,2,16.91 ,Completed,Debit Card,33.82
ORD103509,2023-06-18,CUST1594,James Chen,East,Clothing,Denim Jeans,2,16.91 ,Completed,Gift Card,33.82
ORD103728,2024-11-17,CUST1876,John Hidayat,East,Beauty,Shampoo,1,16.92 ,Completed,Gift Card,16.92
ORD101185,2023-10-18,CUST1565,Rina Hidayat,East,Beauty,Shampoo,3,16.92 ,Completed,PayPal,50.76
ORD103419,2024-02-06,CUST1870,Dewi Chen,East,Beauty,Lip Balm,2,16.93 ,Cancelled,PayPal,33.86
ORD101387,2023-08-09,CUST1127,Linda Halim,East,Books,Fiction Novel,1,16.97 ,Returned,Debit Card,16.97
ORD102899,2024-04-05,CUST1728,Siti Santos,East,Toys,Puzzle 1000pc,1,17.04 ,Completed,Debit Card,17.04
ORD102921,2024-03-09,CUST1100,Ahmad Wijaya,Midwest,Electronics,Webcam,2,17.06 ,Completed,Debit Card,34.12
ORD100191,2023-07-08,CUST1422,Budi Pratama,East,Beauty,Sunscreen SPF50,1,17.11 ,Completed,Debit Card,17.11
ORD102787,2023-11-22,CUST1596,Ayu Garcia,East,Toys,Action Figure,3,17.12 ,Completed,PayPal,51.36
ORD100230,2024-01-07,CUST1273,Ayu Salim,East,Books,Children's Book,1,17.13 ,Completed,Gift Card,17.13
ORD103964,2023-02-25,CUST1741,Siti Wilson,East,Books,Cookbook,1,17.17 ,Completed,Debit Card,17.17
ORD100305,2023-11-30,CUST1728,Siti Santos,East,Books,Children's Book,5,17.19 ,Completed,Gift Card,85.95
ORD102136,2024-01-05,CUST1075,Linda Anderson,Midwest,Clothing,Running Shorts,1,17.21 ,Completed,Gift Card,17.21
ORD102085,2024-09-28,CUST1129,Budi Wilson,East,Books,Fiction Novel,5,17.22 ,Returned,Gift Card,86.10
ORD102708,2023-03-06,CUST1014,Linda Halim,Midwest,Books,Self-Help Guide,1,17.23 ,Cancelled,Debit Card,17.23
ORD100959,2023-02-04,CUST1650,Dewi Lee,East,Books,Fiction Novel,1,17.24 ,Completed,Gift Card,17.24
ORD102711,2023-06-14,CUST1102,Maria Brown,East,Books,Cookbook,2,17.24 ,Completed,PayPal,34.48
ORD101349,2023-01-02,CUST1266,Kevin Nugroho,East,Books,Children's Book,2,17.30 ,Completed,PayPal,34.60
ORD100289,2023-12-08,CUST1818,Siti Salim,East,Books,Children's Book,4,17.32 ,Completed,PayPal,69.28
ORD102037,2024-09-17,CUST1353,Andi Halim,East,Electronics,Laptop Stand,1,17.33 ,Pending,Credit Card,17.33
ORD103329,2024-12-14,CUST1210,Nina Garcia,East,Beauty,Face Mask Set,1,17.36 ,Returned,PayPal,17.36
ORD100003,2024-09-08,CUST1084,Ahmad Anderson,East,Beauty,Lip Balm,1,17.39 ,Pending,PayPal,17.39
ORD101075,2023-08-16,CUST1263,John Santos,East,Books,Self-Help Guide,1,17.39 ,Completed,Credit Card,17.39
ORD101350,2023-10-05,CUST1860,Rina Nugroho,East,Books,Children's Book,2,17.41 ,Completed,PayPal,34.82
ORD102119,2024-11-27,CUST1507,Unknown Customer,East,Books,Business Strategy Book,1,17.42 ,Completed,Gift Card,17.42
ORD101525,2024-04-02,CUST1361,Rina Brown,East,Beauty,Lip Balm,4,17.42 ,Completed,Gift Card,69.68
ORD103945,2023-04-30,CUST1772,Ahmad Hidayat,East,Beauty,Lip Balm,1,17.43 ,Completed,PayPal,17.43
ORD103378,2023-08-24,CUST1052,Fajar Halim,East,Beauty,Shampoo,2,17.45 ,Completed,Credit Card,34.90
ORD102150,2024-03-28,CUST1256,James Wijaya,East,Sports & Outdoors,Camping Tent,1,17.49 ,Completed,Debit Card,17.49
ORD101164,2023-11-12,CUST1508,Budi Garcia,Midwest,Books,Children's Book,2,17.49 ,Completed,Debit Card,34.98
ORD102783,2024-08-01,CUST1284,Lisa Smith,East,Clothing,Wool Socks,2,17.50 ,Completed,Debit Card,35.00
ORD102548,2023-11-18,CUST1209,Andi Sari,East,Beauty,Shampoo,1,17.51 ,Completed,Credit Card,17.51
ORD102262,2023-01-31,CUST1474,Kevin Sari,East,Books,Cookbook,1,17.53 ,Completed,PayPal,17.53
ORD101304,2024-03-29,CUST1798,Siti Anderson,East,Sports & Outdoors,Camping Tent,1,17.53 ,Completed,PayPal,17.53
ORD102925,2023-11-09,CUST1718,Dewi Lee,East,Toys,Action Figure,2,17.54 ,Pending,Gift Card,35.08
ORD103772,2024-03-17,CUST1445,Kevin Anderson,East,Books,Self-Help Guide,2,17.57 ,Cancelled,PayPal,35.14
ORD101322,2023-12-24,CUST1321,Putri Garcia,Midwest,Books,Self-Help Guide,4,17.57 ,Returned,Gift Card,70.28
ORD102086,2024-03-10,CUST1789,Sarah Nugroho,East,Beauty,Moisturizer,4,17.59 ,Completed,Credit Card,70.36
ORD103202,2023-02-13,CUST1528,Maria Chen,East,Beauty,Shampoo,2,17.60 ,Completed,Unknown,35.20
ORD101753,2023-02-12,CUST1583,Andi Smith,South,Electronics,Laptop Stand,4,17.61 ,Completed,Debit Card,70.44
ORD102360,2023-01-11,CUST1308,Robert Yusuf,East,Sports & Outdoors,Hiking Backpack,1,17.66 ,Completed,Debit Card,17.66
ORD102130,2023-10-11,CUST1073,Ayu Pratama,East,Sports & Outdoors,Camping Tent,1,17.68 ,Completed,Gift Card,17.68
ORD100404,2024-08-03,CUST1503,Andi Anderson,East,Sports & Outdoors,Jump Rope,1,17.69 ,Cancelled,Credit Card,17.69
ORD102847,2023-07-18,CUST1457,David Johnson,East,Books,Business Strategy Book,1,17.70 ,Cancelled,Debit Card,17.70
ORD103380,2023-12-23,CUST1260,Fajar Pratama,East,Beauty,Lip Balm,1,17.71 ,Completed,Credit Card,17.71
ORD102326,2024-08-17,CUST1185,Unknown Customer,Midwest,Toys,Action Figure,1,17.73 ,Cancelled,PayPal,17.73
ORD101362,2024-09-21,CUST1523,Michael Chen,East,Books,Fiction Novel,2,17.74 ,Completed,Gift Card,35.48
ORD101996,2024-10-31,CUST1449,Michael Chen,East,Books,Self-Help Guide,1,17.76 ,Completed,Gift Card,17.76
ORD103028,2023-07-20,CUST1180,Rina Tan,East,Beauty,Face Mask Set,2,17.79 ,Completed,Gift Card,35.58
ORD101480,2023-11-26,CUST1591,Fajar Wilson,East,Toys,RC Car,2,17.81 ,Completed,Credit Card,35.62
ORD102104,2023-10-25,CUST1651,Rina Nugroho,East,Sports & Outdoors,Water Bottle,1,17.82 ,Completed,PayPal,17.82
ORD100977,2023-04-08,CUST1164,Kevin Tan,South,Electronics,Power Bank,1,17.82 ,Completed,Gift Card,17.82
ORD103116,2023-02-06,CUST1514,Rina Wijaya,Midwest,Clothing,Wool Socks,5,17.87 ,Completed,Gift Card,89.35
ORD102929,2023-03-07,CUST1858,Maria Hidayat,East,Sports & Outdoors,Resistance Bands,2,17.88 ,Completed,Debit Card,35.76
ORD102392,2023-10-02,CUST1156,Sarah Tan,East,Beauty,Lip Balm,5,17.89 ,Completed,Gift Card,89.45
ORD101518,2023-11-22,CUST1235,Nina Halim,East,Toys,RC Car,2,17.93 ,Completed,PayPal,35.86
ORD102427,2023-12-29,CUST1114,Maria Lee,South,Books,Cookbook,1,17.94 ,Cancelled,Credit Card,17.94
ORD102743,2023-09-19,CUST1260,Fajar Pratama,East,Sports & Outdoors,Hiking Backpack,1,17.95 ,Completed,Credit Card,17.95
ORD100745,2024-10-13,CUST1479,Nina Nugroho,East,Books,Cookbook,2,17.96 ,Completed,PayPal,35.92
ORD102809,2024-12-18,CUST1074,John Sari,Midwest,Electronics,USB-C Cable,4,17.96 ,Completed,Gift Card,71.84
ORD103618,2023-01-18,CUST1816,John Kurniawan,East,Sports & Outdoors,Resistance Bands,1,18.00 ,Cancelled,PayPal,18.00
ORD103331,2023-11-25,CUST1710,Linda Chen,East,Sports & Outdoors,Hiking Backpack,1,18.02 ,Completed,Unknown,18.02
ORD102513,2023-05-15,CUST1127,Linda Halim,East,Beauty,Lip Balm,1,18.03 ,Completed,PayPal,18.03
ORD102243,2024-01-07,CUST1876,John Hidayat,East,Books,Cookbook,2,18.04 ,Completed,PayPal,36.08
ORD101594,2024-03-30,CUST1884,Kevin Salim,East,Books,Cookbook,3,18.04 ,Completed,Debit Card,54.12
ORD101235,2024-04-05,CUST1144,Kevin Smith,East,Books,Children's Book,1,18.05 ,Completed,Debit Card,18.05
ORD101098,2024-04-05,CUST1278,David Salim,East,Beauty,Moisturizer,5,18.05 ,Completed,Credit Card,90.25
ORD102590,2024-03-17,CUST1401,Nina Taylor,Midwest,Sports & Outdoors,Hiking Backpack,1,18.06 ,Returned,Credit Card,18.06
ORD101654,2023-10-09,CUST1147,Sarah Wilson,East,Sports & Outdoors,Hiking Backpack,1,18.07 ,Returned,Gift Card,18.07
ORD101238,2023-01-06,CUST1181,Unknown Customer,Midwest,Books,Cookbook,2,18.07 ,Completed,Gift Card,36.14
ORD101159,2023-08-08,CUST1358,Andi Yusuf,East,Beauty,Lip Balm,2,18.08 ,Completed,Debit Card,36.16
ORD102983,2024-03-28,CUST1129,Budi Wilson,East,Toys,Action Figure,2,18.08 ,Completed,Gift Card,36.16
ORD100398,2024-07-08,CUST1859,Rina Kurniawan,Midwest,Beauty,Shampoo,2,18.08 ,Completed,Credit Card,36.16
ORD102436,2023-11-20,CUST1738,Fajar Halim,East,Toys,Board Game,1,18.12 ,Completed,Gift Card,18.12
ORD102767,2023-09-22,CUST1868,Nina Lee,Midwest,Books,Business Strategy Book,1,18.14 ,Completed,Credit Card,18.14
ORD103215,2024-12-02,CUST1217,Michael Santos,East,Beauty,Shampoo,1,18.15 ,Returned,Unknown,18.15
ORD100705,2023-08-21,CUST1282,Sarah Tan,East,Home & Kitchen,Throw Pillow,1,18.16 ,Completed,PayPal,18.16
ORD101054,2024-04-30,CUST1442,Andi Lee,East,Clothing,Wool Socks,1,18.18 ,Completed,PayPal,18.18
ORD100950,2023-10-30,CUST1834,Andi Nugroho,East,Clothing,Cotton T-Shirt,2,18.23 ,Completed,PayPal,36.46
ORD102712,2023-05-06,CUST1248,Andi Pratama,East,Books,Cookbook,2,18.23 ,Completed,Debit Card,36.46
ORD102220,2023-10-08,CUST1709,Maria Kurniawan,Midwest,Clothing,Wool Socks,1,18.24 ,Completed,Credit Card,18.24
ORD103897,2023-10-14,CUST1195,Putri Wijaya,Midwest,Toys,Building Blocks,1,18.25 ,Returned,PayPal,18.25
ORD100895,2024-10-18,CUST1581,Rina Hidayat,East,Beauty,Shampoo,4,18.26 ,Completed,PayPal,73.04
ORD102874,2024-04-28,CUST1216,Robert Anderson,East,Home & Kitchen,Cutting Board,1,18.32 ,Completed,Credit Card,18.32
ORD100536,2024-04-01,CUST1089,Dewi Pratama,Midwest,Home & Kitchen,Throw Pillow,1,18.33 ,Returned,Gift Card,18.33
ORD102868,2024-02-02,CUST1798,Siti Anderson,East,Clothing,Winter Jacket,1,18.34 ,Completed,Gift Card,18.34
ORD101427,2023-01-29,CUST1649,Rina Wilson,East,Clothing,Denim Jeans,1,18.37 ,Completed,Gift Card,18.37
ORD100012,2023-12-21,CUST1311,John Nugroho,South,Clothing,Denim Jeans,3,18.37 ,Returned,Debit Card,55.11
ORD102737,2024-06-07,CUST1588,David Anderson,East,Home & Kitchen,Coffee Maker,3,18.39 ,Completed,Gift Card,55.17
ORD102563,2023-07-12,CUST1777,Ayu Chen,East,Electronics,Laptop Stand,1,18.41 ,Completed,Unknown,18.41
ORD100339,2023-02-24,CUST1519,Andi Santos,East,Clothing,Running Shorts,2,18.41 ,Completed,PayPal,36.82
ORD100828,2024-01-05,CUST1822,Ayu Wilson,East,Sports & Outdoors,Camping Tent,1,18.42 ,Returned,Credit Card,18.42
ORD103006,2023-10-16,CUST1886,Robert Taylor,East,Books,Children's Book,1,18.42 ,Completed,Debit Card,18.42
ORD103894,2023-01-19,CUST1841,Putri Anderson,East,Electronics,Smartphone Case,2,18.43 ,Completed,Credit Card,36.86
ORD103865,2024-12-11,CUST1834,Andi Nugroho,East,Home & Kitchen,LED Desk Lamp,2,18.43 ,Completed,PayPal,36.86
ORD100255,2023-10-19,CUST1463,Linda Brown,East,Sports & Outdoors,Camping Tent,1,18.50 ,Completed,PayPal,18.50
ORD102158,2023-02-22,CUST1848,Sarah Nugroho,East,Books,Fiction Novel,1,18.50 ,Completed,Gift Card,18.50
ORD100521,2023-12-08,CUST1384,Siti Pratama,East,Books,Business Strategy Book,1,18.50 ,Completed,Gift Card,18.50
ORD101792,2023-02-28,CUST1146,Ayu Smith,East,Sports & Outdoors,Yoga Mat,1,18.50 ,Cancelled,PayPal,18.50
ORD102404,2024-05-30,CUST1115,Maria Wilson,East,Toys,RC Car,1,18.50 ,Cancelled,Credit Card,18.50
ORD103863,2024-08-05,CUST1560,Fajar Hidayat,East,Books,Self-Help Guide,2,18.50 ,Completed,Credit Card,37.00
ORD102913,2024-07-11,CUST1374,Nina Garcia,Midwest,Beauty,Moisturizer,2,18.52 ,Completed,Gift Card,37.04
ORD101834,2024-08-30,CUST1839,John Tan,East,Books,Cookbook,1,18.54 ,Completed,Gift Card,18.54
ORD102819,2024-12-30,CUST1804,Nina Wilson,East,Books,Cookbook,2,18.54 ,Completed,Gift Card,37.08
ORD101648,2024-11-18,CUST1893,John Wijaya,East,Toys,Action Figure,2,18.54 ,Cancelled,Debit Card,37.08
ORD100198,2024-01-03,CUST1183,Maria Santos,West,Books,Business Strategy Book,1,18.55 ,Completed,Gift Card,18.55
ORD101269,2024-08-25,CUST1216,Robert Anderson,East,Books,Self-Help Guide,2,18.57 ,Cancelled,Gift Card,37.14
ORD102432,2023-09-02,CUST1599,Siti Kurniawan,Midwest,Books,Cookbook,1,18.60 ,Completed,Unknown,18.60
ORD100534,2024-11-25,CUST1648,James Wijaya,East,Home & Kitchen,Throw Pillow,2,18.64 ,Completed,Gift Card,37.28
ORD100290,2024-12-03,CUST1518,Siti Salim,East,Books,Self-Help Guide,1,18.65 ,Completed,Gift Card,18.65
ORD100948,2024-08-13,CUST1382,David Hidayat,East,Books,Children's Book,1,18.65 ,Completed,Gift Card,18.65
ORD103764,2024-01-26,CUST1231,Dewi Smith,Midwest,Toys,RC Car,2,18.65 ,Cancelled,Gift Card,37.30
ORD101508,2024-08-01,CUST1022,Andi Anderson,East,Clothing,Cotton T-Shirt,2,18.67 ,Returned,PayPal,37.34
ORD100107,2024-04-14,CUST1237,Nina Anderson,East,Toys,Action Figure,1,18.73 ,Pending,Credit Card,18.73
ORD101417,2023-05-19,CUST1382,David Hidayat,East,Electronics,Wireless Earbuds,2,18.73 ,Completed,PayPal,37.46
ORD102955,2023-03-11,CUST1632,Linda Lee,East,Toys,Action Figure,1,18.77 ,Completed,PayPal,18.77
ORD101367,2024-02-22,CUST1689,Siti Tan,East,Toys,Puzzle 1000pc,1,18.79 ,Returned,Credit Card,18.79
ORD102338,2024-10-05,CUST1471,James Anderson,East,Beauty,Sunscreen SPF50,3,18.79 ,Pending,Credit Card,56.37
ORD100509,2024-03-07,CUST1383,David Garcia,East,Clothing,Denim Jeans,3,18.82 ,Completed,Credit Card,56.46
ORD101152,2024-10-20,CUST1745,Ahmad Halim,East,Books,Fiction Novel,2,18.86 ,Completed,Debit Card,37.72
ORD103541,2024-06-08,CUST1743,Linda Chen,East,Home & Kitchen,Blender,2,18.96 ,Returned,Debit Card,37.92
ORD102495,2024-06-26,CUST1250,Linda Smith,East,Clothing,Hoodie,2,18.96 ,Completed,Gift Card,37.92
ORD103798,2023-07-19,CUST1314,Michael Pratama,East,Sports & Outdoors,Resistance Bands,1,18.98 ,Completed,PayPal,18.98
ORD100202,2024-08-27,CUST1493,Lisa Kurniawan,East,Beauty,Lip Balm,1,18.99 ,Completed,Gift Card,18.99
ORD100103,2023-09-12,CUST1731,Robert Anderson,South,Beauty,Lip Balm,1,19.01 ,Completed,Debit Card,19.01
ORD101148,2023-06-02,CUST1141,Fajar Taylor,East,Books,Business Strategy Book,1,19.01 ,Completed,Credit Card,19.01
ORD101076,2024-08-30,CUST1126,Ahmad Garcia,East,Books,Fiction Novel,1,19.02 ,Completed,PayPal,19.02
ORD103561,2023-02-23,CUST1051,Lisa Tan,East,Books,Cookbook,1,19.06 ,Completed,Debit Card,19.06
ORD102679,2023-05-17,CUST1833,Putri Yusuf,East,Books,Fiction Novel,1,19.08 ,Completed,Credit Card,19.08
ORD102020,2024-10-18,CUST1781,Andi Yusuf,Midwest,Toys,Puzzle 1000pc,1,19.09 ,Completed,Debit Card,19.09
ORD102314,2023-12-06,CUST1477,Budi Tan,South,Books,Business Strategy Book,2,19.09 ,Completed,PayPal,38.18
ORD101581,2023-08-04,CUST1072,Nina Salim,East,Books,Cookbook,1,19.10 ,Completed,PayPal,19.10
ORD103359,2023-11-03,CUST1837,Dewi Johnson,East,Toys,Building Blocks,2,19.10 ,Completed,Debit Card,38.20
ORD101656,2023-12-04,CUST1824,Linda Chen,East,Beauty,Shampoo,1,19.11 ,Completed,Credit Card,19.11
ORD102247,2023-06-03,CUST1220,David Wijaya,Midwest,Toys,Action Figure,1,19.13 ,Completed,Gift Card,19.13
ORD101299,2023-01-28,CUST1726,John Tan,East,Clothing,Winter Jacket,3,19.13 ,Completed,PayPal,57.39
ORD103693,2023-10-13,CUST1697,Michael Sari,East,Books,Fiction Novel,2,19.15 ,Completed,PayPal,38.30
ORD103036,2023-01-28,CUST1299,Lisa Chen,Midwest,Books,Self-Help Guide,1,19.18 ,Completed,Debit Card,19.18
ORD100375,2023-12-27,CUST1092,Putri Nugroho,East,Clothing,Baseball Cap,1,19.22 ,Completed,PayPal,19.22
ORD102898,2024-02-19,CUST1834,Andi Nugroho,East,Books,Fiction Novel,2,19.23 ,Completed,Gift Card,38.46
ORD103230,2023-10-26,CUST1638,Maria Kurniawan,East,Home & Kitchen,Storage Containers,4,19.23 ,Completed,Debit Card,76.92
ORD102910,2023-02-12,CUST1177,Ayu Pratama,East,Clothing,Winter Jacket,1,19.25 ,Completed,Credit Card,19.25
ORD102566,2023-11-17,CUST1014,Linda Halim,Midwest,Clothing,Cotton T-Shirt,1,19.27 ,Returned,Debit Card,19.27
ORD102895,2024-04-26,CUST1107,Fajar Yusuf,East,Beauty,Shampoo,1,19.27 ,Completed,PayPal,19.27
ORD100264,2023-09-06,CUST1745,Ahmad Halim,East,Toys,Building Blocks,2,19.30 ,Returned,PayPal,38.60
ORD100592,2023-02-27,CUST1314,Unknown Customer,East,Home & Kitchen,Cutting Board,2,19.30 ,Completed,Debit Card,38.60
ORD103631,2023-02-08,CUST1297,Nina Wilson,East,Beauty,Sunscreen SPF50,2,19.31 ,Completed,Credit Card,38.62
ORD100559,2023-04-08,CUST1126,Ahmad Garcia,East,Clothing,Winter Jacket,2,19.31 ,Completed,Debit Card,38.62
ORD103175,2024-03-20,CUST1781,Andi Yusuf,Midwest,Books,Cookbook,1,19.32 ,Returned,PayPal,19.32
ORD101859,2024-06-27,CUST1216,Robert Anderson,East,Books,Business Strategy Book,2,19.34 ,Pending,PayPal,38.68
ORD100726,2024-10-15,CUST1428,Andi Chen,East,Beauty,Face Mask Set,1,19.35 ,Completed,PayPal,19.35
ORD102986,2024-11-08,CUST1667,Robert Halim,Midwest,Beauty,Lip Balm,2,19.35 ,Completed,Debit Card,38.70
ORD101034,2023-08-12,CUST1582,Michael Lee,East,Beauty,Moisturizer,2,19.36 ,Completed,PayPal,38.72
ORD103188,2023-03-18,CUST1077,Ayu Brown,East,Books,Self-Help Guide,2,19.36 ,Completed,Gift Card,38.72
ORD101636,2023-02-01,CUST1816,John Kurniawan,East,Beauty,Face Mask Set,1,19.37 ,Pending,Debit Card,19.37
ORD101633,2023-09-19,CUST1365,David Chen,Midwest,Electronics,Webcam,1,19.38 ,Completed,PayPal,19.38
ORD101222,2023-05-05,CUST1591,Fajar Wilson,East,Books,Cookbook,5,19.38 ,Completed,Credit Card,96.90
ORD100931,2023-11-27,CUST1238,John Pratama,East,Clothing,Baseball Cap,2,19.39 ,Completed,Gift Card,38.78
ORD100414,2023-10-17,CUST1854,Unknown Customer,Midwest,Home & Kitchen,LED Desk Lamp,1,19.42 ,Returned,Debit Card,19.42
ORD103078,2024-02-26,CUST1502,Rina Kurniawan,East,Beauty,Face Mask Set,1,19.42 ,Completed,Debit Card,19.42
ORD101135,2023-03-12,CUST1898,Ahmad Nugroho,Midwest,Toys,Building Blocks,1,19.43 ,Completed,Debit Card,19.43
ORD100457,2024-06-30,CUST1251,Nina Salim,East,Toys,Action Figure,1,19.43 ,Completed,Gift Card,19.43
ORD100924,2023-07-19,CUST1611,Maria Sari,East,Books,Fiction Novel,2,19.44 ,Completed,Debit Card,38.88
ORD103170,2023-02-08,CUST1607,Fajar Kurniawan,East,Home & Kitchen,Non-Stick Pan,2,19.44 ,Returned,Credit Card,38.88
ORD100112,2024-02-15,CUST1063,David Anderson,East,Toys,Puzzle 1000pc,1,19.45 ,Completed,Credit Card,19.45
ORD102159,2024-12-21,CUST1295,Robert Taylor,East,Books,Children's Book,3,19.45 ,Completed,PayPal,58.35
ORD101863,2023-10-06,CUST1329,Andi Tan,East,Toys,RC Car,1,19.46 ,Completed,PayPal,19.46
ORD102180,2024-09-29,CUST1426,Ahmad Johnson,East,Electronics,Laptop Stand,1,19.48 ,Cancelled,Debit Card,19.48
ORD102908,2024-11-11,CUST1617,Robert Tan,East,Clothing,Cotton T-Shirt,1,19.51 ,Completed,Gift Card,19.51
ORD100513,2023-12-07,CUST1097,Fajar Anderson,East,Books,Self-Help Guide,1,19.51 ,Completed,Debit Card,19.51
ORD102111,2024-12-03,CUST1270,Andi Salim,East,Books,Children's Book,1,19.54 ,Completed,Debit Card,19.54
ORD101505,2023-06-13,CUST1161,Ayu Yusuf,East,Toys,Board Game,2,19.55 ,Cancelled,Credit Card,39.10
ORD101921,2023-12-31,CUST1515,John Salim,East,Clothing,Denim Jeans,3,19.55 ,Returned,Gift Card,58.65
ORD100334,2023-04-27,CUST1625,Lisa Pratama,East,Clothing,Baseball Cap,2,19.56 ,Completed,PayPal,39.12
ORD102993,2024-05-08,CUST1201,Linda Johnson,East,Beauty,Face Mask Set,1,19.57 ,Completed,Gift Card,19.57
ORD100487,2023-06-02,CUST1781,Andi Yusuf,Midwest,Books,Business Strategy Book,2,19.57 ,Completed,Credit Card,39.14
ORD100119,2024-07-09,CUST1577,John Anderson,East,Clothing,Winter Jacket,1,19.58 ,Completed,Unknown,19.58
ORD100449,2024-01-14,CUST1133,Andi Hidayat,East,Sports & Outdoors,Water Bottle,1,19.59 ,Completed,Gift Card,19.59
ORD102045,2024-10-09,CUST1114,Maria Lee,South,Beauty,Face Mask Set,1,19.62 ,Completed,PayPal,19.62
ORD103759,2024-07-23,CUST1726,John Tan,East,Clothing,Denim Jeans,2,19.62 ,Completed,Gift Card,39.24
ORD100784,2024-11-20,CUST1874,James Salim,West,Beauty,Lip Balm,2,19.65 ,Completed,Gift Card,39.30
ORD100423,2023-04-06,CUST1377,Putri Taylor,Midwest,Books,Cookbook,2,19.67 ,Completed,Debit Card,39.34
ORD100361,2024-07-05,CUST1785,Maria Nugroho,East,Home & Kitchen,Non-Stick Pan,1,19.69 ,Cancelled,Credit Card,19.69
ORD102349,2024-12-14,CUST1416,Robert Nugroho,Midwest,Books,Children's Book,3,19.70 ,Returned,Credit Card,59.10
ORD103135,2023-01-24,CUST1451,Ahmad Garcia,East,Beauty,Shampoo,4,19.71 ,Completed,PayPal,78.84
ORD101553,2024-07-05,CUST1389,Fajar Salim,East,Books,Cookbook,1,19.73 ,Completed,Credit Card,19.73
ORD102866,2023-12-04,CUST1687,Unknown Customer,East,Books,Self-Help Guide,2,19.73 ,Completed,PayPal,39.46
ORD102438,2023-02-21,CUST1877,Dewi Santos,Midwest,Books,Cookbook,3,19.74 ,Completed,Credit Card,59.22
ORD100095,2024-10-23,CUST1521,John Smith,East,Clothing,Wool Socks,2,19.75 ,Completed,PayPal,39.50
ORD100437,2023-06-04,CUST1348,Putri Nugroho,East,Toys,RC Car,1,19.77 ,Cancelled,Credit Card,19.77
ORD103753,2024-07-24,CUST1353,Andi Halim,East,Books,Fiction Novel,1,19.77 ,Cancelled,Gift Card,19.77
ORD102371,2024-12-03,CUST1189,Ahmad Kurniawan,Midwest,Toys,RC Car,2,19.81 ,Completed,Credit Card,39.62
ORD103528,2023-04-09,CUST1356,Ahmad Tan,East,Clothing,Denim Jeans,1,19.85 ,Completed,PayPal,19.85
ORD103952,2024-06-25,CUST1240,Linda Chen,East,Books,Self-Help Guide,1,19.85 ,Completed,Credit Card,19.85
ORD101810,2023-05-23,CUST1267,Maria Anderson,East,Toys,Puzzle 1000pc,1,19.86 ,Completed,Gift Card,19.86
ORD100321,2024-11-22,CUST1100,Ahmad Wijaya,Midwest,Home & Kitchen,LED Desk Lamp,2,19.87 ,Completed,PayPal,39.74
ORD101404,2023-03-25,CUST1306,John Chen,East,Books,Business Strategy Book,1,19.88 ,Completed,Debit Card,19.88
ORD102696,2023-01-16,CUST1759,Budi Johnson,Midwest,Toys,RC Car,2,19.88 ,Returned,Debit Card,39.76
ORD102626,2023-11-16,CUST1254,Nina Garcia,East,Home & Kitchen,Throw Pillow,2,19.94 ,Cancelled,Gift Card,39.88
ORD101756,2023-01-23,CUST1591,Fajar Wilson,East,Home & Kitchen,LED Desk Lamp,1,19.95 ,Completed,PayPal,19.95
ORD102372,2023-09-26,CUST1745,Ahmad Halim,East,Beauty,Sunscreen SPF50,1,19.96 ,Completed,Gift Card,19.96
ORD103769,2024-08-22,CUST1356,Unknown Customer,East,Home & Kitchen,Storage Containers,2,19.98 ,Cancelled,PayPal,39.96
ORD100787,2024-07-17,CUST1296,James Sari,South,Clothing,Baseball Cap,4,19.99 ,Completed,PayPal,79.96
ORD102889,2024-09-01,CUST1747,Dewi Yusuf,East,Toys,Board Game,1,20.06 ,Completed,Gift Card,20.06
ORD103992,2023-04-25,CUST1292,Budi Halim,East,Books,Children's Book,2,20.08 ,Completed,PayPal,40.16
ORD100448,2024-06-12,CUST1532,Siti Lee,East,Beauty,Shampoo,1,20.09 ,Completed,Debit Card,20.09
ORD100880,2024-11-27,CUST1145,Linda Smith,East,Books,Cookbook,1,20.11 ,Completed,Debit Card,20.11
ORD100459,2024-12-31,CUST1060,Ahmad Wilson,East,Books,Self-Help Guide,1,20.12 ,Completed,Gift Card,20.12
ORD102741,2023-03-20,CUST1760,Ayu Kurniawan,East,Home & Kitchen,Throw Pillow,1,20.13 ,Completed,Credit Card,20.13
ORD103627,2023-04-10,CUST1787,Ahmad Salim,East,Books,Children's Book,1,20.13 ,Completed,PayPal,20.13
ORD100610,2024-04-03,CUST1697,Michael Sari,East,Beauty,Shampoo,1,20.14 ,Completed,Debit Card,20.14
ORD102943,2023-02-04,CUST1753,Kevin Lee,East,Beauty,Moisturizer,1,20.15 ,Completed,PayPal,20.15
ORD103012,2023-03-20,CUST1296,James Sari,South,Books,Cookbook,1,20.19 ,Cancelled,PayPal,20.19
ORD103589,2024-08-17,CUST1794,Robert Halim,East,Toys,Puzzle 1000pc,1,20.20 ,Completed,Debit Card,20.20
ORD101342,2024-02-05,CUST1265,Sarah Johnson,Midwest,Beauty,Sunscreen SPF50,1,20.20 ,Completed,Gift Card,20.20
ORD100104,2024-04-21,CUST1823,John Johnson,South,Books,Fiction Novel,1,20.21 ,Cancelled,Debit Card,20.21
ORD103163,2023-10-22,CUST1888,Putri Tan,East,Toys,RC Car,2,20.21 ,Completed,Credit Card,40.42
ORD102606,2024-12-15,CUST1614,Putri Lee,East,Toys,Puzzle 1000pc,1,20.25 ,Completed,Unknown,20.25
ORD101918,2024-07-25,CUST1819,Lisa Salim,East,Home & Kitchen,Blender,1,20.27 ,Completed,PayPal,20.27
ORD101415,2024-02-24,CUST1162,Siti Smith,East,Books,Business Strategy Book,1,20.28 ,Completed,PayPal,20.28
ORD101582,2024-03-17,CUST1563,James Yusuf,Midwest,Books,Fiction Novel,2,20.29 ,Completed,Gift Card,40.58
ORD102267,2023-08-25,CUST1366,David Anderson,East,Beauty,Sunscreen SPF50,1,20.31 ,Completed,PayPal,20.31
ORD100070,2024-01-04,CUST1596,Ayu Garcia,East,Sports & Outdoors,Hiking Backpack,1,20.33 ,Completed,Credit Card,20.33
ORD100212,2024-10-13,CUST1700,Robert Smith,East,Beauty,Moisturizer,2,20.33 ,Completed,Credit Card,40.66
ORD102179,2024-07-10,CUST1107,Fajar Yusuf,East,Clothing,Wool Socks,1,20.34 ,Completed,Gift Card,20.34
ORD102892,2023-08-01,CUST1836,Kevin Salim,East,Sports & Outdoors,Jump Rope,2,20.34 ,Completed,Credit Card,40.68
ORD100346,2024-05-31,CUST1005,Dewi Wijaya,East,Sports & Outdoors,Yoga Mat,1,20.35 ,Completed,Gift Card,20.35
ORD100761,2024-12-20,CUST1854,Putri Garcia,Midwest,Books,Children's Book,1,20.36 ,Completed,Debit Card,20.36
ORD102780,2023-10-17,CUST1494,Unknown Customer,East,Clothing,Hoodie,1,20.37 ,Completed,Gift Card,20.37
ORD102615,2023-09-19,CUST1092,Putri Nugroho,East,Toys,Puzzle 1000pc,2,20.39 ,Completed,PayPal,40.78
ORD101985,2024-05-19,CUST1347,Siti Halim,South,Toys,Action Figure,2,20.39 ,Returned,Credit Card,40.78
ORD101933,2024-07-23,CUST1129,Budi Wilson,East,Beauty,Lip Balm,3,20.39 ,Completed,Gift Card,61.17
ORD100076,2023-07-21,CUST1892,Fajar Brown,Midwest,Books,Cookbook,1,20.44 ,Completed,Debit Card,20.44
ORD102504,2024-02-16,CUST1322,Ahmad Wijaya,Midwest,Clothing,Running Shorts,1,20.44 ,Completed,Debit Card,20.44
ORD101175,2024-02-25,CUST1391,Siti Pratama,East,Books,Business Strategy Book,1,20.44 ,Returned,Credit Card,20.44
ORD100078,2024-09-02,CUST1382,David Hidayat,East,Beauty,Shampoo,1,20.45 ,Completed,Gift Card,20.45
ORD100646,2024-02-07,CUST1409,John Kurniawan,South,Electronics,Laptop Stand,2,20.45 ,Completed,Gift Card,40.90
ORD102287,2023-03-25,CUST1830,Sarah Anderson,East,Books,Cookbook,2,20.45 ,Completed,Gift Card,40.90
ORD100139,2023-03-09,CUST1528,Maria Chen,East,Toys,RC Car,5,20.45 ,Completed,Unknown,102.25
ORD103408,2023-08-17,CUST1865,Ayu Salim,East,Electronics,Laptop Stand,1,20.46 ,Completed,Gift Card,20.46
ORD100236,2024-07-28,CUST1007,Budi Garcia,East,Books,Self-Help Guide,1,20.46 ,Completed,PayPal,20.46
ORD101094,2024-06-16,CUST1621,James Wijaya,East,Clothing,Hoodie,1,20.47 ,Completed,Credit Card,20.47
ORD102452,2023-04-23,CUST1622,Michael Garcia,East,Home & Kitchen,Storage Containers,2,20.47 ,Completed,Credit Card,40.94
ORD102764,2023-03-11,CUST1514,Rina Wijaya,Midwest,Beauty,Sunscreen SPF50,1,20.49 ,Completed,Gift Card,20.49
ORD100450,2023-05-28,CUST1450,David Santos,East,Beauty,Lip Balm,1,20.51 ,Completed,Gift Card,20.51
ORD100337,2024-12-09,CUST1667,Robert Halim,Midwest,Books,Self-Help Guide,1,20.53 ,Completed,PayPal,20.53
ORD103460,2023-07-23,CUST1082,Fajar Smith,West,Beauty,Sunscreen SPF50,2,20.53 ,Completed,Credit Card,41.06
ORD101977,2024-11-01,CUST1846,Kevin Kurniawan,East,Beauty,Shampoo,3,20.54 ,Completed,Gift Card,61.62
ORD103843,2024-04-08,CUST1718,Dewi Lee,East,Toys,Board Game,2,20.58 ,Completed,Gift Card,41.16
ORD103080,2023-04-12,CUST1808,Michael Kurniawan,Midwest,Books,Cookbook,1,20.60 ,Completed,Debit Card,20.60
ORD102463,2024-03-20,CUST1544,Ayu Garcia,South,Books,Cookbook,2,20.60 ,Completed,PayPal,41.20
ORD103458,2023-11-04,CUST1442,Andi Lee,East,Beauty,Shampoo,1,20.62 ,Pending,Gift Card,20.62
ORD102498,2024-01-12,CUST1099,Sarah Santos,East,Books,Fiction Novel,1,20.62 ,Completed,Gift Card,20.62
ORD101612,2023-08-04,CUST1618,Budi Lee,East,Beauty,Lip Balm,4,20.63 ,Completed,Gift Card,82.52
ORD103022,2023-05-27,CUST1258,Ayu Smith,East,Books,Children's Book,5,20.65 ,Completed,Gift Card,103.25
ORD103041,2023-11-24,CUST1710,Linda Chen,East,Clothing,Winter Jacket,1,20.67 ,Cancelled,Credit Card,20.67
ORD100603,2023-01-12,CUST1061,Robert Chen,East,Beauty,Moisturizer,3,20.71 ,Completed,Gift Card,62.13
ORD101216,2023-09-18,CUST1862,Ahmad Santos,East,Sports & Outdoors,Resistance Bands,2,20.72 ,Completed,Debit Card,41.44
ORD101815,2023-09-07,CUST1373,Unknown Customer,East,Books,Children's Book,1,20.73 ,Completed,Gift Card,20.73
ORD100154,2024-04-11,CUST1066,Michael Lee,Midwest,Toys,Building Blocks,1,20.73 ,Completed,Debit Card,20.73
ORD103563,2024-09-19,CUST1516,Fajar Brown,East,Clothing,Wool Socks,1,20.74 ,Pending,Gift Card,20.74
ORD102802,2023-04-12,CUST1394,Unknown Customer,Midwest,Home & Kitchen,Coffee Maker,1,20.77 ,Cancelled,Debit Card,20.77
ORD102538,2024-02-03,CUST1002,Sarah Kurniawan,East,Home & Kitchen,Coffee Maker,2,20.77 ,Completed,Gift Card,41.54
ORD101027,2023-11-19,CUST1381,Unknown Customer,East,Beauty,Face Mask Set,1,20.80 ,Cancelled,Credit Card,20.80
ORD100653,2023-03-12,CUST1635,Sarah Yusuf,South,Books,Cookbook,1,20.81 ,Completed,PayPal,20.81
ORD100088,2024-11-29,CUST1591,Fajar Wilson,East,Clothing,Winter Jacket,1,20.81 ,Completed,Credit Card,20.81
ORD103168,2023-10-30,CUST1881,Ahmad Salim,East,Beauty,Lip Balm,2,20.82 ,Completed,Credit Card,41.64
ORD101197,2024-09-20,CUST1822,Ayu Wilson,East,Beauty,Moisturizer,1,20.83 ,Completed,PayPal,20.83
ORD101467,2024-06-24,CUST1693,Lisa Santos,East,Books,Self-Help Guide,1,20.83 ,Completed,Gift Card,20.83
ORD103744,2023-10-21,CUST1620,Budi Chen,East,Books,Children's Book,3,20.83 ,Completed,Debit Card,62.49
ORD103862,2024-11-19,CUST1011,Dewi Garcia,East,Books,Children's Book,2,20.86 ,Returned,PayPal,41.72
ORD103296,2023-01-16,CUST1822,Ayu Wilson,East,Toys,Action Figure,1,20.87 ,Completed,Debit Card,20.87
ORD103127,2023-07-05,CUST1660,Andi Salim,East,Electronics,Power Bank,1,20.89 ,Pending,Credit Card,20.89
ORD100888,2023-01-04,CUST1146,Ayu Smith,East,Electronics,USB-C Cable,2,20.89 ,Completed,Gift Card,41.78
ORD103159,2024-08-23,CUST1605,Unknown Customer,East,Sports & Outdoors,Camping Tent,2,20.91 ,Cancelled,PayPal,41.82
ORD100908,2023-04-01,CUST1763,Fajar Yusuf,East,Electronics,Smartphone Case,1,20.92 ,Completed,PayPal,20.92
ORD100188,2024-05-29,CUST1763,Fajar Yusuf,East,Books,Fiction Novel,2,20.94 ,Completed,Debit Card,41.88
ORD101047,2023-12-11,CUST1639,Dewi Salim,Midwest,Clothing,Denim Jeans,2,20.94 ,Completed,PayPal,41.88
ORD100848,2023-08-19,CUST1436,Lisa Garcia,East,Books,Cookbook,2,21.01 ,Completed,Credit Card,42.02
ORD101177,2023-08-08,CUST1270,Andi Salim,East,Clothing,Running Shorts,1,21.02 ,Completed,Gift Card,21.02
ORD100864,2024-12-24,CUST1459,Rina Smith,East,Books,Fiction Novel,1,21.04 ,Completed,Debit Card,21.04
ORD101794,2024-06-23,CUST1744,Andi Sari,East,Electronics,Power Bank,5,21.06 ,Completed,PayPal,105.30
ORD101167,2023-06-01,CUST1831,Sarah Hidayat,East,Beauty,Face Mask Set,1,21.07 ,Completed,Credit Card,21.07
ORD102121,2023-07-05,CUST1039,Robert Tan,East,Toys,Building Blocks,2,21.08 ,Completed,PayPal,42.16
ORD100166,2024-10-20,CUST1846,Kevin Kurniawan,East,Books,Business Strategy Book,1,21.08 ,Returned,Gift Card,21.08
ORD102778,2023-04-08,CUST1161,Ayu Yusuf,East,Books,Business Strategy Book,1,21.08 ,Completed,Credit Card,21.08
ORD103614,2024-08-27,CUST1386,Lisa Johnson,East,Books,Business Strategy Book,1,21.08 ,Completed,Credit Card,21.08
ORD101073,2023-04-22,CUST1834,Unknown Customer,East,Books,Business Strategy Book,2,21.08 ,Completed,PayPal,42.17
ORD102528,2023-04-28,CUST1798,Siti Anderson,East,Books,Business Strategy Book,2,21.08 ,Completed,Gift Card,42.17
ORD103636,2023-12-05,CUST1196,Putri Pratama,East,Sports & Outdoors,Water Bottle,1,21.09 ,Cancelled,Credit Card,21.09
ORD100083,2024-12-28,CUST1120,Dewi Johnson,Midwest,Toys,Puzzle 1000pc,1,21.10 ,Completed,Gift Card,21.10
ORD103456,2023-10-26,CUST1221,Siti Chen,East,Beauty,Lip Balm,1,21.11 ,Completed,Debit Card,21.11
ORD101879,2024-04-05,CUST1136,Budi Hidayat,East,Books,Self-Help Guide,1,21.16 ,Completed,Debit Card,21.16
ORD100445,2024-06-16,CUST1037,Unknown Customer,East,Books,Self-Help Guide,1,21.17 ,Pending,Debit Card,21.17
ORD100771,2023-05-22,CUST1625,Lisa Pratama,East,Books,Children's Book,1,21.20 ,Completed,Credit Card,21.20
ORD100215,2024-02-20,CUST1282,Sarah Tan,East,Toys,Board Game,2,21.20 ,Completed,Credit Card,42.40
ORD103422,2023-01-31,CUST1780,Lisa Wijaya,East,Sports & Outdoors,Yoga Mat,2,21.20 ,Completed,Debit Card,42.40
ORD101937,2023-10-09,CUST1352,Lisa Taylor,East,Beauty,Face Mask Set,1,21.21 ,Completed,Gift Card,21.21
ORD102031,2024-07-25,CUST1810,Dewi Salim,Midwest,Beauty,Face Mask Set,1,21.21 ,Completed,Debit Card,21.21
ORD101085,2023-04-13,CUST1701,John Santos,Midwest,Sports & Outdoors,Yoga Mat,1,21.22 ,Returned,PayPal,21.22
ORD101721,2024-05-12,CUST1554,Dewi Tan,East,Books,Fiction Novel,1,21.23 ,Completed,PayPal,21.23
ORD102705,2023-10-17,CUST1451,Ahmad Garcia,East,Toys,Puzzle 1000pc,2,21.23 ,Completed,Gift Card,42.46
ORD102331,2024-10-02,CUST1314,Michael Pratama,East,Books,Cookbook,3,21.24 ,Returned,Credit Card,63.72
ORD100811,2023-09-27,CUST1669,Dewi Brown,East,Books,Children's Book,1,21.27 ,Completed,Debit Card,21.27
ORD103846,2024-05-25,CUST1686,Rina Garcia,West,Toys,RC Car,4,21.29 ,Completed,Credit Card,85.16
ORD100071,2023-04-19,CUST1576,Linda Pratama,East,Beauty,Lip Balm,2,21.30 ,Completed,Debit Card,42.60
ORD102624,2023-07-20,CUST1248,Andi Pratama,East,Books,Business Strategy Book,3,21.31 ,Completed,Debit Card,63.93
ORD101051,2023-12-05,CUST1006,James Smith,East,Toys,Board Game,1,21.32 ,Completed,PayPal,21.32
ORD103928,2024-05-12,CUST1395,Lisa Kurniawan,South,Home & Kitchen,Blender,1,21.34 ,Completed,Unknown,21.34
ORD101940,2023-04-23,CUST1211,Sarah Santos,East,Home & Kitchen,LED Desk Lamp,3,21.34 ,Completed,PayPal,64.02
ORD101340,2023-01-30,CUST1264,Siti Halim,East,Toys,Board Game,4,21.36 ,Completed,PayPal,85.44
ORD101306,2024-02-19,CUST1701,John Santos,Midwest,Beauty,Shampoo,2,21.38 ,Completed,PayPal,42.76
ORD103474,2024-02-11,CUST1165,John Sari,East,Books,Fiction Novel,2,21.41 ,Completed,Gift Card,42.82
ORD101750,2023-08-14,CUST1651,Rina Nugroho,East,Books,Self-Help Guide,1,21.44 ,Returned,Credit Card,21.44
ORD101904,2024-02-14,CUST1684,Fajar Salim,East,Electronics,Power Bank,1,21.44 ,Completed,Gift Card,21.44
ORD101718,2023-05-30,CUST1411,Ahmad Garcia,Midwest,Clothing,Hoodie,3,21.45 ,Cancelled,PayPal,64.35
ORD100537,2024-01-28,CUST1445,Kevin Anderson,East,Beauty,Moisturizer,1,21.46 ,Completed,PayPal,21.46
ORD100184,2023-01-26,CUST1815,Budi Garcia,Midwest,Electronics,Webcam,5,21.51 ,Returned,Debit Card,107.55
ORD103405,2023-12-31,CUST1763,Fajar Yusuf,East,Toys,Puzzle 1000pc,1,21.52 ,Completed,PayPal,21.52
ORD103817,2024-07-02,CUST1689,Siti Tan,East,Books,Self-Help Guide,2,21.53 ,Completed,Gift Card,43.06
ORD101920,2023-03-02,CUST1389,Fajar Salim,East,Beauty,Sunscreen SPF50,2,21.54 ,Cancelled,PayPal,43.08
ORD100752,2024-01-13,CUST1005,Dewi Wijaya,East,Books,Self-Help Guide,2,21.55 ,Returned,Credit Card,43.10
ORD101348,2023-01-22,CUST1225,Siti Wilson,Midwest,Books,Children's Book,1,21.56 ,Completed,Debit Card,21.56
ORD103702,2023-09-08,CUST1102,Maria Brown,East,Books,Cookbook,2,21.57 ,Completed,PayPal,43.13
ORD103009,2024-03-29,CUST1331,Ayu Chen,Midwest,Books,Self-Help Guide,1,21.58 ,Cancelled,Credit Card,21.58
ORD100947,2024-12-08,CUST1843,Siti Hidayat,East,Sports & Outdoors,Yoga Mat,2,21.63 ,Completed,PayPal,43.26
ORD101171,2023-01-20,CUST1065,Lisa Tan,East,Books,Cookbook,1,21.64 ,Completed,Debit Card,21.64
ORD103037,2023-10-10,CUST1546,John Garcia,East,Books,Children's Book,1,21.65 ,Completed,PayPal,21.65
ORD100753,2024-04-27,CUST1259,Andi Halim,East,Home & Kitchen,LED Desk Lamp,1,21.66 ,Pending,Gift Card,21.66
ORD103593,2024-05-23,CUST1007,Budi Garcia,East,Books,Fiction Novel,2,21.66 ,Completed,Gift Card,43.32
ORD103275,2024-05-01,CUST1197,Sarah Lee,Midwest,Toys,RC Car,3,21.69 ,Completed,PayPal,65.07
ORD103565,2023-10-29,CUST1574,Ahmad Hidayat,East,Clothing,Baseball Cap,1,21.69 ,Completed,Credit Card,21.69
ORD100178,2024-12-10,CUST1662,Siti Lee,Midwest,Books,Children's Book,1,21.70 ,Completed,Gift Card,21.70
ORD101463,2023-04-22,CUST1212,Budi Wilson,East,Home & Kitchen,Coffee Maker,1,21.71 ,Completed,Debit Card,21.71
ORD100408,2024-12-01,CUST1439,Maria Johnson,East,Books,Self-Help Guide,2,21.71 ,Completed,Credit Card,43.42
ORD100792,2024-12-01,CUST1211,Sarah Santos,East,Books,Children's Book,1,21.74 ,Completed,PayPal,21.74
ORD100040,2024-01-27,CUST1184,Michael Kurniawan,East,Toys,Puzzle 1000pc,1,21.76 ,Completed,Gift Card,21.76
ORD103156,2024-10-09,CUST1507,Andi Brown,East,Clothing,Running Shorts,2,21.76 ,Completed,Debit Card,43.52
ORD101623,2024-09-04,CUST1222,Dewi Sari,East,Books,Business Strategy Book,1,21.81 ,Completed,Debit Card,21.81
ORD100602,2024-04-26,CUST1012,Andi Yusuf,East,Books,Children's Book,1,21.82 ,Completed,Debit Card,21.82
ORD103224,2024-10-18,CUST1496,John Smith,East,Clothing,Denim Jeans,1,21.84 ,Completed,Gift Card,21.84
ORD101957,2024-02-25,CUST1543,Ayu Wilson,East,Toys,RC Car,1,21.85 ,Completed,PayPal,21.85
ORD101850,2024-01-19,CUST1099,Sarah Santos,East,Beauty,Face Mask Set,2,21.85 ,Completed,PayPal,43.70
ORD100732,2024-01-18,CUST1880,Dewi Johnson,East,Beauty,Shampoo,1,21.86 ,Completed,PayPal,21.86
ORD100563,2024-11-24,CUST1292,Budi Halim,East,Books,Children's Book,1,21.87 ,Completed,PayPal,21.87
ORD102588,2024-07-24,CUST1733,Lisa Sari,East,Beauty,Face Mask Set,1,21.87 ,Completed,Gift Card,21.87
ORD100581,2024-04-04,CUST1777,Ayu Chen,East,Toys,Action Figure,4,21.87 ,Completed,Credit Card,87.48
ORD101414,2023-09-10,CUST1898,Ahmad Nugroho,Midwest,Electronics,Bluetooth Speaker,1,21.90 ,Completed,Credit Card,21.90
ORD103134,2024-09-19,CUST1737,Ahmad Brown,East,Books,Fiction Novel,1,21.93 ,Cancelled,Credit Card,21.93
ORD102739,2023-12-10,CUST1108,Rina Garcia,East,Toys,Board Game,2,21.93 ,Completed,Credit Card,43.86
ORD103304,2023-07-15,CUST1490,David Halim,East,Beauty,Shampoo,2,21.93 ,Completed,Credit Card,43.86
ORD100123,2024-09-08,CUST1746,Siti Garcia,East,Electronics,Webcam,1,21.94 ,Completed,PayPal,21.94
ORD100287,2024-03-13,CUST1644,Andi Salim,East,Books,Fiction Novel,1,21.95 ,Completed,Debit Card,21.95
ORD101963,2024-05-15,CUST1364,David Brown,East,Beauty,Sunscreen SPF50,3,21.95 ,Completed,PayPal,65.85
ORD102282,2023-12-26,CUST1772,Ahmad Hidayat,East,Clothing,Wool Socks,1,22.05 ,Completed,Gift Card,22.05
ORD100978,2024-01-04,CUST1244,Nina Pratama,East,Beauty,Face Mask Set,1,22.06 ,Completed,Credit Card,22.06
ORD102470,2023-04-09,CUST1335,Nina Yusuf,Midwest,Books,Fiction Novel,1,22.08 ,Completed,PayPal,22.08
ORD101983,2023-12-13,CUST1334,Fajar Santos,East,Toys,Building Blocks,3,22.08 ,Returned,Gift Card,66.24
ORD101150,2023-08-31,CUST1721,Nina Wijaya,East,Home & Kitchen,LED Desk Lamp,4,22.08 ,Completed,Gift Card,88.32
ORD102151,2024-07-12,CUST1629,James Tan,Midwest,Books,Business Strategy Book,1,22.14 ,Completed,Gift Card,22.14
ORD101309,2024-08-07,CUST1058,John Johnson,East,Books,Self-Help Guide,1,22.15 ,Cancelled,Gift Card,22.15
ORD103348,2024-07-31,CUST1065,Lisa Tan,East,Books,Fiction Novel,1,22.16 ,Completed,Credit Card,22.16
ORD100173,2023-04-17,CUST1520,Unknown Customer,East,Toys,Puzzle 1000pc,1,22.16 ,Completed,Debit Card,22.16
ORD101225,2023-11-13,CUST1563,James Yusuf,Midwest,Beauty,Shampoo,1,22.17 ,Completed,Debit Card,22.17
ORD103121,2023-11-04,CUST1061,Robert Chen,East,Toys,RC Car,1,22.23 ,Completed,PayPal,22.23
ORD100741,2023-02-09,CUST1124,Siti Wijaya,East,Clothing,Denim Jeans,1,22.23 ,Cancelled,Gift Card,22.23
ORD103477,2023-01-24,CUST1491,Rina Taylor,East,Beauty,Shampoo,1,22.24 ,Cancelled,Credit Card,22.24
ORD101607,2024-08-03,CUST1251,Nina Salim,East,Books,Self-Help Guide,1,22.24 ,Completed,Gift Card,22.24
ORD100856,2024-09-28,CUST1103,Ahmad Salim,South,Beauty,Moisturizer,3,22.24 ,Completed,PayPal,66.72
ORD103948,2024-07-16,CUST1113,Dewi Nugroho,Midwest,Beauty,Moisturizer,4,22.26 ,Completed,PayPal,89.04
ORD101669,2024-11-10,CUST1206,Siti Wilson,East,Toys,Building Blocks,1,22.30 ,Completed,Credit Card,22.30
ORD102666,2024-09-09,CUST1270,Andi Salim,East,Books,Business Strategy Book,1,22.33 ,Completed,Unknown,22.33
ORD101045,2024-06-25,CUST1628,John Chen,South,Books,Business Strategy Book,3,22.33 ,Completed,Credit Card,66.99
ORD100589,2023-06-16,CUST1184,Michael Kurniawan,East,Beauty,Face Mask Set,1,22.34 ,Cancelled,Gift Card,22.34
ORD101906,2023-11-20,CUST1190,Lisa Wijaya,Midwest,Sports & Outdoors,Camping Tent,5,22.34 ,Completed,Gift Card,111.70
ORD100803,2024-08-03,CUST1550,Nina Anderson,East,Toys,Building Blocks,1,22.38 ,Completed,PayPal,22.38
ORD101982,2024-05-30,CUST1617,Robert Tan,East,Clothing,Denim Jeans,1,22.38 ,Cancelled,PayPal,22.38
ORD100702,2024-07-09,CUST1818,Siti Salim,East,Beauty,Face Mask Set,1,22.43 ,Completed,Gift Card,22.43
ORD103975,2024-08-19,CUST1802,Ahmad Yusuf,East,Clothing,Hoodie,1,22.44 ,Cancelled,PayPal,22.44
ORD100699,2023-02-15,CUST1507,Andi Brown,East,Electronics,Webcam,1,22.44 ,Completed,Gift Card,22.44
ORD102281,2024-03-16,CUST1412,Siti Anderson,East,Home & Kitchen,Cutting Board,1,22.47 ,Completed,Credit Card,22.47
ORD100874,2024-11-10,CUST1060,Ahmad Wilson,East,Sports & Outdoors,Jump Rope,2,22.48 ,Completed,Gift Card,44.96
ORD100991,2024-03-21,CUST1498,Michael Salim,East,Clothing,Baseball Cap,2,22.49 ,Completed,PayPal,44.98
ORD100873,2024-11-15,CUST1674,Dewi Lee,East,Books,Children's Book,2,22.49 ,Completed,Debit Card,44.98
ORD103269,2024-11-02,CUST1482,Sarah Johnson,East,Books,Business Strategy Book,1,22.53 ,Completed,Credit Card,22.53
ORD102583,2024-02-10,CUST1837,Dewi Johnson,East,Books,Self-Help Guide,1,22.53 ,Completed,Gift Card,22.53
ORD101803,2023-06-05,CUST1349,John Halim,East,Books,Children's Book,2,22.54 ,Completed,Gift Card,45.08
ORD102688,2023-08-19,CUST1734,Ahmad Wilson,East,Clothing,Wool Socks,1,22.57 ,Completed,PayPal,22.57
ORD103835,2023-07-31,CUST1312,Linda Wijaya,Midwest,Beauty,Sunscreen SPF50,1,22.60 ,Completed,Gift Card,22.60
ORD103837,2023-12-06,CUST1561,Nina Santos,East,Sports & Outdoors,Hiking Backpack,1,22.60 ,Cancelled,Debit Card,22.60
ORD103529,2023-01-05,CUST1681,Maria Hidayat,East,Sports & Outdoors,Resistance Bands,1,22.62 ,Completed,PayPal,22.62
ORD102116,2024-12-22,CUST1445,Kevin Anderson,East,Toys,Puzzle 1000pc,2,22.63 ,Completed,PayPal,45.26
ORD101163,2023-08-16,CUST1327,Rina Lee,East,Home & Kitchen,Throw Pillow,3,22.64 ,Completed,Debit Card,67.92
ORD102047,2023-09-27,CUST1472,Andi Halim,Midwest,Electronics,Power Bank,1,22.66 ,Completed,Gift Card,22.66
ORD103782,2024-08-03,CUST1499,David Santos,East,Home & Kitchen,Non-Stick Pan,1,22.66 ,Cancelled,Credit Card,22.66
ORD103016,2023-02-20,CUST1774,Maria Wijaya,East,Sports & Outdoors,Camping Tent,1,22.67 ,Cancelled,Debit Card,22.67
ORD103532,2024-03-19,CUST1373,James Smith,East,Toys,Building Blocks,1,22.69 ,Completed,Debit Card,22.69
ORD100367,2024-10-05,CUST1370,Rina Anderson,East,Books,Children's Book,2,22.70 ,Completed,Credit Card,45.40
ORD102223,2023-08-25,CUST1491,Rina Taylor,East,Beauty,Face Mask Set,2,22.73 ,Completed,Credit Card,45.46
ORD100421,2024-02-17,CUST1021,David Wijaya,East,Toys,Puzzle 1000pc,2,22.75 ,Completed,PayPal,45.50
ORD100847,2023-03-14,CUST1554,Dewi Tan,East,Beauty,Sunscreen SPF50,3,22.76 ,Cancelled,Debit Card,68.28
ORD100470,2024-08-06,CUST1131,Unknown Customer,West,Beauty,Moisturizer,1,22.77 ,Cancelled,Debit Card,22.77
ORD101165,2023-09-15,CUST1252,Ayu Brown,East,Home & Kitchen,Cutting Board,2,22.79 ,Completed,Credit Card,45.58
ORD100109,2023-04-19,CUST1798,Siti Anderson,East,Toys,Action Figure,1,22.81 ,Completed,Gift Card,22.81
ORD100481,2024-08-15,CUST1683,Putri Lee,East,Sports & Outdoors,Jump Rope,1,22.83 ,Completed,Debit Card,22.83
ORD102547,2024-09-10,CUST1239,Dewi Wilson,East,Beauty,Moisturizer,1,22.85 ,Completed,Gift Card,22.85
ORD100117,2023-06-13,CUST1059,Dewi Chen,Midwest,Toys,Board Game,2,22.89 ,Completed,PayPal,45.78
ORD103476,2024-10-03,CUST1171,James Anderson,East,Books,Children's Book,1,22.89 ,Completed,PayPal,22.89
ORD102076,2023-08-21,CUST1869,Maria Garcia,East,Books,Children's Book,1,22.90 ,Completed,Unknown,22.90
ORD102451,2024-08-29,CUST1579,Kevin Tan,East,Electronics,Laptop Stand,1,22.90 ,Completed,Credit Card,22.90
ORD103767,2023-11-23,CUST1481,James Chen,East,Toys,Board Game,2,22.90 ,Completed,Unknown,45.80
ORD102286,2024-02-15,CUST1092,Putri Nugroho,East,Books,Self-Help Guide,4,22.90 ,Completed,Debit Card,91.60
ORD100328,2024-02-18,CUST1527,Rina Anderson,Midwest,Beauty,Lip Balm,1,22.92 ,Cancelled,Credit Card,22.92
ORD102685,2023-05-23,CUST1877,Dewi Santos,Midwest,Toys,Action Figure,2,22.92 ,Completed,Debit Card,45.84
ORD102464,2024-10-25,CUST1814,Michael Taylor,East,Books,Business Strategy Book,5,22.94 ,Completed,PayPal,114.70
ORD103979,2023-12-30,CUST1253,Unknown Customer,East,Toys,Action Figure,2,22.95 ,Completed,Credit Card,45.90
ORD103252,2024-07-14,CUST1782,Budi Brown,Midwest,Books,Self-Help Guide,1,22.97 ,Completed,Debit Card,22.97
ORD102120,2023-03-31,CUST1146,Ayu Smith,East,Sports & Outdoors,Resistance Bands,2,22.97 ,Pending,Credit Card,45.94
ORD100605,2023-11-17,CUST1619,Andi Smith,Midwest,Toys,Building Blocks,2,22.97 ,Completed,Gift Card,45.94
ORD100152,2024-10-10,CUST1162,Siti Smith,East,Sports & Outdoors,Yoga Mat,1,23.05 ,Completed,Gift Card,23.05
ORD101205,2023-05-18,CUST1710,Linda Chen,East,Beauty,Lip Balm,1,23.07 ,Completed,Credit Card,23.07
ORD101922,2024-08-09,CUST1541,Linda Johnson,Midwest,Clothing,Wool Socks,1,23.08 ,Completed,Credit Card,23.08
ORD101707,2023-02-18,CUST1289,Dewi Brown,East,Books,Business Strategy Book,1,23.12 ,Cancelled,PayPal,23.12
ORD102101,2023-12-30,CUST1223,Michael Halim,East,Beauty,Sunscreen SPF50,1,23.12 ,Completed,Gift Card,23.12
ORD101096,2024-02-21,CUST1563,James Yusuf,Midwest,Sports & Outdoors,Hiking Backpack,1,23.12 ,Completed,PayPal,23.12
ORD101242,2024-07-29,CUST1495,Ayu Salim,East,Home & Kitchen,LED Desk Lamp,2,23.13 ,Completed,Debit Card,46.26
ORD103621,2023-07-10,CUST1872,Siti Taylor,East,Books,Cookbook,2,23.15 ,Completed,PayPal,46.30
ORD101736,2024-04-14,CUST1110,Budi Lee,East,Home & Kitchen,Storage Containers,1,23.18 ,Completed,Credit Card,23.18
ORD100800,2024-01-23,CUST1352,Lisa Taylor,East,Beauty,Shampoo,2,23.18 ,Cancelled,Unknown,46.36
ORD101853,2024-05-09,CUST1148,Siti Yusuf,East,Toys,Action Figure,1,23.21 ,Returned,Gift Card,23.21
ORD101871,2024-12-15,CUST1709,Maria Kurniawan,Midwest,Home & Kitchen,Non-Stick Pan,1,23.21 ,Completed,Gift Card,23.21
ORD103882,2024-05-25,CUST1630,John Kurniawan,East,Clothing,Baseball Cap,1,23.23 ,Completed,Gift Card,23.23
ORD101405,2023-06-13,CUST1272,Michael Nugroho,South,Toys,Puzzle 1000pc,1,23.25 ,Completed,Gift Card,23.25
ORD101162,2023-03-29,CUST1170,Ayu Salim,East,Books,Business Strategy Book,1,23.26 ,Completed,Credit Card,23.26
ORD100100,2023-05-10,CUST1535,Maria Brown,East,Books,Self-Help Guide,1,23.26 ,Completed,Debit Card,23.26
ORD103054,2023-07-12,CUST1405,Rina Lee,East,Clothing,Cotton T-Shirt,2,23.26 ,Completed,PayPal,46.52
ORD100525,2024-06-14,CUST1659,Kevin Hidayat,Midwest,Beauty,Lip Balm,1,23.28 ,Returned,Gift Card,23.28
ORD102500,2023-03-16,CUST1896,Andi Taylor,East,Beauty,Shampoo,1,23.29 ,Cancelled,Debit Card,23.29
ORD100061,2023-12-31,CUST1279,Rina Garcia,East,Toys,Board Game,2,23.33 ,Completed,Gift Card,46.66
ORD101241,2023-02-24,CUST1044,David Smith,West,Beauty,Face Mask Set,1,23.36 ,Cancelled,PayPal,23.36
ORD101761,2024-10-22,CUST1147,Sarah Wilson,East,Toys,Puzzle 1000pc,1,23.36 ,Completed,PayPal,23.36
ORD102935,2024-10-18,CUST1487,Andi Lee,East,Beauty,Moisturizer,3,23.36 ,Completed,PayPal,70.08
ORD103023,2024-10-31,CUST1391,Siti Pratama,East,Beauty,Sunscreen SPF50,1,23.39 ,Completed,Gift Card,23.39
ORD101277,2024-04-25,CUST1165,John Sari,East,Books,Fiction Novel,1,23.40 ,Completed,Credit Card,23.40
ORD100441,2024-06-12,CUST1821,Ayu Kurniawan,Midwest,Sports & Outdoors,Camping Tent,1,23.41 ,Completed,Debit Card,23.41
ORD101009,2024-03-04,CUST1367,James Salim,Midwest,Books,Self-Help Guide,4,23.41 ,Completed,PayPal,93.64
ORD100182,2024-07-10,CUST1188,James Lee,East,Books,Fiction Novel,4,23.41 ,Completed,Credit Card,93.64
ORD102465,2024-12-04,CUST1040,Lisa Garcia,East,Home & Kitchen,Non-Stick Pan,1,23.42 ,Completed,PayPal,23.42
ORD103149,2024-08-28,CUST1238,John Pratama,East,Books,Self-Help Guide,1,23.43 ,Pending,Gift Card,23.43
ORD103315,2024-12-20,CUST1714,Ayu Nugroho,East,Toys,RC Car,1,23.45 ,Completed,Debit Card,23.45
ORD101046,2024-12-13,CUST1111,Siti Halim,East,Beauty,Face Mask Set,2,23.45 ,Completed,PayPal,46.90
ORD103778,2024-02-13,CUST1313,David Wilson,East,Books,Children's Book,1,23.46 ,Completed,PayPal,23.46
ORD102141,2024-07-30,CUST1409,John Kurniawan,South,Books,Children's Book,1,23.49 ,Completed,PayPal,23.49
ORD102023,2023-06-01,CUST1850,Dewi Wijaya,East,Beauty,Moisturizer,1,23.54 ,Completed,Credit Card,23.54
ORD103266,2023-02-08,CUST1392,Nina Garcia,East,Sports & Outdoors,Jump Rope,2,23.55 ,Completed,Credit Card,47.10
ORD100984,2023-10-13,CUST1463,Linda Brown,East,Clothing,Hoodie,1,23.56 ,Cancelled,PayPal,23.56
ORD103008,2024-01-02,CUST1541,Linda Johnson,Midwest,Electronics,Power Bank,1,23.57 ,Completed,Credit Card,23.57
ORD103486,2023-04-25,CUST1087,Linda Tan,East,Toys,RC Car,1,23.58 ,Completed,Credit Card,23.58
ORD101119,2023-06-07,CUST1393,Putri Johnson,East,Books,Cookbook,1,23.58 ,Cancelled,PayPal,23.58
ORD100790,2023-01-24,CUST1624,Budi Smith,East,Books,Business Strategy Book,2,23.58 ,Completed,Unknown,47.16
ORD101905,2024-06-23,CUST1351,David Chen,Midwest,Books,Business Strategy Book,3,23.60 ,Completed,Unknown,70.80
ORD101339,2023-06-27,CUST1355,Michael Garcia,East,Toys,RC Car,1,23.65 ,Completed,Debit Card,23.65
ORD103370,2023-03-21,CUST1253,Ahmad Garcia,East,Beauty,Moisturizer,1,23.66 ,Completed,Unknown,23.66
ORD102263,2024-06-22,CUST1371,Sarah Taylor,Midwest,Books,Cookbook,1,23.67 ,Pending,PayPal,23.67
ORD102791,2024-11-22,CUST1343,Dewi Sari,East,Clothing,Denim Jeans,1,23.67 ,Completed,Gift Card,23.67
ORD103341,2023-09-20,CUST1294,James Yusuf,Midwest,Beauty,Lip Balm,3,23.67 ,Completed,Debit Card,71.01
ORD103906,2023-04-14,CUST1840,Maria Taylor,East,Sports & Outdoors,Camping Tent,1,23.69 ,Completed,Credit Card,23.69
ORD102186,2023-09-30,CUST1186,Andi Anderson,South,Beauty,Sunscreen SPF50,1,23.71 ,Completed,Debit Card,23.71
ORD102521,2024-09-14,CUST1198,Putri Anderson,East,Beauty,Shampoo,2,23.72 ,Completed,PayPal,47.44
ORD100656,2024-11-28,CUST1542,Linda Smith,East,Books,Children's Book,5,23.72 ,Completed,PayPal,118.60
ORD102309,2023-02-01,CUST1833,Putri Yusuf,East,Home & Kitchen,LED Desk Lamp,1,23.73 ,Completed,Gift Card,23.73
ORD101881,2023-12-03,CUST1330,Putri Johnson,Midwest,Books,Fiction Novel,1,23.73 ,Completed,Gift Card,23.73
ORD102836,2024-01-09,CUST1894,Putri Anderson,East,Beauty,Lip Balm,3,23.73 ,Returned,Gift Card,71.19
ORD103527,2024-04-02,CUST1495,Ayu Salim,East,Home & Kitchen,Storage Containers,1,23.75 ,Completed,PayPal,23.75
ORD101089,2023-01-17,CUST1066,Michael Lee,Midwest,Toys,RC Car,1,23.76 ,Completed,Gift Card,23.76
ORD102834,2023-03-05,CUST1344,Ahmad Salim,South,Sports & Outdoors,Camping Tent,2,23.78 ,Completed,PayPal,47.56
ORD100261,2023-05-19,CUST1268,Sarah Lee,East,Electronics,Webcam,1,23.80 ,Completed,Unknown,23.80
ORD100568,2024-06-25,CUST1103,Ahmad Salim,South,Sports & Outdoors,Camping Tent,1,23.81 ,Completed,PayPal,23.81
ORD103592,2023-08-17,CUST1863,David Pratama,East,Toys,Building Blocks,1,23.86 ,Returned,Debit Card,23.86
ORD100248,2024-06-20,CUST1064,James Lee,East,Beauty,Sunscreen SPF50,1,23.87 ,Completed,PayPal,23.87
ORD101987,2024-04-03,CUST1568,Budi Chen,East,Books,Self-Help Guide,1,23.88 ,Completed,Debit Card,23.88
ORD102691,2023-01-05,CUST1364,David Brown,East,Clothing,Baseball Cap,1,23.90 ,Returned,Credit Card,23.90
ORD101153,2024-04-26,CUST1058,John Johnson,East,Books,Cookbook,1,23.91 ,Completed,Gift Card,23.91
ORD101836,2023-09-18,CUST1082,Fajar Smith,West,Home & Kitchen,Throw Pillow,1,23.91 ,Completed,Credit Card,23.91
ORD103800,2024-01-13,CUST1079,Siti Sari,East,Books,Cookbook,1,23.92 ,Returned,Gift Card,23.92
ORD103082,2023-10-30,CUST1438,John Smith,Midwest,Sports & Outdoors,Jump Rope,2,23.92 ,Pending,Unknown,47.84
ORD100134,2024-02-02,CUST1609,Rina Chen,East,Home & Kitchen,Blender,1,23.93 ,Completed,Unknown,23.93
ORD100416,2024-04-13,CUST1506,Lisa Wilson,Midwest,Electronics,Wireless Mouse,1,23.97 ,Completed,PayPal,23.97
ORD100004,2024-04-02,CUST1436,Lisa Garcia,East,Clothing,Wool Socks,1,23.98 ,Completed,Debit Card,23.98
ORD103253,2024-07-27,CUST1110,Budi Lee,East,Books,Self-Help Guide,1,23.99 ,Completed,Credit Card,23.99
ORD102168,2024-10-28,CUST1681,Maria Hidayat,East,Clothing,Cotton T-Shirt,1,23.99 ,Completed,Credit Card,23.99
ORD102094,2023-09-22,CUST1190,Lisa Wijaya,Midwest,Home & Kitchen,Non-Stick Pan,1,24.00 ,Completed,Debit Card,24.00
ORD103358,2023-08-11,CUST1201,Linda Johnson,East,Books,Self-Help Guide,2,24.00 ,Completed,Credit Card,48.00
ORD103830,2024-09-06,CUST1626,Fajar Pratama,Midwest,Toys,Action Figure,1,24.02 ,Completed,Credit Card,24.02
ORD100204,2023-06-24,CUST1087,Linda Tan,East,Clothing,Running Shorts,1,24.07 ,Completed,Gift Card,24.07
ORD102414,2023-02-21,CUST1557,Rina Lee,Midwest,Books,Fiction Novel,2,24.08 ,Completed,PayPal,48.16
ORD100177,2023-07-28,CUST1699,John Yusuf,East,Home & Kitchen,Non-Stick Pan,1,24.09 ,Completed,Credit Card,24.09
ORD101353,2024-10-31,CUST1085,John Kurniawan,East,Clothing,Baseball Cap,3,24.12 ,Completed,PayPal,72.36
ORD103493,2024-06-14,CUST1456,Kevin Nugroho,East,Sports & Outdoors,Resistance Bands,3,24.13 ,Completed,Debit Card,72.39
ORD103010,2024-04-06,CUST1709,Maria Kurniawan,Midwest,Sports & Outdoors,Resistance Bands,1,24.13 ,Completed,Credit Card,24.13
ORD102018,2023-07-22,CUST1769,Nina Tan,Midwest,Home & Kitchen,Blender,1,24.14 ,Completed,Debit Card,24.14
ORD100616,2023-03-29,CUST1479,Nina Nugroho,East,Beauty,Sunscreen SPF50,4,24.14 ,Completed,Credit Card,96.56
ORD102593,2024-11-29,CUST1734,Ahmad Wilson,East,Books,Cookbook,1,24.17 ,Completed,PayPal,24.17
ORD102612,2024-05-31,CUST1501,Fajar Yusuf,East,Sports & Outdoors,Yoga Mat,3,24.19 ,Completed,Gift Card,72.57
ORD103749,2023-10-21,CUST1756,Putri Kurniawan,Midwest,Beauty,Lip Balm,1,24.22 ,Completed,PayPal,24.22
ORD100482,2024-09-30,CUST1224,Ayu Salim,South,Electronics,USB-C Cable,2,24.24 ,Completed,Gift Card,48.48
ORD101838,2023-01-09,CUST1048,Andi Kurniawan,East,Clothing,Wool Socks,1,24.26 ,Completed,PayPal,24.26
ORD102172,2024-04-01,CUST1819,Lisa Salim,East,Clothing,Winter Jacket,2,24.27 ,Cancelled,Unknown,48.54
ORD101253,2023-11-24,CUST1880,Dewi Johnson,East,Sports & Outdoors,Jump Rope,1,24.29 ,Completed,PayPal,24.29
ORD100922,2024-02-03,CUST1473,Maria Pratama,East,Books,Self-Help Guide,1,24.31 ,Completed,Debit Card,24.31
ORD103222,2024-09-07,CUST1886,Robert Taylor,East,Clothing,Denim Jeans,1,24.31 ,Completed,Debit Card,24.31
ORD100409,2023-09-30,CUST1506,Lisa Wilson,Midwest,Electronics,USB-C Cable,2,24.32 ,Completed,Unknown,48.64
ORD102379,2023-06-01,CUST1801,John Brown,East,Clothing,Baseball Cap,1,24.33 ,Completed,Gift Card,24.33
ORD101662,2024-04-08,CUST1121,David Nugroho,East,Home & Kitchen,Storage Containers,1,24.34 ,Completed,PayPal,24.34
ORD100650,2023-10-15,CUST1540,Dewi Yusuf,East,Clothing,Winter Jacket,2,24.34 ,Completed,Gift Card,48.68
ORD101559,2023-01-04,CUST1347,Siti Halim,South,Books,Cookbook,1,24.35 ,Completed,Credit Card,24.35
ORD101770,2024-06-12,CUST1043,Michael Wilson,East,Books,Fiction Novel,1,24.38 ,Returned,Gift Card,24.38
ORD101935,2024-07-02,CUST1214,Ahmad Tan,East,Electronics,Webcam,2,24.38 ,Completed,Gift Card,48.76
ORD102944,2023-03-25,CUST1152,Dewi Yusuf,Midwest,Toys,Puzzle 1000pc,3,24.40 ,Completed,Gift Card,73.20
ORD103242,2024-05-06,CUST1433,Sarah Tan,East,Books,Children's Book,1,24.41 ,Completed,PayPal,24.41
ORD101057,2024-08-18,CUST1415,Sarah Salim,East,Home & Kitchen,Cutting Board,1,24.42 ,Completed,PayPal,24.42
ORD101323,2023-03-16,CUST1299,Lisa Chen,Midwest,Beauty,Shampoo,5,24.42 ,Completed,Debit Card,122.10
ORD100641,2023-04-28,CUST1660,Andi Salim,East,Books,Self-Help Guide,1,24.48 ,Completed,Debit Card,24.48
ORD100402,2024-07-01,CUST1565,Rina Hidayat,East,Sports & Outdoors,Resistance Bands,1,24.49 ,Cancelled,Gift Card,24.49
ORD100813,2023-01-25,CUST1677,Fajar Anderson,Midwest,Beauty,Face Mask Set,1,24.50 ,Completed,Gift Card,24.50
ORD102734,2024-11-14,CUST1414,Ayu Chen,East,Home & Kitchen,Storage Containers,1,24.51 ,Completed,Credit Card,24.51
ORD100477,2024-04-20,CUST1675,Putri Kurniawan,East,Books,Fiction Novel,1,24.58 ,Completed,Credit Card,24.58
ORD102075,2023-02-07,CUST1075,Linda Anderson,Midwest,Sports & Outdoors,Yoga Mat,2,24.58 ,Completed,Credit Card,49.16
ORD102311,2024-10-30,CUST1579,Kevin Tan,East,Toys,Action Figure,1,24.59 ,Completed,Credit Card,24.59
ORD101039,2024-02-25,CUST1741,Siti Wilson,East,Beauty,Moisturizer,1,24.59 ,Completed,Debit Card,24.59
ORD103774,2024-06-01,CUST1135,Rina Kurniawan,Midwest,Books,Children's Book,2,24.61 ,Completed,PayPal,49.22
ORD103143,2023-05-30,CUST1155,Budi Brown,East,Books,Cookbook,1,24.66 ,Pending,Gift Card,24.66
ORD103051,2024-01-24,CUST1005,Dewi Wijaya,East,Electronics,Power Bank,2,24.67 ,Completed,Debit Card,49.34
ORD100301,2024-04-26,CUST1479,Nina Nugroho,East,Electronics,Wireless Mouse,1,24.68 ,Completed,PayPal,24.68
ORD102476,2024-11-20,CUST1246,Ayu Brown,East,Electronics,Webcam,4,24.69 ,Cancelled,Credit Card,98.76
ORD103217,2023-03-23,CUST1690,Fajar Garcia,East,Toys,Building Blocks,1,24.71 ,Completed,Gift Card,24.71
ORD101672,2024-01-02,CUST1433,Sarah Tan,East,Books,Cookbook,2,24.72 ,Completed,Credit Card,49.44
ORD103836,2024-11-08,CUST1507,Andi Brown,East,Electronics,Wireless Earbuds,2,24.72 ,Completed,Unknown,49.44
ORD100866,2024-09-16,CUST1416,Robert Nugroho,Midwest,Clothing,Baseball Cap,4,24.72 ,Completed,Debit Card,98.88
ORD101952,2024-05-13,CUST1002,Sarah Kurniawan,East,Toys,Action Figure,2,24.75 ,Completed,PayPal,49.50
ORD101345,2023-04-13,CUST1192,Lisa Kurniawan,East,Sports & Outdoors,Hiking Backpack,1,24.80 ,Completed,Credit Card,24.80
ORD100081,2024-07-16,CUST1295,Robert Taylor,East,Clothing,Baseball Cap,1,24.80 ,Completed,Credit Card,24.80
ORD103056,2024-09-03,CUST1023,Siti Wilson,East,Sports & Outdoors,Hiking Backpack,1,24.82 ,Completed,Debit Card,24.82
ORD100837,2023-11-27,CUST1649,Rina Wilson,East,Electronics,USB-C Cable,1,24.82 ,Completed,Gift Card,24.82
ORD100720,2023-05-25,CUST1620,Budi Chen,East,Toys,Building Blocks,1,24.83 ,Completed,PayPal,24.83
ORD100333,2024-09-25,CUST1753,Kevin Lee,East,Clothing,Running Shorts,2,24.84 ,Completed,PayPal,49.68
ORD102328,2024-02-15,CUST1441,Fajar Hidayat,East,Books,Cookbook,1,24.85 ,Completed,Gift Card,24.85
ORD100311,2024-09-30,CUST1140,Maria Wijaya,East,Beauty,Lip Balm,1,24.85 ,Completed,Gift Card,24.85
ORD102761,2024-02-03,CUST1469,Michael Lee,Midwest,Books,Fiction Novel,3,24.85 ,Pending,Debit Card,74.55
ORD100545,2023-11-28,CUST1876,John Hidayat,East,Books,Children's Book,1,24.89 ,Completed,Credit Card,24.89
ORD100044,2023-05-27,CUST1591,Fajar Wilson,East,Books,Self-Help Guide,1,24.90 ,Pending,PayPal,24.90
ORD100645,2024-10-22,CUST1861,Unknown Customer,East,Sports & Outdoors,Yoga Mat,3,24.93 ,Completed,Gift Card,74.79
ORD101338,2024-11-17,CUST1418,Unknown Customer,East,Sports & Outdoors,Camping Tent,4,24.96 ,Returned,Gift Card,99.84
ORD101536,2024-03-14,CUST1508,Unknown Customer,Midwest,Clothing,Denim Jeans,1,24.97 ,Completed,PayPal,24.97
ORD100892,2024-04-19,CUST1471,James Anderson,East,Beauty,Lip Balm,1,24.97 ,Completed,Debit Card,24.97
ORD103058,2024-06-30,CUST1466,Lisa Wijaya,East,Books,Business Strategy Book,2,24.98 ,Completed,Unknown,49.96
ORD102770,2024-01-14,CUST1764,Andi Yusuf,East,Beauty,Face Mask Set,4,24.98 ,Completed,PayPal,99.92
ORD103362,2024-01-06,CUST1033,Linda Sari,East,Books,Self-Help Guide,1,25.01 ,Completed,Credit Card,25.01
ORD102726,2024-08-08,CUST1125,Lisa Santos,East,Toys,Action Figure,1,25.01 ,Returned,Credit Card,25.01
ORD100295,2023-05-27,CUST1194,Maria Hidayat,East,Home & Kitchen,Cutting Board,2,25.02 ,Completed,Credit Card,50.04
ORD101346,2024-04-10,CUST1704,Dewi Nugroho,East,Books,Children's Book,1,25.03 ,Cancelled,Gift Card,25.03
ORD101814,2024-05-21,CUST1670,David Sari,Midwest,Books,Children's Book,1,25.03 ,Completed,Gift Card,25.03
ORD103483,2023-06-21,CUST1805,John Chen,South,Home & Kitchen,Storage Containers,2,25.03 ,Completed,Gift Card,50.06
ORD100029,2023-04-13,CUST1685,Budi Kurniawan,South,Books,Cookbook,1,25.04 ,Completed,Gift Card,25.04
ORD103788,2024-04-25,CUST1716,Budi Salim,East,Toys,Puzzle 1000pc,1,25.05 ,Cancelled,Credit Card,25.05
ORD102066,2024-08-09,CUST1039,Robert Tan,East,Books,Self-Help Guide,1,25.06 ,Completed,Credit Card,25.06
ORD102448,2023-01-01,CUST1136,Budi Hidayat,East,Electronics,Power Bank,1,25.07 ,Returned,PayPal,25.07
ORD103256,2023-01-31,CUST1616,Putri Wijaya,Midwest,Books,Self-Help Guide,1,25.08 ,Completed,Debit Card,25.08
ORD100222,2023-08-16,CUST1187,Dewi Anderson,Midwest,Toys,Action Figure,1,25.09 ,Completed,PayPal,25.09
ORD100631,2024-07-20,CUST1121,David Nugroho,East,Beauty,Sunscreen SPF50,2,25.10 ,Completed,Debit Card,50.20
ORD102701,2023-10-05,CUST1257,Sarah Taylor,East,Beauty,Sunscreen SPF50,4,25.10 ,Pending,Gift Card,100.40
ORD102386,2024-08-24,CUST1222,Dewi Sari,East,Books,Children's Book,1,25.16 ,Completed,Credit Card,25.16
ORD100694,2023-03-20,CUST1581,Rina Hidayat,East,Electronics,Wireless Earbuds,2,25.16 ,Completed,Gift Card,50.32
ORD102469,2023-06-25,CUST1263,John Santos,East,Books,Self-Help Guide,3,25.16 ,Completed,Debit Card,75.48
ORD103590,2024-06-07,CUST1249,Kevin Taylor,East,Home & Kitchen,LED Desk Lamp,2,25.18 ,Completed,Gift Card,50.36
ORD100758,2024-08-28,CUST1186,Andi Anderson,South,Beauty,Moisturizer,1,25.19 ,Completed,Credit Card,25.19
ORD103826,2023-03-22,CUST1500,Nina Hidayat,Midwest,Books,Children's Book,1,25.20 ,Completed,Debit Card,25.20
ORD101570,2023-11-25,CUST1754,Kevin Salim,Midwest,Books,Business Strategy Book,1,25.21 ,Completed,Gift Card,25.21
ORD103648,2023-05-07,CUST1335,Nina Yusuf,Midwest,Electronics,Wireless Mouse,1,25.23 ,Completed,PayPal,25.23
ORD101666,2023-03-07,CUST1274,Dewi Anderson,East,Beauty,Sunscreen SPF50,2,25.24 ,Completed,Debit Card,50.48
ORD101592,2023-07-10,CUST1351,David Chen,Midwest,Clothing,Baseball Cap,1,25.25 ,Completed,Credit Card,25.25
ORD102542,2023-03-16,CUST1714,Ayu Nugroho,East,Clothing,Cotton T-Shirt,1,25.29 ,Cancelled,Unknown,25.29
ORD103413,2023-10-29,CUST1399,Rina Lee,East,Books,Fiction Novel,2,25.30 ,Completed,Unknown,50.60
ORD102199,2023-11-04,CUST1137,Budi Wijaya,East,Books,Fiction Novel,1,25.32 ,Completed,Debit Card,25.32
ORD100552,2023-02-10,CUST1005,Dewi Wijaya,East,Books,Children's Book,1,25.33 ,Completed,PayPal,25.33
ORD103809,2024-09-19,CUST1211,Sarah Santos,East,Toys,Board Game,2,25.33 ,Cancelled,Credit Card,50.66
ORD100818,2024-11-24,CUST1233,Michael Lee,East,Sports & Outdoors,Resistance Bands,2,25.34 ,Pending,Debit Card,50.68
ORD101960,2023-03-21,CUST1623,John Yusuf,East,Toys,Board Game,1,25.35 ,Completed,Credit Card,25.35
ORD102354,2024-08-02,CUST1306,John Chen,East,Books,Self-Help Guide,2,25.35 ,Completed,PayPal,50.70
ORD103644,2023-04-05,CUST1240,Linda Chen,East,Books,Business Strategy Book,2,25.37 ,Completed,Debit Card,50.74
ORD101984,2023-07-13,CUST1311,John Nugroho,South,Electronics,Bluetooth Speaker,1,25.38 ,Completed,Debit Card,25.38
ORD100055,2023-04-09,CUST1832,Rina Pratama,South,Beauty,Lip Balm,2,25.39 ,Completed,PayPal,50.78
ORD102891,2024-03-21,CUST1267,Maria Anderson,East,Toys,RC Car,2,25.40 ,Completed,PayPal,50.80
ORD102318,2023-03-25,CUST1003,Siti Anderson,East,Beauty,Moisturizer,1,25.44 ,Completed,Debit Card,25.44
ORD101044,2023-03-06,CUST1674,Dewi Lee,East,Books,Self-Help Guide,4,25.46 ,Completed,Credit Card,101.84
ORD103616,2024-02-26,CUST1128,Rina Taylor,East,Beauty,Moisturizer,1,25.47 ,Completed,Debit Card,25.47
ORD102312,2024-11-26,CUST1474,Kevin Sari,East,Books,Business Strategy Book,2,25.47 ,Completed,Gift Card,50.94
ORD100017,2023-07-14,CUST1254,Nina Garcia,East,Toys,Puzzle 1000pc,1,25.48 ,Completed,Gift Card,25.48
ORD102654,2023-11-16,CUST1164,Kevin Tan,South,Books,Self-Help Guide,1,25.48 ,Completed,Gift Card,25.48
ORD100063,2024-03-17,CUST1276,Rina Nugroho,East,Electronics,Smartphone Case,1,25.49 ,Completed,Gift Card,25.49
ORD102342,2024-02-28,CUST1477,Budi Tan,South,Beauty,Lip Balm,1,25.50 ,Completed,Gift Card,25.50
ORD103042,2024-06-01,CUST1566,Sarah Chen,Midwest,Books,Children's Book,2,25.51 ,Completed,Credit Card,51.02
ORD103738,2023-04-17,CUST1657,Lisa Brown,Midwest,Books,Cookbook,1,25.52 ,Completed,Gift Card,25.52
ORD102646,2023-04-01,CUST1865,Ayu Salim,East,Electronics,Smartphone Case,1,25.52 ,Completed,PayPal,25.52
ORD103024,2023-04-18,CUST1231,Dewi Smith,Midwest,Books,Children's Book,1,25.52 ,Completed,Debit Card,25.52
ORD100431,2023-01-09,CUST1301,Sarah Tan,East,Books,Children's Book,1,25.54 ,Completed,Gift Card,25.54
ORD102811,2024-07-25,CUST1235,Nina Halim,East,Books,Self-Help Guide,2,25.55 ,Completed,Credit Card,51.10
ORD100214,2024-09-05,CUST1823,John Johnson,South,Books,Self-Help Guide,1,25.56 ,Completed,PayPal,25.56
ORD103986,2024-11-02,CUST1749,Unknown Customer,West,Toys,Board Game,1,25.57 ,Completed,Gift Card,25.57
ORD102748,2024-09-02,CUST1657,Lisa Brown,Midwest,Sports & Outdoors,Resistance Bands,1,25.58 ,Completed,Debit Card,25.58
ORD100183,2024-11-15,CUST1633,James Kurniawan,East,Books,Children's Book,2,25.58 ,Completed,PayPal,51.16
ORD101595,2023-05-16,CUST1897,Linda Kurniawan,South,Toys,Board Game,1,25.59 ,Cancelled,PayPal,25.59
ORD100859,2023-08-19,CUST1865,Ayu Salim,East,Beauty,Face Mask Set,1,25.62 ,Completed,Credit Card,25.62
ORD102454,2024-09-25,CUST1634,James Sari,East,Books,Self-Help Guide,1,25.62 ,Pending,Gift Card,25.62
ORD101145,2024-05-15,CUST1569,David Kurniawan,East,Home & Kitchen,Blender,1,25.62 ,Completed,Gift Card,25.62
ORD101252,2024-11-13,CUST1085,John Kurniawan,East,Beauty,Shampoo,2,25.63 ,Completed,Gift Card,51.26
ORD102959,2024-07-01,CUST1237,Nina Anderson,East,Books,Self-Help Guide,2,25.64 ,Completed,Unknown,51.28
ORD101819,2023-02-09,CUST1343,Dewi Sari,East,Books,Self-Help Guide,1,25.66 ,Completed,Credit Card,25.66
ORD100254,2024-10-10,CUST1322,Ahmad Wijaya,Midwest,Books,Self-Help Guide,1,25.66 ,Completed,Debit Card,25.66
ORD100857,2023-01-17,CUST1370,Rina Anderson,East,Toys,Puzzle 1000pc,1,25.68 ,Completed,Debit Card,25.68
ORD102529,2023-03-10,CUST1058,John Johnson,East,Toys,Board Game,2,25.69 ,Completed,Credit Card,51.38
ORD103298,2024-06-16,CUST1173,John Tan,East,Toys,Action Figure,2,25.71 ,Completed,Credit Card,51.42
ORD100633,2023-10-09,CUST1826,Maria Halim,East,Toys,Board Game,1,25.72 ,Completed,PayPal,25.72
ORD103866,2024-08-13,CUST1753,Kevin Lee,East,Books,Cookbook,1,25.74 ,Completed,Debit Card,25.74
ORD102264,2023-03-24,CUST1693,Lisa Santos,East,Beauty,Sunscreen SPF50,1,25.74 ,Completed,Unknown,25.74
ORD101837,2023-08-07,CUST1826,Maria Halim,East,Books,Cookbook,4,25.75 ,Completed,Debit Card,103.00
ORD100073,2024-05-02,CUST1466,Lisa Wijaya,East,Toys,Puzzle 1000pc,1,25.77 ,Completed,Gift Card,25.77
ORD102581,2023-07-08,CUST1822,Ayu Wilson,East,Sports & Outdoors,Jump Rope,1,25.77 ,Completed,Gift Card,25.77
ORD101501,2023-03-15,CUST1848,Sarah Nugroho,East,Electronics,Wireless Earbuds,2,25.80 ,Completed,Credit Card,51.60
ORD103742,2024-05-19,CUST1589,Siti Nugroho,East,Books,Business Strategy Book,1,25.83 ,Completed,Gift Card,25.83
ORD103890,2024-03-05,CUST1007,Budi Garcia,East,Beauty,Face Mask Set,1,25.86 ,Completed,PayPal,25.86
ORD100655,2023-10-07,CUST1441,Fajar Hidayat,East,Books,Self-Help Guide,2,25.86 ,Completed,Credit Card,51.72
ORD100201,2023-08-05,CUST1450,David Santos,East,Clothing,Denim Jeans,1,25.87 ,Completed,PayPal,25.87
ORD100422,2024-01-12,CUST1701,John Santos,Midwest,Books,Cookbook,1,25.87 ,Completed,Gift Card,25.87
ORD100969,2023-09-03,CUST1608,Dewi Lee,East,Books,Cookbook,1,25.88 ,Completed,Debit Card,25.88
ORD101780,2023-01-02,CUST1492,Sarah Nugroho,Midwest,Beauty,Sunscreen SPF50,1,25.88 ,Completed,Credit Card,25.88
ORD103507,2024-05-13,CUST1611,Maria Sari,East,Toys,RC Car,1,25.88 ,Returned,PayPal,25.88
ORD101275,2023-05-14,CUST1105,Rina Pratama,Midwest,Clothing,Hoodie,1,25.88 ,Completed,Gift Card,25.88
ORD100286,2024-04-27,CUST1437,John Tan,East,Toys,Action Figure,1,25.90 ,Completed,Debit Card,25.90
ORD101341,2023-06-16,CUST1828,Andi Chen,East,Beauty,Moisturizer,2,25.90 ,Returned,PayPal,51.80
ORD100834,2024-08-07,CUST1628,John Chen,South,Beauty,Moisturizer,3,25.90 ,Completed,PayPal,77.71
ORD101361,2023-11-09,CUST1183,Maria Santos,West,Electronics,USB-C Cable,1,25.91 ,Completed,Credit Card,25.91
ORD103247,2024-11-26,CUST1177,Ayu Pratama,East,Beauty,Sunscreen SPF50,1,25.92 ,Completed,Debit Card,25.92
ORD100944,2024-10-16,CUST1380,Lisa Brown,Midwest,Beauty,Sunscreen SPF50,1,25.92 ,Completed,PayPal,25.92
ORD103415,2023-03-19,CUST1722,Sarah Wilson,Midwest,Books,Children's Book,1,25.92 ,Completed,PayPal,25.92
ORD102268,2023-07-30,CUST1410,Fajar Hidayat,Midwest,Clothing,Wool Socks,3,25.94 ,Completed,Gift Card,77.82
ORD100312,2024-07-13,CUST1867,Nina Garcia,Midwest,Beauty,Shampoo,1,25.94 ,Completed,Credit Card,25.94
ORD100772,2024-03-07,CUST1396,David Wijaya,East,Beauty,Lip Balm,1,25.97 ,Completed,Gift Card,25.97
ORD100195,2023-05-24,CUST1111,Siti Halim,East,Clothing,Wool Socks,2,25.97 ,Cancelled,PayPal,51.94
ORD103626,2023-07-25,CUST1657,Lisa Brown,Midwest,Electronics,Webcam,1,25.98 ,Completed,Debit Card,25.98
ORD100288,2024-09-16,CUST1746,Siti Garcia,East,Beauty,Lip Balm,1,25.99 ,Completed,Debit Card,25.99
ORD100424,2024-03-23,CUST1662,Siti Lee,Midwest,Books,Fiction Novel,1,26.00 ,Completed,Gift Card,26.00
ORD103765,2023-05-25,CUST1455,Linda Taylor,East,Sports & Outdoors,Water Bottle,2,26.00 ,Completed,Debit Card,52.00
ORD103762,2024-08-15,CUST1232,Michael Chen,East,Books,Self-Help Guide,3,26.02 ,Completed,Gift Card,78.06
ORD101117,2024-12-12,CUST1641,Rina Nugroho,Midwest,Books,Business Strategy Book,1,26.03 ,Completed,Credit Card,26.03
ORD100764,2024-03-25,CUST1166,Ahmad Garcia,East,Sports & Outdoors,Hiking Backpack,1,26.03 ,Completed,Gift Card,26.03
ORD100266,2023-03-03,CUST1679,Siti Halim,East,Books,Fiction Novel,2,26.03 ,Completed,Debit Card,52.06
ORD102776,2023-07-25,CUST1812,Putri Hidayat,Midwest,Electronics,Wireless Earbuds,1,26.05 ,Returned,Gift Card,26.05
ORD103288,2023-01-22,CUST1147,Sarah Wilson,East,Electronics,Wireless Mouse,1,26.05 ,Completed,Debit Card,26.05
ORD100427,2023-07-09,CUST1271,Lisa Chen,East,Home & Kitchen,Throw Pillow,1,26.05 ,Completed,Debit Card,26.05
ORD100956,2024-04-07,CUST1120,Dewi Johnson,Midwest,Beauty,Sunscreen SPF50,1,26.07 ,Completed,PayPal,26.07
ORD101031,2023-10-11,CUST1217,Michael Santos,East,Books,Fiction Novel,2,26.07 ,Completed,Credit Card,52.14
ORD102313,2024-05-20,CUST1719,Unknown Customer,Midwest,Home & Kitchen,Storage Containers,5,26.08 ,Cancelled,PayPal,130.40
ORD100174,2024-02-27,CUST1351,David Chen,Midwest,Home & Kitchen,Cutting Board,2,26.13 ,Completed,Debit Card,52.26
ORD103881,2024-06-25,CUST1097,Fajar Anderson,East,Sports & Outdoors,Hiking Backpack,2,26.14 ,Cancelled,Debit Card,52.28
ORD102105,2024-03-23,CUST1141,Fajar Taylor,East,Books,Children's Book,1,26.15 ,Completed,PayPal,26.15
ORD101206,2023-01-07,CUST1872,Siti Taylor,East,Books,Self-Help Guide,1,26.15 ,Completed,Credit Card,26.15
ORD102808,2024-04-10,CUST1676,Lisa Wijaya,Midwest,Toys,Action Figure,1,26.20 ,Completed,Debit Card,26.20
ORD100776,2023-02-21,CUST1124,Siti Wijaya,East,Toys,Board Game,2,26.20 ,Cancelled,Debit Card,52.40
ORD103220,2024-07-13,CUST1445,Kevin Anderson,East,Books,Children's Book,4,26.20 ,Completed,Credit Card,104.80
ORD103883,2024-06-13,CUST1485,Dewi Smith,East,Clothing,Cotton T-Shirt,1,26.21 ,Completed,Credit Card,26.21
ORD102346,2023-09-16,CUST1362,Linda Taylor,Midwest,Toys,Puzzle 1000pc,1,26.24 ,Cancelled,Credit Card,26.24
ORD103314,2023-08-04,CUST1821,Ayu Kurniawan,Midwest,Electronics,Bluetooth Speaker,2,26.26 ,Pending,Debit Card,52.52
ORD103936,2023-11-10,CUST1143,Linda Wijaya,East,Beauty,Moisturizer,2,26.27 ,Completed,Credit Card,52.54
ORD100162,2023-04-27,CUST1095,Sarah Smith,East,Home & Kitchen,Throw Pillow,1,26.33 ,Completed,Gift Card,26.33
ORD100067,2023-07-01,CUST1617,Robert Tan,East,Beauty,Shampoo,1,26.34 ,Pending,Debit Card,26.34
ORD102394,2024-02-01,CUST1497,David Halim,Midwest,Beauty,Sunscreen SPF50,1,26.39 ,Completed,Credit Card,26.39
ORD103241,2023-10-06,CUST1323,James Garcia,Midwest,Clothing,Baseball Cap,1,26.39 ,Cancelled,Credit Card,26.39
ORD101420,2023-04-25,CUST1783,Ayu Taylor,East,Home & Kitchen,Throw Pillow,1,26.41 ,Cancelled,PayPal,26.41
ORD100700,2023-01-29,CUST1026,Putri Yusuf,East,Books,Self-Help Guide,1,26.43 ,Completed,Gift Card,26.43
ORD101591,2023-04-05,CUST1629,James Tan,Midwest,Electronics,Power Bank,1,26.43 ,Completed,PayPal,26.43
ORD100998,2023-01-01,CUST1155,Budi Brown,East,Sports & Outdoors,Hiking Backpack,4,26.43 ,Pending,PayPal,105.72
ORD102388,2023-11-03,CUST1279,Rina Garcia,East,Toys,Puzzle 1000pc,2,26.44 ,Completed,Unknown,52.88
ORD101917,2024-01-05,CUST1090,Lisa Pratama,East,Beauty,Moisturizer,5,26.48 ,Completed,Debit Card,132.40
ORD100808,2023-07-06,CUST1574,Ahmad Hidayat,East,Books,Self-Help Guide,2,26.52 ,Completed,Debit Card,53.04
ORD101902,2023-03-22,CUST1771,Putri Salim,East,Beauty,Face Mask Set,1,26.53 ,Completed,Gift Card,26.53
ORD101928,2024-01-26,CUST1225,Siti Wilson,Midwest,Books,Business Strategy Book,1,26.53 ,Completed,PayPal,26.53
ORD100635,2023-11-18,CUST1640,Siti Smith,East,Electronics,USB-C Cable,1,26.53 ,Completed,Gift Card,26.53
ORD101564,2023-09-06,CUST1779,Andi Yusuf,East,Sports & Outdoors,Yoga Mat,1,26.53 ,Completed,PayPal,26.53
ORD100719,2023-12-22,CUST1284,Lisa Smith,East,Books,Business Strategy Book,1,26.54 ,Completed,Credit Card,26.54
ORD100292,2023-08-02,CUST1855,James Brown,East,Books,Self-Help Guide,2,26.54 ,Completed,Debit Card,53.08
ORD103085,2023-07-04,CUST1364,David Brown,East,Books,Self-Help Guide,1,26.55 ,Completed,Credit Card,26.55
ORD103584,2023-11-16,CUST1357,Andi Garcia,Midwest,Sports & Outdoors,Resistance Bands,1,26.56 ,Pending,Gift Card,26.56
ORD100299,2023-01-30,CUST1346,Dewi Taylor,East,Books,Children's Book,1,26.59 ,Completed,Credit Card,26.59
ORD103031,2024-10-26,CUST1843,Siti Hidayat,East,Beauty,Moisturizer,1,26.59 ,Completed,Credit Card,26.59
ORD102882,2023-03-17,CUST1578,Putri Salim,Midwest,Books,Business Strategy Book,1,26.59 ,Completed,Credit Card,26.59
ORD100945,2024-03-18,CUST1506,Lisa Wilson,Midwest,Beauty,Sunscreen SPF50,2,26.61 ,Completed,Debit Card,53.22
ORD101111,2024-11-28,CUST1719,Nina Yusuf,Midwest,Books,Business Strategy Book,1,26.62 ,Returned,Credit Card,26.62
ORD100187,2024-04-06,CUST1841,Putri Anderson,East,Clothing,Hoodie,1,26.63 ,Completed,Gift Card,26.63
ORD100381,2023-12-31,CUST1285,John Kurniawan,Midwest,Toys,Action Figure,1,26.67 ,Completed,Gift Card,26.67
ORD102359,2023-05-02,CUST1067,Nina Halim,East,Toys,Building Blocks,2,26.69 ,Cancelled,Gift Card,53.38
ORD101773,2023-12-07,CUST1487,Andi Lee,East,Toys,Building Blocks,1,26.71 ,Pending,PayPal,26.71
ORD103397,2024-12-10,CUST1445,Kevin Anderson,East,Sports & Outdoors,Resistance Bands,1,26.72 ,Pending,Credit Card,26.72
ORD103610,2024-05-24,CUST1484,James Anderson,East,Books,Cookbook,1,26.72 ,Completed,PayPal,26.72
ORD101517,2024-08-07,CUST1459,Rina Smith,East,Toys,Puzzle 1000pc,2,26.73 ,Completed,Debit Card,53.46
ORD102746,2024-09-07,CUST1729,Rina Halim,East,Clothing,Hoodie,1,26.74 ,Completed,Credit Card,26.74
ORD103844,2023-09-23,CUST1314,Michael Pratama,East,Toys,Board Game,2,26.74 ,Cancelled,Credit Card,53.48
ORD103594,2024-11-16,CUST1871,Andi Smith,East,Electronics,Bluetooth Speaker,1,26.75 ,Completed,Debit Card,26.75
ORD100252,2023-07-17,CUST1103,Ahmad Salim,South,Beauty,Shampoo,1,26.76 ,Completed,PayPal,26.76
ORD102860,2024-10-10,CUST1000,Siti Santos,Midwest,Books,Children's Book,2,26.77 ,Completed,PayPal,53.54
ORD101469,2024-09-17,CUST1121,David Nugroho,East,Beauty,Lip Balm,2,26.80 ,Completed,Gift Card,53.60
ORD100796,2023-09-28,CUST1145,Linda Smith,East,Clothing,Baseball Cap,1,26.82 ,Completed,Credit Card,26.82
ORD100584,2023-08-14,CUST1466,Lisa Wijaya,East,Books,Business Strategy Book,2,26.82 ,Completed,Debit Card,53.64
ORD103822,2024-04-26,CUST1587,Robert Santos,East,Beauty,Sunscreen SPF50,1,26.83 ,Completed,Debit Card,26.83
ORD101827,2023-09-04,CUST1434,Fajar Pratama,West,Books,Cookbook,1,26.84 ,Completed,PayPal,26.84
ORD102544,2023-10-12,CUST1253,Ahmad Garcia,East,Toys,Board Game,3,26.86 ,Completed,Credit Card,80.58
ORD101550,2023-05-03,CUST1082,Fajar Smith,West,Beauty,Sunscreen SPF50,2,26.89 ,Completed,Unknown,53.78
ORD102323,2023-05-01,CUST1295,Unknown Customer,East,Books,Fiction Novel,2,26.91 ,Completed,PayPal,53.82
ORD102749,2023-10-22,CUST1026,Putri Yusuf,East,Books,Children's Book,1,26.97 ,Completed,PayPal,26.97
ORD101995,2024-06-15,CUST1886,Robert Taylor,East,Beauty,Lip Balm,1,26.97 ,Completed,Gift Card,26.97
ORD103088,2024-09-26,CUST1244,Nina Pratama,East,Home & Kitchen,Cutting Board,2,27.07 ,Completed,Gift Card,54.14
ORD101453,2023-09-26,CUST1543,Ayu Wilson,East,Home & Kitchen,Storage Containers,1,27.08 ,Completed,PayPal,27.08
ORD101842,2024-01-25,CUST1683,Putri Lee,East,Beauty,Moisturizer,4,27.12 ,Completed,Gift Card,108.48
ORD103249,2023-02-14,CUST1341,Fajar Wijaya,East,Toys,Building Blocks,4,27.13 ,Completed,Unknown,108.52
ORD100794,2024-05-07,CUST1733,Lisa Sari,East,Books,Fiction Novel,1,27.16 ,Cancelled,Credit Card,27.16
ORD103101,2023-07-31,CUST1078,Rina Santos,East,Beauty,Face Mask Set,1,27.17 ,Completed,PayPal,27.17
ORD103103,2023-01-07,CUST1180,Rina Tan,East,Beauty,Face Mask Set,1,27.18 ,Pending,PayPal,27.18
ORD100302,2024-05-14,CUST1681,Maria Hidayat,East,Home & Kitchen,Throw Pillow,5,27.18 ,Completed,Gift Card,135.90
ORD102922,2023-03-29,CUST1308,Robert Yusuf,East,Books,Fiction Novel,1,27.19 ,Completed,PayPal,27.19
ORD101851,2024-02-02,CUST1425,Linda Anderson,East,Home & Kitchen,Cutting Board,4,27.19 ,Completed,Gift Card,108.76
ORD101373,2024-09-18,CUST1712,David Nugroho,East,Toys,Board Game,4,27.20 ,Cancelled,Credit Card,108.80
ORD102140,2023-07-16,CUST1237,Nina Anderson,East,Beauty,Shampoo,1,27.21 ,Completed,Credit Card,27.21
ORD102567,2024-05-14,CUST1304,Unknown Customer,East,Clothing,Baseball Cap,4,27.23 ,Completed,Credit Card,108.92
ORD101968,2023-04-01,CUST1781,Andi Yusuf,Midwest,Books,Children's Book,1,27.24 ,Completed,PayPal,27.24
ORD100967,2024-04-26,CUST1349,Unknown Customer,East,Home & Kitchen,Throw Pillow,4,27.24 ,Completed,Gift Card,108.96
ORD101381,2024-07-20,CUST1633,James Kurniawan,East,Books,Children's Book,1,27.25 ,Completed,PayPal,27.25
ORD101312,2024-09-29,CUST1445,Kevin Anderson,East,Clothing,Wool Socks,2,27.25 ,Cancelled,Gift Card,54.50
ORD102970,2023-02-04,CUST1229,Kevin Anderson,East,Home & Kitchen,Throw Pillow,3,27.26 ,Completed,Credit Card,81.78
ORD103695,2024-07-05,CUST1487,Andi Lee,East,Books,Self-Help Guide,1,27.27 ,Completed,Debit Card,27.27
ORD103907,2023-10-11,CUST1305,Linda Nugroho,East,Clothing,Cotton T-Shirt,1,27.28 ,Cancelled,Debit Card,27.28
ORD103508,2024-05-29,CUST1482,Sarah Johnson,East,Beauty,Sunscreen SPF50,2,27.28 ,Completed,Credit Card,54.56
ORD101437,2023-08-19,CUST1656,Ayu Yusuf,Midwest,Beauty,Face Mask Set,2,27.29 ,Returned,Gift Card,54.58
ORD100347,2024-01-03,CUST1012,Andi Yusuf,East,Beauty,Lip Balm,1,27.32 ,Completed,Credit Card,27.32
ORD103025,2024-12-28,CUST1014,Linda Halim,Midwest,Electronics,Wireless Mouse,1,27.33 ,Completed,Credit Card,27.33
ORD102717,2023-11-20,CUST1264,Siti Halim,East,Beauty,Face Mask Set,2,27.35 ,Completed,Debit Card,54.70
ORD102000,2024-05-09,CUST1448,Maria Halim,East,Books,Children's Book,4,27.36 ,Completed,PayPal,109.44
ORD103197,2024-10-12,CUST1745,Ahmad Halim,East,Sports & Outdoors,Jump Rope,1,27.37 ,Completed,Credit Card,27.37
ORD101900,2023-12-18,CUST1153,Fajar Salim,East,Clothing,Wool Socks,1,27.40 ,Completed,Debit Card,27.40
ORD103752,2023-07-20,CUST1814,Michael Taylor,East,Books,Cookbook,2,27.41 ,Completed,Gift Card,54.82
ORD103691,2024-07-24,CUST1124,Siti Wijaya,East,Sports & Outdoors,Water Bottle,1,27.42 ,Completed,PayPal,27.42
ORD100452,2023-05-27,CUST1383,David Garcia,East,Home & Kitchen,Blender,4,27.44 ,Completed,Gift Card,109.76
ORD103591,2023-08-17,CUST1771,Putri Salim,East,Toys,Action Figure,1,27.46 ,Cancelled,PayPal,27.46
ORD101741,2023-07-09,CUST1046,Michael Pratama,Midwest,Home & Kitchen,Storage Containers,1,27.47 ,Completed,Gift Card,27.47
ORD102905,2024-09-02,CUST1864,John Anderson,South,Books,Business Strategy Book,1,27.47 ,Completed,Credit Card,27.47
ORD101388,2024-09-07,CUST1701,John Santos,Midwest,Toys,RC Car,2,27.47 ,Completed,PayPal,54.94
ORD103602,2023-12-09,CUST1888,Putri Tan,East,Home & Kitchen,Blender,5,27.47 ,Returned,Gift Card,137.35
ORD101771,2024-02-19,CUST1622,Michael Garcia,East,Electronics,Smartphone Case,1,27.50 ,Cancelled,PayPal,27.50
ORD100763,2024-10-06,CUST1674,Dewi Lee,East,Books,Fiction Novel,1,27.51 ,Completed,Credit Card,27.51
ORD101967,2023-08-31,CUST1178,Michael Pratama,Midwest,Toys,RC Car,1,27.52 ,Cancelled,Gift Card,27.52
ORD100376,2023-08-08,CUST1288,Ahmad Halim,East,Clothing,Baseball Cap,2,27.53 ,Returned,Gift Card,55.06
ORD100618,2023-08-07,CUST1063,David Anderson,East,Toys,RC Car,3,27.53 ,Completed,Credit Card,82.59
ORD101575,2023-06-13,CUST1445,Kevin Anderson,East,Beauty,Face Mask Set,1,27.54 ,Completed,PayPal,27.54
ORD102664,2024-12-14,CUST1250,Linda Smith,East,Beauty,Face Mask Set,1,27.54 ,Cancelled,Gift Card,27.54
ORD101434,2024-08-06,CUST1761,Ahmad Johnson,East,Sports & Outdoors,Yoga Mat,2,27.54 ,Completed,Credit Card,55.08
ORD101974,2023-10-26,CUST1011,Dewi Garcia,East,Clothing,Cotton T-Shirt,2,27.54 ,Completed,Gift Card,55.08
ORD101091,2024-08-01,CUST1652,Ahmad Smith,Midwest,Books,Cookbook,1,27.56 ,Completed,Credit Card,27.56
ORD103685,2024-10-29,CUST1815,Budi Garcia,Midwest,Books,Business Strategy Book,1,27.57 ,Completed,Gift Card,27.57
ORD102322,2023-04-29,CUST1487,Andi Lee,East,Books,Children's Book,2,27.57 ,Completed,PayPal,55.14
ORD100446,2023-11-08,CUST1815,Budi Garcia,Midwest,Books,Business Strategy Book,1,27.58 ,Completed,Credit Card,27.58
ORD103451,2023-03-23,CUST1698,James Johnson,South,Beauty,Face Mask Set,1,27.58 ,Completed,PayPal,27.58
ORD102433,2023-08-26,CUST1543,Ayu Wilson,East,Clothing,Winter Jacket,1,27.59 ,Completed,Debit Card,27.59
ORD102128,2024-08-16,CUST1400,James Yusuf,East,Electronics,Power Bank,1,27.59 ,Completed,PayPal,27.59
ORD102651,2024-01-10,CUST1867,Nina Garcia,Midwest,Sports & Outdoors,Resistance Bands,1,27.62 ,Completed,Debit Card,27.62
ORD100598,2024-01-28,CUST1812,Unknown Customer,Midwest,Beauty,Face Mask Set,1,27.67 ,Completed,Gift Card,27.67
ORD102040,2024-11-14,CUST1321,Putri Garcia,Midwest,Books,Business Strategy Book,1,27.68 ,Completed,Gift Card,27.68
ORD102527,2023-04-07,CUST1160,James Nugroho,East,Toys,Building Blocks,1,27.69 ,Completed,Debit Card,27.69
ORD103950,2023-12-20,CUST1678,Lisa Brown,Midwest,Beauty,Face Mask Set,2,27.71 ,Completed,PayPal,55.42
ORD100485,2023-09-11,CUST1388,Rina Tan,East,Beauty,Moisturizer,1,27.72 ,Completed,Debit Card,27.72
ORD103806,2024-04-24,CUST1070,Kevin Johnson,Midwest,Sports & Outdoors,Hiking Backpack,2,27.72 ,Completed,PayPal,55.44
ORD101412,2023-05-09,CUST1410,Fajar Hidayat,Midwest,Books,Cookbook,1,27.73 ,Completed,Credit Card,27.73
ORD101231,2024-01-07,CUST1379,Putri Halim,East,Toys,Action Figure,3,27.75 ,Completed,Credit Card,83.25
ORD102043,2024-03-06,CUST1724,James Pratama,East,Books,Self-Help Guide,1,27.76 ,Returned,Credit Card,27.76
ORD102064,2023-03-06,CUST1743,Linda Chen,East,Sports & Outdoors,Camping Tent,1,27.77 ,Pending,PayPal,27.77
ORD100426,2024-02-07,CUST1016,John Pratama,Midwest,Electronics,Wireless Mouse,1,27.81 ,Completed,Gift Card,27.81
ORD102939,2023-01-05,CUST1816,John Kurniawan,East,Toys,RC Car,1,27.83 ,Completed,PayPal,27.83
ORD100372,2023-01-30,CUST1611,Maria Sari,East,Books,Self-Help Guide,4,27.83 ,Completed,Credit Card,111.32
ORD100899,2023-02-10,CUST1116,Michael Lee,East,Beauty,Shampoo,1,27.84 ,Completed,Gift Card,27.84
ORD102694,2024-05-06,CUST1194,Maria Hidayat,East,Beauty,Face Mask Set,3,27.86 ,Cancelled,Gift Card,83.58
ORD102677,2024-08-16,CUST1439,Maria Johnson,East,Books,Children's Book,4,27.88 ,Completed,Debit Card,111.52
ORD102193,2024-06-11,CUST1476,Andi Wijaya,East,Beauty,Lip Balm,1,27.92 ,Cancelled,PayPal,27.92
ORD100041,2023-01-04,CUST1182,Dewi Tan,East,Books,Children's Book,1,27.92 ,Completed,Debit Card,27.92
ORD103287,2024-09-22,CUST1062,Andi Salim,South,Beauty,Sunscreen SPF50,1,27.94 ,Completed,Unknown,27.94
ORD100514,2023-01-22,CUST1523,Michael Chen,East,Beauty,Shampoo,1,27.99 ,Completed,Credit Card,27.99
ORD103180,2023-02-24,CUST1443,Andi Hidayat,East,Sports & Outdoors,Water Bottle,1,28.01 ,Completed,Debit Card,28.01
ORD103911,2024-02-11,CUST1483,Nina Anderson,East,Books,Fiction Novel,1,28.01 ,Completed,Credit Card,28.01
ORD100713,2023-12-16,CUST1598,Nina Halim,Midwest,Beauty,Shampoo,1,28.02 ,Completed,Credit Card,28.02
ORD102945,2023-06-29,CUST1352,Lisa Taylor,East,Toys,Board Game,1,28.03 ,Completed,Credit Card,28.03
ORD103063,2023-09-10,CUST1276,Rina Nugroho,East,Sports & Outdoors,Hiking Backpack,1,28.04 ,Completed,Credit Card,28.04
ORD103279,2024-02-09,CUST1117,Sarah Pratama,East,Electronics,Wireless Earbuds,1,28.04 ,Completed,Gift Card,28.04
ORD102670,2023-02-28,CUST1657,Lisa Brown,Midwest,Home & Kitchen,Coffee Maker,4,28.09 ,Completed,Debit Card,112.36
ORD103805,2023-06-29,CUST1217,Michael Santos,East,Sports & Outdoors,Hiking Backpack,1,28.10 ,Completed,Gift Card,28.10
ORD102750,2023-12-09,CUST1772,Ahmad Hidayat,East,Toys,RC Car,1,28.11 ,Completed,Debit Card,28.11
ORD100082,2024-10-31,CUST1451,Ahmad Garcia,East,Books,Cookbook,2,28.13 ,Completed,Debit Card,56.26
ORD103345,2024-09-30,CUST1884,Kevin Salim,East,Toys,Puzzle 1000pc,1,28.14 ,Pending,PayPal,28.14
ORD102252,2024-08-14,CUST1457,David Johnson,East,Books,Self-Help Guide,1,28.14 ,Completed,Credit Card,28.14
ORD102160,2024-10-25,CUST1373,James Smith,East,Books,Business Strategy Book,1,28.15 ,Completed,Debit Card,28.15
ORD102607,2023-04-01,CUST1369,Sarah Halim,East,Clothing,Wool Socks,1,28.18 ,Completed,Credit Card,28.18
ORD102735,2024-12-31,CUST1696,David Hidayat,East,Electronics,USB-C Cable,1,28.19 ,Returned,Credit Card,28.19
ORD103982,2023-08-17,CUST1121,David Nugroho,East,Books,Cookbook,1,28.22 ,Returned,PayPal,28.22
ORD103194,2023-03-22,CUST1468,Michael Tan,East,Clothing,Baseball Cap,1,28.22 ,Completed,PayPal,28.22
ORD103475,2024-04-16,CUST1125,Lisa Santos,East,Electronics,Laptop Stand,1,28.26 ,Returned,Credit Card,28.26
ORD100562,2024-02-21,CUST1833,Putri Yusuf,East,Clothing,Hoodie,2,28.28 ,Completed,Credit Card,56.56
ORD102625,2023-05-15,CUST1238,John Pratama,East,Home & Kitchen,LED Desk Lamp,2,28.30 ,Completed,Credit Card,56.60
ORD102585,2023-12-28,CUST1130,Maria Johnson,East,Home & Kitchen,Coffee Maker,1,28.32 ,Completed,Debit Card,28.32
ORD103381,2023-11-04,CUST1032,Andi Sari,East,Books,Self-Help Guide,1,28.36 ,Returned,Gift Card,28.36
ORD100313,2024-06-13,CUST1145,Linda Smith,East,Beauty,Sunscreen SPF50,1,28.37 ,Completed,Credit Card,28.37
ORD102821,2023-05-19,CUST1475,Ayu Taylor,South,Books,Fiction Novel,2,28.37 ,Completed,Credit Card,56.74
ORD100206,2024-09-21,CUST1153,Fajar Salim,East,Books,Fiction Novel,1,28.39 ,Completed,Credit Card,28.39
ORD100652,2024-12-26,CUST1779,Andi Yusuf,East,Books,Business Strategy Book,3,28.42 ,Completed,PayPal,85.26
ORD103335,2023-10-04,CUST1104,Sarah Tan,East,Toys,Board Game,4,28.43 ,Completed,Debit Card,113.72
ORD103013,2023-10-04,CUST1079,Siti Sari,East,Clothing,Winter Jacket,1,28.46 ,Cancelled,Gift Card,28.46
ORD103547,2024-05-18,CUST1647,Nina Nugroho,Midwest,Sports & Outdoors,Resistance Bands,1,28.46 ,Pending,Credit Card,28.46
ORD101855,2023-12-09,CUST1713,Dewi Taylor,East,Books,Children's Book,2,28.53 ,Completed,Debit Card,57.06
ORD100965,2024-05-05,CUST1382,David Hidayat,East,Sports & Outdoors,Camping Tent,1,28.54 ,Completed,Gift Card,28.54
ORD100020,2024-02-08,CUST1696,David Hidayat,East,Books,Fiction Novel,1,28.56 ,Completed,Debit Card,28.56
ORD102396,2024-07-29,CUST1682,Ayu Hidayat,South,Toys,RC Car,2,28.56 ,Completed,Credit Card,57.12
ORD103938,2024-05-25,CUST1235,Nina Halim,East,Sports & Outdoors,Yoga Mat,1,28.57 ,Completed,Credit Card,28.57
ORD101558,2023-11-03,CUST1169,Lisa Hidayat,Midwest,Books,Children's Book,1,28.58 ,Cancelled,Debit Card,28.58
ORD103579,2023-06-26,CUST1780,Lisa Wijaya,East,Electronics,Wireless Earbuds,2,28.59 ,Completed,Gift Card,57.18
ORD103203,2024-12-12,CUST1851,Robert Salim,East,Toys,Puzzle 1000pc,1,28.60 ,Completed,Credit Card,28.60
ORD102976,2024-10-02,CUST1784,Kevin Kurniawan,West,Beauty,Lip Balm,1,28.61 ,Completed,PayPal,28.61
ORD102226,2024-06-12,CUST1880,Dewi Johnson,East,Clothing,Running Shorts,5,28.62 ,Completed,Gift Card,143.10
ORD100307,2024-03-21,CUST1210,Nina Garcia,East,Beauty,Face Mask Set,1,28.64 ,Completed,Debit Card,28.64
ORD100189,2024-07-12,CUST1160,James Nugroho,East,Books,Cookbook,1,28.65 ,Completed,PayPal,28.65
ORD100900,2023-01-21,CUST1451,Ahmad Garcia,East,Books,Business Strategy Book,1,28.69 ,Pending,Debit Card,28.69
ORD100643,2024-11-29,CUST1284,Lisa Smith,East,Beauty,Sunscreen SPF50,2,28.69 ,Completed,Debit Card,57.38
ORD101316,2023-05-08,CUST1592,Putri Lee,West,Beauty,Face Mask Set,1,28.72 ,Completed,Unknown,28.72
ORD101233,2024-01-05,CUST1585,Robert Anderson,East,Home & Kitchen,Non-Stick Pan,1,28.73 ,Completed,Debit Card,28.73
ORD102781,2023-02-03,CUST1400,James Yusuf,East,Beauty,Moisturizer,2,28.73 ,Completed,PayPal,57.46
ORD101178,2024-12-07,CUST1681,Maria Hidayat,East,Beauty,Moisturizer,1,28.74 ,Returned,Credit Card,28.74
ORD102425,2024-05-22,CUST1706,Putri Hidayat,South,Books,Children's Book,1,28.76 ,Completed,Credit Card,28.76
ORD103318,2023-10-23,CUST1163,Lisa Pratama,East,Toys,RC Car,1,28.79 ,Completed,PayPal,28.79
ORD102630,2023-07-03,CUST1295,Robert Taylor,East,Clothing,Baseball Cap,1,28.80 ,Cancelled,Debit Card,28.80
ORD101014,2023-07-27,CUST1245,Dewi Yusuf,Midwest,Books,Business Strategy Book,2,28.80 ,Completed,Gift Card,57.60
ORD100941,2024-02-12,CUST1064,James Lee,East,Beauty,Shampoo,1,28.83 ,Completed,Credit Card,28.83
ORD103750,2024-05-07,CUST1002,Sarah Kurniawan,East,Clothing,Winter Jacket,1,28.85 ,Pending,Credit Card,28.85
ORD101752,2023-05-10,CUST1641,Rina Nugroho,Midwest,Books,Children's Book,1,28.86 ,Pending,Debit Card,28.86
ORD100724,2023-09-09,CUST1325,Ayu Kurniawan,East,Clothing,Baseball Cap,1,28.87 ,Completed,Gift Card,28.87
ORD103201,2023-07-08,CUST1649,Rina Wilson,East,Books,Cookbook,1,28.89 ,Completed,Credit Card,28.89
ORD103735,2023-01-31,CUST1339,Siti Hidayat,East,Books,Fiction Novel,1,28.90 ,Cancelled,Debit Card,28.90
ORD101681,2024-10-08,CUST1234,Nina Salim,East,Sports & Outdoors,Camping Tent,1,28.90 ,Completed,Credit Card,28.90
ORD102005,2023-07-27,CUST1537,Putri Sari,Midwest,Toys,Board Game,3,28.92 ,Cancelled,Credit Card,86.76
ORD101812,2023-09-17,CUST1504,Rina Sari,East,Toys,Puzzle 1000pc,1,28.93 ,Returned,PayPal,28.93
ORD100712,2024-04-04,CUST1078,Rina Santos,East,Home & Kitchen,LED Desk Lamp,1,28.93 ,Completed,PayPal,28.93
ORD101438,2024-08-21,CUST1693,Lisa Santos,East,Clothing,Hoodie,1,28.95 ,Completed,Credit Card,28.95
ORD101082,2024-03-04,CUST1245,Dewi Yusuf,Midwest,Sports & Outdoors,Resistance Bands,2,28.96 ,Completed,Debit Card,57.92
ORD101727,2024-07-23,CUST1097,Fajar Anderson,East,Beauty,Face Mask Set,1,28.97 ,Completed,Gift Card,28.97
ORD100016,2023-11-23,CUST1353,Andi Halim,East,Sports & Outdoors,Water Bottle,2,28.97 ,Completed,Credit Card,57.94
ORD102332,2023-03-17,CUST1839,John Tan,East,Books,Self-Help Guide,1,28.98 ,Completed,Gift Card,28.98
ORD103821,2023-07-20,CUST1177,Ayu Pratama,East,Electronics,Laptop Stand,1,28.99 ,Completed,Debit Card,28.99
ORD102897,2024-03-03,CUST1621,James Wijaya,East,Books,Cookbook,1,29.02 ,Completed,Gift Card,29.02
ORD100114,2023-08-08,CUST1391,Siti Pratama,East,Beauty,Lip Balm,1,29.02 ,Returned,Debit Card,29.02
ORD101389,2023-12-23,CUST1850,Dewi Wijaya,East,Electronics,Smartphone Case,2,29.05 ,Completed,PayPal,58.10
ORD100943,2023-08-26,CUST1001,David Garcia,Midwest,Beauty,Moisturizer,2,29.05 ,Completed,Credit Card,58.10
ORD100986,2024-07-20,CUST1275,Andi Johnson,East,Toys,Puzzle 1000pc,1,29.10 ,Completed,PayPal,29.10
ORD102241,2024-06-21,CUST1349,John Halim,East,Books,Business Strategy Book,1,29.11 ,Cancelled,Gift Card,29.11
ORD101512,2023-05-16,CUST1870,Dewi Chen,East,Clothing,Running Shorts,2,29.11 ,Completed,Credit Card,58.22
ORD102967,2023-11-26,CUST1582,Michael Lee,East,Books,Children's Book,1,29.14 ,Completed,Gift Card,29.14
ORD101116,2023-11-02,CUST1733,Lisa Sari,East,Beauty,Face Mask Set,1,29.15 ,Cancelled,Debit Card,29.15
ORD101475,2024-04-24,CUST1140,Maria Wijaya,East,Toys,Board Game,5,29.15 ,Completed,Gift Card,145.75
ORD101190,2023-03-17,CUST1638,Maria Kurniawan,East,Toys,Building Blocks,1,29.17 ,Completed,Credit Card,29.17
ORD100331,2024-05-15,CUST1143,Linda Wijaya,East,Electronics,USB-C Cable,1,29.22 ,Completed,Unknown,29.22
ORD101477,2024-11-20,CUST1108,Rina Garcia,East,Electronics,Smartphone Case,1,29.22 ,Completed,Debit Card,29.22
ORD103421,2023-11-05,CUST1716,Budi Salim,East,Home & Kitchen,LED Desk Lamp,1,29.22 ,Completed,Credit Card,29.22
ORD100766,2023-11-04,CUST1410,Fajar Hidayat,Midwest,Books,Fiction Novel,1,29.24 ,Cancelled,PayPal,29.24
ORD102854,2023-12-14,CUST1248,Andi Pratama,East,Toys,Action Figure,1,29.27 ,Completed,Gift Card,29.27
ORD102444,2023-11-06,CUST1899,Maria Hidayat,South,Beauty,Shampoo,1,29.28 ,Cancelled,Debit Card,29.28
ORD101007,2023-04-21,CUST1196,Putri Pratama,East,Toys,Puzzle 1000pc,3,29.28 ,Completed,Unknown,87.84
ORD100399,2024-08-21,CUST1243,James Hidayat,Midwest,Books,Fiction Novel,1,29.31 ,Completed,PayPal,29.31
ORD100636,2024-09-20,CUST1032,Andi Sari,East,Electronics,Laptop Stand,1,29.33 ,Completed,Credit Card,29.33
ORD103402,2024-05-15,CUST1701,John Santos,Midwest,Books,Fiction Novel,1,29.36 ,Completed,Debit Card,29.36
ORD101138,2023-05-17,CUST1071,Kevin Lee,Midwest,Books,Cookbook,1,29.38 ,Completed,Credit Card,29.38
ORD103029,2023-10-21,CUST1703,Budi Wilson,East,Toys,Building Blocks,1,29.39 ,Completed,Gift Card,29.39
ORD103391,2024-02-26,CUST1687,Siti Sari,East,Sports & Outdoors,Camping Tent,1,29.43 ,Completed,Gift Card,29.43
ORD101262,2023-07-08,CUST1188,James Lee,East,Home & Kitchen,Coffee Maker,2,29.43 ,Completed,PayPal,58.86
ORD102189,2023-12-06,CUST1167,Putri Hidayat,East,Toys,RC Car,2,29.44 ,Completed,Debit Card,58.88
ORD101303,2024-12-24,CUST1362,Linda Taylor,Midwest,Beauty,Sunscreen SPF50,2,29.44 ,Completed,Gift Card,58.88
ORD103131,2024-04-26,CUST1377,Putri Taylor,Midwest,Toys,Puzzle 1000pc,4,29.44 ,Completed,Unknown,117.76
ORD101436,2024-08-20,CUST1276,Rina Nugroho,East,Toys,Building Blocks,2,29.45 ,Completed,Gift Card,58.90
ORD102584,2023-11-19,CUST1042,Sarah Wijaya,East,Toys,Puzzle 1000pc,4,29.45 ,Completed,Gift Card,117.80
ORD102165,2023-10-18,CUST1839,John Tan,East,Toys,RC Car,2,29.47 ,Completed,Debit Card,58.94
ORD102728,2023-03-29,CUST1552,Andi Sari,Midwest,Books,Cookbook,1,29.48 ,Completed,Credit Card,29.48
ORD103570,2023-09-03,CUST1860,Rina Nugroho,East,Beauty,Face Mask Set,1,29.49 ,Completed,Gift Card,29.49
ORD103055,2024-05-13,CUST1387,Budi Pratama,East,Toys,Board Game,1,29.51 ,Completed,Unknown,29.51
ORD100554,2024-12-09,CUST1143,Linda Wijaya,East,Books,Children's Book,1,29.53 ,Completed,PayPal,29.53
ORD102227,2024-01-24,CUST1359,Ayu Wilson,South,Home & Kitchen,Non-Stick Pan,1,29.55 ,Completed,Debit Card,29.55
ORD100132,2023-03-22,CUST1486,Sarah Lee,Midwest,Books,Cookbook,3,29.57 ,Completed,Unknown,88.71
ORD100851,2023-02-13,CUST1499,David Santos,East,Books,Business Strategy Book,1,29.59 ,Completed,Credit Card,29.59
ORD102796,2023-03-12,CUST1038,Linda Nugroho,East,Beauty,Shampoo,1,29.61 ,Completed,Gift Card,29.61
ORD100542,2023-11-13,CUST1290,Lisa Nugroho,East,Clothing,Wool Socks,1,29.62 ,Completed,Credit Card,29.62
ORD101661,2023-01-23,CUST1839,John Tan,East,Toys,Board Game,2,29.63 ,Completed,PayPal,59.26
ORD103096,2024-10-25,CUST1752,Linda Smith,Midwest,Clothing,Denim Jeans,1,29.64 ,Completed,Unknown,29.64
ORD100607,2024-08-06,CUST1653,Michael Chen,Midwest,Electronics,USB-C Cable,2,29.67 ,Completed,Gift Card,59.34
ORD102441,2024-09-29,CUST1798,Siti Anderson,East,Beauty,Sunscreen SPF50,3,29.68 ,Completed,Debit Card,89.04
ORD101005,2023-04-05,CUST1755,Budi Sari,East,Electronics,Smartphone Case,1,29.75 ,Returned,PayPal,29.75
ORD102397,2023-08-08,CUST1667,Robert Halim,Midwest,Sports & Outdoors,Resistance Bands,1,29.75 ,Pending,PayPal,29.75
ORD102556,2023-04-22,CUST1244,Nina Pratama,East,Clothing,Baseball Cap,1,29.76 ,Returned,Debit Card,29.76
ORD101004,2023-08-29,CUST1405,Rina Lee,East,Books,Cookbook,1,29.76 ,Completed,PayPal,29.76
ORD103276,2024-12-12,CUST1801,John Brown,East,Beauty,Face Mask Set,1,29.81 ,Completed,PayPal,29.81
ORD101161,2024-05-08,CUST1076,Kevin Santos,East,Beauty,Shampoo,1,29.83 ,Returned,Gift Card,29.83
ORD103321,2023-12-19,CUST1443,Andi Hidayat,East,Books,Cookbook,1,29.83 ,Returned,Debit Card,29.83
ORD100443,2024-11-28,CUST1676,Lisa Wijaya,Midwest,Books,Self-Help Guide,1,29.84 ,Completed,Debit Card,29.84
ORD101944,2024-02-17,CUST1041,Michael Wijaya,East,Books,Children's Book,2,29.84 ,Completed,Unknown,59.68
ORD102817,2023-11-14,CUST1133,Andi Hidayat,East,Beauty,Moisturizer,2,29.84 ,Completed,Gift Card,59.68
ORD102652,2024-03-24,CUST1680,Putri Halim,East,Books,Self-Help Guide,1,29.87 ,Completed,Debit Card,29.87
ORD102771,2024-08-21,CUST1455,Linda Taylor,East,Toys,Action Figure,1,29.87 ,Completed,PayPal,29.87
ORD103254,2024-02-02,CUST1649,Rina Wilson,East,Beauty,Shampoo,1,29.87 ,Completed,Debit Card,29.87
ORD101625,2023-12-04,CUST1133,Andi Hidayat,East,Electronics,Smartphone Case,1,29.89 ,Completed,Unknown,29.89
ORD103284,2024-01-06,CUST1734,Ahmad Wilson,East,Books,Children's Book,1,29.89 ,Completed,Debit Card,29.89
ORD103871,2024-08-16,CUST1223,Michael Halim,East,Books,Fiction Novel,3,29.94 ,Completed,Credit Card,89.82
ORD103625,2023-04-13,CUST1783,Ayu Taylor,East,Books,Business Strategy Book,1,29.95 ,Completed,Debit Card,29.95
ORD100260,2024-03-18,CUST1402,Rina Nugroho,East,Sports & Outdoors,Hiking Backpack,1,29.97 ,Completed,Gift Card,29.97
ORD103208,2024-05-08,CUST1519,Andi Santos,East,Home & Kitchen,Blender,5,29.98 ,Completed,Unknown,149.90
ORD100059,2023-11-03,CUST1601,Nina Taylor,East,Clothing,Baseball Cap,4,30.00 ,Completed,PayPal,120.00
ORD101936,2023-10-15,CUST1820,Maria Brown,East,Books,Cookbook,2,30.01 ,Completed,Gift Card,60.02
ORD101772,2024-08-05,CUST1818,Siti Salim,East,Books,Children's Book,1,30.04 ,Completed,Gift Card,30.04
ORD103868,2023-07-06,CUST1160,James Nugroho,East,Clothing,Running Shorts,1,30.04 ,Completed,Gift Card,30.04
ORD100240,2024-02-06,CUST1863,David Pratama,East,Toys,Puzzle 1000pc,5,30.04 ,Completed,Gift Card,150.20
ORD103526,2024-10-01,CUST1547,Andi Tan,Midwest,Books,Fiction Novel,1,30.05 ,Completed,Gift Card,30.05
ORD103622,2024-05-03,CUST1070,Kevin Johnson,Midwest,Books,Children's Book,1,30.06 ,Completed,Credit Card,30.06
ORD102510,2024-08-19,CUST1667,Robert Halim,Midwest,Toys,RC Car,1,30.06 ,Completed,Credit Card,30.06
ORD100989,2024-10-24,CUST1693,Lisa Santos,East,Toys,Board Game,1,30.06 ,Returned,Debit Card,30.06
ORD100460,2024-05-19,CUST1123,Andi Anderson,East,Electronics,USB-C Cable,2,30.07 ,Completed,Gift Card,60.14
ORD101523,2023-05-19,CUST1175,Lisa Kurniawan,East,Toys,RC Car,1,30.08 ,Completed,PayPal,30.08
ORD100146,2024-11-07,CUST1153,Fajar Salim,East,Books,Cookbook,2,30.09 ,Completed,PayPal,60.18
ORD101471,2023-01-14,CUST1050,Sarah Anderson,East,Electronics,Bluetooth Speaker,2,30.09 ,Completed,Gift Card,60.18
ORD101207,2024-08-14,CUST1572,Maria Yusuf,East,Clothing,Denim Jeans,1,30.11 ,Completed,Debit Card,30.11
ORD101602,2024-07-24,CUST1337,Budi Smith,East,Clothing,Winter Jacket,1,30.11 ,Completed,Credit Card,30.11
ORD103994,2024-01-17,CUST1058,John Johnson,East,Electronics,USB-C Cable,1,30.13 ,Cancelled,Gift Card,30.13
ORD102373,2024-06-06,CUST1288,Ahmad Halim,East,Books,Fiction Novel,2,30.21 ,Completed,Debit Card,60.42
ORD103901,2024-06-18,CUST1609,Rina Chen,East,Toys,Action Figure,2,30.22 ,Completed,Debit Card,60.44
ORD100940,2023-01-15,CUST1209,Andi Sari,East,Electronics,Wireless Earbuds,1,30.24 ,Completed,PayPal,30.24
ORD103146,2024-06-21,CUST1561,Nina Santos,East,Books,Business Strategy Book,1,30.25 ,Completed,Credit Card,30.25
ORD101041,2023-04-24,CUST1469,Michael Lee,Midwest,Books,Self-Help Guide,1,30.28 ,Cancelled,PayPal,30.28
ORD100102,2023-01-13,CUST1740,Dewi Hidayat,East,Electronics,USB-C Cable,1,30.29 ,Completed,Gift Card,30.29
ORD101488,2023-02-07,CUST1432,Andi Smith,East,Toys,Board Game,1,30.29 ,Completed,Gift Card,30.29
ORD102224,2023-05-05,CUST1588,David Anderson,East,Sports & Outdoors,Camping Tent,1,30.30 ,Completed,Debit Card,30.30
ORD103941,2024-09-27,CUST1364,David Brown,East,Books,Self-Help Guide,2,30.31 ,Completed,Debit Card,60.62
ORD102552,2023-11-15,CUST1512,Rina Wilson,Midwest,Beauty,Face Mask Set,2,30.34 ,Completed,Debit Card,60.68
ORD103259,2023-06-10,CUST1386,Lisa Johnson,East,Beauty,Lip Balm,3,30.34 ,Completed,Gift Card,91.02
ORD101179,2023-03-27,CUST1798,Unknown Customer,East,Books,Children's Book,4,30.37 ,Pending,Credit Card,121.48
ORD101115,2023-02-08,CUST1802,Ahmad Yusuf,East,Books,Fiction Novel,3,30.39 ,Cancelled,Credit Card,91.17
ORD100775,2023-01-08,CUST1777,Ayu Chen,East,Sports & Outdoors,Jump Rope,2,30.40 ,Completed,Debit Card,60.80
ORD100621,2024-11-11,CUST1611,Maria Sari,East,Clothing,Cotton T-Shirt,1,30.43 ,Pending,Debit Card,30.43
ORD101431,2024-04-21,CUST1556,Budi Wilson,East,Books,Fiction Novel,1,30.45 ,Completed,Debit Card,30.45
ORD101878,2023-02-08,CUST1755,Budi Sari,East,Books,Children's Book,1,30.47 ,Completed,Debit Card,30.47
ORD101596,2023-01-17,CUST1141,Fajar Taylor,East,Beauty,Lip Balm,1,30.48 ,Completed,Gift Card,30.48
ORD100938,2023-01-01,CUST1031,Robert Tan,East,Books,Fiction Novel,1,30.49 ,Completed,Gift Card,30.49
ORD101651,2023-06-04,CUST1017,Michael Lee,South,Beauty,Lip Balm,1,30.50 ,Completed,Gift Card,30.50
ORD102021,2024-05-09,CUST1009,James Anderson,Midwest,Books,Fiction Novel,1,30.52 ,Completed,Gift Card,30.52
ORD103851,2023-04-01,CUST1839,John Tan,East,Beauty,Lip Balm,2,30.53 ,Completed,Debit Card,61.06
ORD102035,2023-05-06,CUST1601,Nina Taylor,East,Home & Kitchen,LED Desk Lamp,4,30.54 ,Completed,Debit Card,122.16
ORD100394,2024-04-18,CUST1744,Andi Sari,East,Beauty,Moisturizer,1,30.58 ,Completed,PayPal,30.58
ORD101934,2023-06-12,CUST1152,Dewi Yusuf,Midwest,Books,Cookbook,2,30.58 ,Completed,PayPal,61.16
ORD103551,2024-06-08,CUST1215,Putri Salim,Midwest,Clothing,Winter Jacket,1,30.61 ,Completed,Debit Card,30.61
ORD102512,2024-03-26,CUST1862,Ahmad Santos,East,Beauty,Face Mask Set,1,30.64 ,Completed,Gift Card,30.64
ORD100052,2023-12-27,CUST1657,Lisa Brown,Midwest,Beauty,Lip Balm,3,30.64 ,Completed,Gift Card,91.92
ORD100802,2024-08-01,CUST1866,Dewi Lee,Midwest,Toys,Action Figure,1,30.66 ,Completed,Gift Card,30.66
ORD101470,2023-07-27,CUST1893,John Wijaya,East,Books,Children's Book,2,30.66 ,Completed,PayPal,61.32
ORD100418,2024-08-27,CUST1697,Michael Sari,East,Beauty,Moisturizer,3,30.66 ,Returned,Credit Card,91.98
ORD102138,2023-10-31,CUST1242,Robert Anderson,Midwest,Beauty,Moisturizer,2,30.68 ,Completed,Unknown,61.36
ORD101372,2023-12-25,CUST1607,Fajar Kurniawan,East,Sports & Outdoors,Hiking Backpack,2,30.69 ,Completed,PayPal,61.38
ORD100932,2023-02-08,CUST1563,James Yusuf,Midwest,Electronics,Wireless Earbuds,2,30.70 ,Completed,Gift Card,61.40
ORD103719,2023-03-22,CUST1808,Michael Kurniawan,Midwest,Home & Kitchen,Blender,3,30.71 ,Completed,Credit Card,92.13
ORD100285,2024-08-15,CUST1676,Lisa Wijaya,Midwest,Beauty,Sunscreen SPF50,1,30.73 ,Completed,Credit Card,30.73
ORD101647,2023-08-22,CUST1514,Rina Wijaya,Midwest,Books,Fiction Novel,1,30.73 ,Completed,Credit Card,30.73
ORD100472,2023-11-20,CUST1229,Kevin Anderson,East,Electronics,Power Bank,1,30.74 ,Completed,PayPal,30.74
ORD100353,2023-03-31,CUST1689,Siti Tan,East,Beauty,Moisturizer,1,30.74 ,Completed,PayPal,30.74
ORD101950,2024-03-31,CUST1678,Lisa Brown,Midwest,Books,Children's Book,2,30.76 ,Completed,Gift Card,61.52
ORD102063,2024-08-17,CUST1094,Siti Garcia,East,Toys,Action Figure,1,30.79 ,Completed,PayPal,30.79
ORD100433,2023-01-22,CUST1637,Linda Tan,East,Beauty,Face Mask Set,1,30.80 ,Completed,PayPal,30.80
ORD103534,2023-08-29,CUST1726,John Tan,East,Books,Self-Help Guide,2,30.80 ,Completed,Credit Card,61.60
ORD100245,2023-01-22,CUST1807,Lisa Wilson,Midwest,Beauty,Face Mask Set,1,30.81 ,Completed,Unknown,30.81
ORD101192,2024-12-18,CUST1569,David Kurniawan,East,Books,Fiction Novel,5,30.81 ,Completed,PayPal,154.05
ORD103572,2024-10-10,CUST1147,Sarah Wilson,East,Electronics,USB-C Cable,2,30.83 ,Completed,Credit Card,61.66
ORD103125,2024-12-19,CUST1638,Maria Kurniawan,East,Beauty,Lip Balm,3,30.85 ,Completed,Debit Card,92.55
ORD101313,2024-04-18,CUST1585,Robert Anderson,East,Clothing,Baseball Cap,1,30.86 ,Completed,Gift Card,30.86
ORD100389,2024-01-22,CUST1020,Putri Chen,East,Beauty,Lip Balm,1,30.87 ,Completed,Debit Card,30.87
ORD103300,2023-06-20,CUST1002,Sarah Kurniawan,East,Beauty,Shampoo,1,30.88 ,Completed,Credit Card,30.88
ORD102869,2023-10-23,CUST1460,Rina Sari,East,Books,Business Strategy Book,1,30.88 ,Pending,PayPal,30.88
ORD103659,2023-06-23,CUST1153,Fajar Salim,East,Toys,Puzzle 1000pc,1,30.89 ,Completed,PayPal,30.89
ORD100972,2023-09-18,CUST1581,Rina Hidayat,East,Sports & Outdoors,Hiking Backpack,1,30.90 ,Completed,Debit Card,30.90
ORD101311,2024-08-28,CUST1017,Michael Lee,South,Books,Fiction Novel,1,30.92 ,Completed,Gift Card,30.92
ORD102228,2024-11-23,CUST1273,Ayu Salim,East,Toys,Building Blocks,1,30.96 ,Completed,Debit Card,30.96
ORD101120,2024-11-29,CUST1697,Michael Sari,East,Books,Fiction Novel,1,30.99 ,Completed,PayPal,30.99
ORD100588,2023-06-01,CUST1159,Michael Smith,East,Sports & Outdoors,Water Bottle,1,31.00 ,Returned,Credit Card,31.00
ORD103560,2023-08-22,CUST1871,Andi Smith,East,Home & Kitchen,Coffee Maker,2,31.00 ,Completed,Gift Card,62.00
ORD101673,2023-10-28,CUST1282,Sarah Tan,East,Toys,Board Game,3,31.00 ,Completed,PayPal,93.00
ORD101385,2024-05-10,CUST1258,Ayu Smith,East,Clothing,Winter Jacket,1,31.02 ,Completed,Debit Card,31.02
ORD100502,2024-02-05,CUST1294,James Yusuf,Midwest,Beauty,Lip Balm,2,31.02 ,Completed,PayPal,62.04
ORD101133,2023-11-21,CUST1286,Sarah Wilson,South,Books,Self-Help Guide,3,31.02 ,Completed,Debit Card,93.06
ORD103426,2024-11-21,CUST1465,Nina Wilson,Midwest,Home & Kitchen,Throw Pillow,3,31.03 ,Cancelled,Credit Card,93.09
ORD103783,2023-05-22,CUST1396,David Wijaya,East,Toys,Building Blocks,1,31.08 ,Completed,Debit Card,31.08
ORD100384,2023-11-19,CUST1032,Andi Sari,East,Sports & Outdoors,Yoga Mat,2,31.08 ,Cancelled,Gift Card,62.16
ORD100553,2024-11-04,CUST1305,Linda Nugroho,East,Home & Kitchen,Storage Containers,1,31.12 ,Completed,Debit Card,31.12
ORD103299,2024-09-08,CUST1107,Fajar Yusuf,East,Home & Kitchen,Cutting Board,1,31.13 ,Completed,Credit Card,31.13
ORD102716,2023-12-16,CUST1483,Nina Anderson,East,Beauty,Shampoo,1,31.14 ,Completed,Gift Card,31.14
ORD100388,2023-06-23,CUST1067,Nina Halim,East,Toys,RC Car,5,31.14 ,Completed,Debit Card,155.70
ORD100298,2024-07-09,CUST1637,Linda Tan,East,Books,Business Strategy Book,1,31.15 ,Completed,Debit Card,31.15
ORD100030,2023-10-22,CUST1416,Unknown Customer,Midwest,Beauty,Lip Balm,1,31.17 ,Completed,Credit Card,31.17
ORD101320,2023-03-22,CUST1436,Lisa Garcia,East,Books,Cookbook,1,31.17 ,Completed,Debit Card,31.17
ORD103074,2024-11-12,CUST1322,Ahmad Wijaya,Midwest,Clothing,Baseball Cap,1,31.17 ,Completed,Gift Card,31.17
ORD103792,2024-01-05,CUST1225,Siti Wilson,Midwest,Sports & Outdoors,Camping Tent,1,31.18 ,Completed,Debit Card,31.18
ORD100300,2023-12-07,CUST1606,Lisa Halim,East,Beauty,Lip Balm,1,31.19 ,Completed,Credit Card,31.19
ORD103464,2024-12-09,CUST1580,Linda Tan,Midwest,Beauty,Face Mask Set,2,31.22 ,Completed,Debit Card,62.44
ORD101569,2023-07-13,CUST1464,Dewi Taylor,East,Books,Business Strategy Book,1,31.25 ,Cancelled,Gift Card,31.25
ORD100492,2023-05-02,CUST1659,Kevin Hidayat,Midwest,Electronics,Power Bank,2,31.25 ,Completed,Credit Card,62.50
ORD103262,2023-05-04,CUST1650,Dewi Lee,East,Electronics,Wireless Mouse,2,31.27 ,Completed,Credit Card,62.54
ORD102575,2023-04-02,CUST1089,Dewi Pratama,Midwest,Home & Kitchen,Throw Pillow,1,31.29 ,Completed,PayPal,31.29
ORD101667,2023-08-22,CUST1578,Putri Salim,Midwest,Books,Fiction Novel,1,31.30 ,Completed,Debit Card,31.30
ORD102351,2024-02-09,CUST1595,Lisa Brown,South,Sports & Outdoors,Water Bottle,1,31.31 ,Completed,Gift Card,31.31
ORD103084,2024-09-20,CUST1452,Fajar Yusuf,East,Books,Self-Help Guide,1,31.32 ,Completed,PayPal,31.32
ORD102004,2024-07-27,CUST1076,Kevin Santos,East,Sports & Outdoors,Yoga Mat,2,31.32 ,Completed,Gift Card,62.64
ORD100637,2023-04-28,CUST1524,Robert Smith,West,Toys,Puzzle 1000pc,1,31.33 ,Cancelled,Credit Card,31.33
ORD103449,2023-04-18,CUST1740,Unknown Customer,East,Books,Business Strategy Book,1,31.34 ,Completed,Credit Card,31.34
ORD102714,2023-08-22,CUST1572,Maria Yusuf,East,Books,Business Strategy Book,2,31.35 ,Completed,PayPal,62.70
ORD103543,2023-08-17,CUST1205,David Johnson,East,Clothing,Winter Jacket,1,31.36 ,Completed,Debit Card,31.36
ORD100927,2024-10-23,CUST1737,Ahmad Brown,East,Sports & Outdoors,Hiking Backpack,1,31.38 ,Completed,PayPal,31.38
ORD101355,2024-03-17,CUST1637,Linda Tan,East,Beauty,Face Mask Set,1,31.38 ,Completed,Debit Card,31.38
ORD103997,2024-02-22,CUST1494,Robert Pratama,East,Beauty,Face Mask Set,3,31.42 ,Cancelled,Debit Card,94.26
ORD100089,2024-12-06,CUST1451,Ahmad Garcia,East,Sports & Outdoors,Yoga Mat,1,31.43 ,Returned,Debit Card,31.43
ORD103349,2023-07-06,CUST1822,Ayu Wilson,East,Electronics,Power Bank,1,31.43 ,Completed,Credit Card,31.43
ORD100111,2023-02-01,CUST1050,Sarah Anderson,East,Beauty,Face Mask Set,1,31.46 ,Returned,Gift Card,31.46
ORD101998,2023-06-17,CUST1416,Robert Nugroho,Midwest,Books,Cookbook,1,31.49 ,Completed,PayPal,31.49
ORD101060,2023-03-15,CUST1715,Dewi Tan,East,Beauty,Moisturizer,1,31.49 ,Completed,Credit Card,31.49
ORD101986,2024-12-16,CUST1586,Putri Smith,Midwest,Home & Kitchen,Coffee Maker,1,31.49 ,Completed,Debit Card,31.49
ORD103372,2023-02-10,CUST1674,Dewi Lee,East,Beauty,Moisturizer,1,31.50 ,Completed,Unknown,31.50
ORD101642,2023-04-01,CUST1435,Dewi Lee,East,Beauty,Face Mask Set,2,31.50 ,Completed,PayPal,63.00
ORD101491,2023-10-07,CUST1701,John Santos,Midwest,Books,Children's Book,2,31.51 ,Completed,Debit Card,63.02
ORD101824,2024-12-16,CUST1366,David Anderson,East,Home & Kitchen,Throw Pillow,2,31.52 ,Completed,Gift Card,63.04
ORD101102,2024-02-26,CUST1059,Dewi Chen,Midwest,Beauty,Lip Balm,1,31.53 ,Completed,PayPal,31.53
ORD102740,2023-12-24,CUST1226,Fajar Pratama,East,Toys,Puzzle 1000pc,2,31.54 ,Completed,PayPal,63.08
ORD103425,2023-12-31,CUST1798,Siti Anderson,East,Clothing,Winter Jacket,2,31.55 ,Completed,Gift Card,63.10
ORD102957,2023-06-23,CUST1687,Siti Sari,East,Home & Kitchen,Storage Containers,1,31.58 ,Completed,Debit Card,31.58
ORD101020,2024-12-02,CUST1743,Linda Chen,East,Home & Kitchen,Non-Stick Pan,1,31.58 ,Completed,Debit Card,31.58
ORD100382,2023-02-24,CUST1236,Michael Wilson,East,Beauty,Shampoo,1,31.61 ,Cancelled,Gift Card,31.61
ORD103384,2024-12-28,CUST1458,Fajar Halim,East,Toys,RC Car,1,31.61 ,Completed,Debit Card,31.61
ORD102442,2023-08-08,CUST1517,Siti Nugroho,East,Books,Business Strategy Book,4,31.61 ,Returned,PayPal,126.44
ORD103071,2023-10-20,CUST1079,Siti Sari,East,Clothing,Baseball Cap,1,31.62 ,Cancelled,Credit Card,31.62
ORD102291,2024-10-27,CUST1185,David Johnson,Midwest,Sports & Outdoors,Jump Rope,1,31.64 ,Completed,Credit Card,31.64
ORD100594,2023-04-23,CUST1732,Sarah Salim,South,Toys,Building Blocks,1,31.65 ,Completed,Debit Card,31.65
ORD103632,2024-03-12,CUST1504,Unknown Customer,East,Books,Business Strategy Book,2,31.65 ,Completed,Credit Card,63.30
ORD103776,2023-09-27,CUST1362,Linda Taylor,Midwest,Beauty,Sunscreen SPF50,3,31.66 ,Completed,Unknown,94.98
ORD100400,2024-12-17,CUST1883,Kevin Anderson,South,Books,Fiction Novel,4,31.66 ,Returned,Debit Card,126.64
ORD102129,2024-06-02,CUST1473,Maria Pratama,East,Toys,Action Figure,2,31.69 ,Cancelled,Gift Card,63.38
ORD100505,2024-02-13,CUST1691,Dewi Anderson,East,Beauty,Lip Balm,1,31.72 ,Cancelled,Gift Card,31.72
ORD102517,2024-11-12,CUST1024,Ahmad Anderson,West,Clothing,Denim Jeans,1,31.72 ,Returned,Gift Card,31.72
ORD102609,2023-11-24,CUST1421,Ayu Lee,East,Beauty,Shampoo,1,31.73 ,Completed,PayPal,31.73
ORD102738,2023-01-07,CUST1675,Putri Kurniawan,East,Toys,Building Blocks,1,31.73 ,Completed,Credit Card,31.73
ORD102384,2024-06-20,CUST1248,Andi Pratama,East,Toys,Building Blocks,1,31.74 ,Completed,Debit Card,31.74
ORD101975,2023-05-28,CUST1111,Siti Halim,East,Books,Cookbook,1,31.77 ,Completed,Debit Card,31.77
ORD100145,2024-05-08,CUST1608,Dewi Lee,East,Books,Self-Help Guide,2,31.78 ,Completed,Debit Card,63.56
ORD100935,2024-08-06,CUST1396,David Wijaya,East,Toys,Building Blocks,1,31.78 ,Completed,Debit Card,31.78
ORD101873,2024-10-13,CUST1197,Sarah Lee,Midwest,Sports & Outdoors,Yoga Mat,1,31.84 ,Completed,Debit Card,31.84
ORD102926,2024-11-29,CUST1861,Ayu Santos,East,Beauty,Face Mask Set,1,31.86 ,Completed,Debit Card,31.86
ORD103278,2023-08-27,CUST1871,Andi Smith,East,Beauty,Lip Balm,1,31.86 ,Returned,PayPal,31.86
ORD103141,2023-09-20,CUST1012,Andi Yusuf,East,Books,Cookbook,1,31.87 ,Completed,Unknown,31.87
ORD103280,2023-07-16,CUST1895,Michael Johnson,East,Books,Self-Help Guide,2,31.91 ,Completed,Debit Card,63.82
ORD100830,2024-09-24,CUST1610,Dewi Tan,East,Toys,Puzzle 1000pc,2,31.94 ,Completed,PayPal,63.88
ORD101791,2023-11-08,CUST1021,David Wijaya,East,Books,Children's Book,1,31.95 ,Completed,Gift Card,31.95
ORD100682,2023-08-26,CUST1681,Maria Hidayat,East,Electronics,Wireless Mouse,1,31.96 ,Pending,PayPal,31.96
ORD101156,2024-09-29,CUST1541,Linda Johnson,Midwest,Toys,Board Game,1,31.96 ,Completed,PayPal,31.96
ORD101674,2023-04-23,CUST1444,Robert Tan,East,Home & Kitchen,Non-Stick Pan,1,32.00 ,Completed,PayPal,32.00
ORD101710,2023-03-02,CUST1857,John Kurniawan,East,Books,Fiction Novel,1,32.00 ,Completed,Gift Card,32.00
ORD103656,2024-02-28,CUST1353,Andi Halim,East,Books,Cookbook,1,32.02 ,Returned,Credit Card,32.02
ORD101861,2024-12-06,CUST1274,Dewi Anderson,East,Books,Fiction Novel,2,32.02 ,Completed,Credit Card,64.04
ORD100345,2023-01-15,CUST1221,Siti Chen,East,Books,Children's Book,1,32.03 ,Completed,PayPal,32.03
ORD103190,2024-04-07,CUST1331,Ayu Chen,Midwest,Home & Kitchen,Throw Pillow,2,32.03 ,Returned,PayPal,64.06
ORD103725,2024-05-01,CUST1446,Rina Nugroho,East,Beauty,Face Mask Set,2,32.06 ,Completed,Gift Card,64.12
ORD101283,2024-09-29,CUST1525,Michael Anderson,East,Beauty,Moisturizer,1,32.09 ,Returned,PayPal,32.09
ORD103173,2024-01-14,CUST1589,Siti Nugroho,East,Home & Kitchen,Blender,2,32.09 ,Completed,Credit Card,64.18
ORD103440,2024-03-21,CUST1800,David Chen,Midwest,Books,Fiction Novel,1,32.13 ,Completed,Gift Card,32.13
ORD101259,2024-03-25,CUST1844,Ahmad Johnson,East,Books,Fiction Novel,1,32.14 ,Completed,Credit Card,32.14
ORD103603,2024-08-03,CUST1433,Sarah Tan,East,Clothing,Denim Jeans,1,32.14 ,Cancelled,Unknown,32.14
ORD102090,2023-10-22,CUST1021,David Wijaya,East,Sports & Outdoors,Water Bottle,1,32.15 ,Completed,Gift Card,32.15
ORD101679,2023-03-07,CUST1529,Ahmad Garcia,Midwest,Sports & Outdoors,Hiking Backpack,3,32.15 ,Completed,Credit Card,96.45
ORD102209,2024-01-05,CUST1728,Siti Santos,East,Electronics,Webcam,2,32.16 ,Completed,Credit Card,64.32
ORD103286,2023-03-27,CUST1027,Budi Smith,East,Books,Business Strategy Book,4,32.17 ,Completed,PayPal,128.68
ORD100283,2024-02-24,CUST1505,Michael Anderson,South,Clothing,Denim Jeans,1,32.19 ,Completed,Credit Card,32.19
ORD101945,2024-09-05,CUST1306,John Chen,East,Books,Business Strategy Book,1,32.21 ,Completed,Debit Card,32.21
ORD103619,2024-12-20,CUST1243,James Hidayat,Midwest,Books,Fiction Novel,1,32.21 ,Completed,Gift Card,32.21
ORD103577,2024-11-25,CUST1707,Michael Yusuf,East,Books,Children's Book,1,32.23 ,Completed,Credit Card,32.23
ORD103914,2023-06-10,CUST1696,David Hidayat,East,Clothing,Cotton T-Shirt,1,32.23 ,Completed,Gift Card,32.23
ORD101924,2023-09-18,CUST1273,Ayu Salim,East,Books,Self-Help Guide,4,32.24 ,Completed,Gift Card,128.96
ORD100190,2023-02-12,CUST1011,Dewi Garcia,East,Books,Business Strategy Book,4,32.25 ,Completed,Unknown,129.00
ORD103399,2024-02-10,CUST1298,Dewi Anderson,East,Books,Children's Book,1,32.26 ,Completed,Debit Card,32.26
ORD101744,2023-01-01,CUST1460,Rina Sari,East,Books,Business Strategy Book,1,32.26 ,Completed,Debit Card,32.26
ORD102095,2023-11-13,CUST1445,Unknown Customer,East,Books,Fiction Novel,1,32.28 ,Completed,PayPal,32.28
ORD103717,2023-12-04,CUST1571,Nina Nugroho,East,Beauty,Shampoo,1,32.30 ,Returned,Gift Card,32.30
ORD103291,2023-04-17,CUST1412,Siti Anderson,East,Clothing,Hoodie,1,32.34 ,Completed,Debit Card,32.34
ORD101058,2024-07-05,CUST1665,Sarah Halim,East,Books,Cookbook,2,32.34 ,Cancelled,PayPal,64.68
ORD101866,2024-09-28,CUST1790,Andi Salim,East,Toys,Board Game,2,32.35 ,Completed,Gift Card,64.70
ORD102316,2023-02-26,CUST1847,Dewi Smith,East,Books,Children's Book,1,32.37 ,Completed,Debit Card,32.37
ORD100896,2023-03-08,CUST1625,Lisa Pratama,East,Toys,Action Figure,2,32.37 ,Completed,Credit Card,64.74
ORD100242,2024-05-07,CUST1644,Andi Salim,East,Beauty,Moisturizer,2,32.38 ,Completed,PayPal,64.76
ORD103874,2023-10-07,CUST1386,Lisa Johnson,East,Books,Cookbook,1,32.40 ,Cancelled,Debit Card,32.40
ORD103205,2023-08-08,CUST1314,Michael Pratama,East,Books,Self-Help Guide,1,32.40 ,Completed,Gift Card,32.40
ORD100863,2024-04-21,CUST1618,Budi Lee,East,Clothing,Wool Socks,2,32.40 ,Completed,Credit Card,64.80
ORD103791,2024-02-10,CUST1855,James Brown,East,Sports & Outdoors,Resistance Bands,2,32.43 ,Completed,Debit Card,64.86
ORD102906,2023-02-20,CUST1432,Andi Smith,East,Books,Children's Book,2,32.43 ,Pending,PayPal,64.86
ORD102810,2024-05-08,CUST1432,Andi Smith,East,Beauty,Lip Balm,3,32.43 ,Completed,PayPal,97.29
ORD103872,2023-10-14,CUST1021,David Wijaya,East,Beauty,Face Mask Set,1,32.44 ,Completed,Debit Card,32.44
ORD103885,2023-04-04,CUST1226,Fajar Pratama,East,Home & Kitchen,Storage Containers,1,32.45 ,Completed,Unknown,32.45
ORD101228,2024-04-02,CUST1092,Putri Nugroho,East,Beauty,Shampoo,1,32.46 ,Completed,Credit Card,32.46
ORD103169,2024-08-19,CUST1148,Siti Yusuf,East,Beauty,Sunscreen SPF50,1,32.48 ,Completed,Gift Card,32.48
ORD101583,2024-09-14,CUST1857,John Kurniawan,East,Sports & Outdoors,Camping Tent,2,32.49 ,Completed,Gift Card,64.98
ORD100516,2023-12-06,CUST1424,Linda Garcia,East,Beauty,Face Mask Set,1,32.51 ,Completed,Unknown,32.51
ORD101281,2024-10-24,CUST1581,Unknown Customer,East,Sports & Outdoors,Resistance Bands,1,32.54 ,Completed,PayPal,32.54
ORD103115,2023-08-10,CUST1463,Linda Brown,East,Toys,Action Figure,1,32.55 ,Completed,Gift Card,32.55
ORD100865,2024-02-10,CUST1730,Linda Kurniawan,East,Books,Children's Book,1,32.59 ,Completed,Gift Card,32.59
ORD103999,2023-01-20,CUST1421,Ayu Lee,East,Beauty,Face Mask Set,2,32.60 ,Completed,Debit Card,65.20
ORD100703,2024-08-05,CUST1790,Andi Salim,East,Books,Fiction Novel,3,32.60 ,Completed,Debit Card,97.80
ORD102682,2023-03-08,CUST1635,Sarah Yusuf,South,Beauty,Face Mask Set,3,32.60 ,Completed,Debit Card,97.80
ORD102595,2024-09-22,CUST1172,Nina Lee,East,Books,Business Strategy Book,1,32.61 ,Pending,Debit Card,32.61
ORD103459,2023-10-17,CUST1099,Sarah Santos,East,Beauty,Lip Balm,1,32.63 ,Completed,Debit Card,32.63
ORD102055,2024-08-04,CUST1708,Ayu Smith,East,Beauty,Face Mask Set,2,32.63 ,Completed,Gift Card,65.26
ORD101875,2024-06-09,CUST1391,Siti Pratama,East,Beauty,Lip Balm,1,32.64 ,Completed,PayPal,32.64
ORD101545,2023-07-07,CUST1717,Siti Sari,East,Toys,Building Blocks,1,32.66 ,Completed,Gift Card,32.66
ORD102274,2023-04-10,CUST1835,Nina Wilson,Midwest,Books,Fiction Novel,1,32.68 ,Returned,Unknown,32.68
ORD101720,2023-09-24,CUST1005,Dewi Wijaya,East,Toys,Board Game,1,32.70 ,Completed,Gift Card,32.70
ORD103003,2024-03-30,CUST1337,Budi Smith,East,Home & Kitchen,Non-Stick Pan,1,32.73 ,Completed,PayPal,32.73
ORD100378,2024-05-20,CUST1570,Siti Wijaya,East,Beauty,Moisturizer,2,32.73 ,Completed,Debit Card,65.46
ORD103787,2024-11-05,CUST1413,Dewi Chen,Midwest,Books,Children's Book,1,32.74 ,Returned,Credit Card,32.74
ORD102466,2024-10-28,CUST1742,James Brown,West,Sports & Outdoors,Jump Rope,1,32.75 ,Completed,PayPal,32.75
ORD102600,2023-01-05,CUST1404,Maria Tan,East,Beauty,Shampoo,2,32.75 ,Completed,PayPal,65.50
ORD102266,2024-05-21,CUST1412,Siti Anderson,East,Beauty,Lip Balm,3,32.78 ,Completed,Credit Card,98.34
ORD100357,2024-12-26,CUST1728,Siti Santos,East,Books,Self-Help Guide,1,32.79 ,Completed,PayPal,32.79
ORD101413,2024-11-12,CUST1440,Nina Chen,Midwest,Electronics,Laptop Stand,1,32.80 ,Completed,Debit Card,32.80
ORD102569,2024-12-20,CUST1685,Budi Kurniawan,South,Books,Cookbook,1,32.80 ,Completed,PayPal,32.80
ORD101456,2023-05-11,CUST1436,Lisa Garcia,East,Sports & Outdoors,Yoga Mat,5,32.80 ,Completed,PayPal,164.00
ORD102911,2024-10-18,CUST1501,Fajar Yusuf,East,Toys,RC Car,1,32.83 ,Completed,Gift Card,32.83
ORD102417,2023-08-06,CUST1349,John Halim,East,Beauty,Sunscreen SPF50,1,32.85 ,Returned,Gift Card,32.85
ORD101891,2024-09-07,CUST1870,Dewi Chen,East,Toys,Puzzle 1000pc,1,32.88 ,Completed,PayPal,32.88
ORD101065,2024-07-30,CUST1281,Ahmad Hidayat,East,Books,Cookbook,2,32.93 ,Completed,Gift Card,65.86
ORD102065,2023-12-17,CUST1875,Fajar Garcia,East,Books,Fiction Novel,2,32.96 ,Returned,PayPal,65.92
ORD102250,2024-07-07,CUST1711,Maria Smith,East,Beauty,Lip Balm,1,32.99 ,Completed,Gift Card,32.99
ORD102637,2023-09-30,CUST1395,Lisa Kurniawan,South,Home & Kitchen,Coffee Maker,1,33.00 ,Completed,Debit Card,33.00
ORD103307,2024-08-20,CUST1221,Siti Chen,East,Home & Kitchen,Storage Containers,1,33.04 ,Completed,Gift Card,33.04
ORD102042,2023-10-15,CUST1512,Rina Wilson,Midwest,Books,Fiction Novel,2,33.05 ,Completed,Gift Card,66.10
ORD100159,2023-01-03,CUST1212,Budi Wilson,East,Beauty,Lip Balm,1,33.10 ,Completed,Credit Card,33.10
ORD103414,2024-11-09,CUST1569,David Kurniawan,East,Beauty,Shampoo,4,33.10 ,Returned,Credit Card,132.40
ORD102516,2024-11-28,CUST1197,Sarah Lee,Midwest,Beauty,Moisturizer,2,33.12 ,Completed,PayPal,66.24
ORD100316,2023-09-16,CUST1496,John Smith,East,Electronics,Smartphone Case,2,33.15 ,Completed,Debit Card,66.30
ORD101358,2023-09-26,CUST1305,Linda Nugroho,East,Electronics,Bluetooth Speaker,2,33.15 ,Completed,Credit Card,66.30
ORD102988,2023-11-28,CUST1803,Unknown Customer,Midwest,Books,Business Strategy Book,2,33.15 ,Completed,Gift Card,66.30
ORD101509,2023-09-23,CUST1833,Putri Yusuf,East,Clothing,Winter Jacket,4,33.20 ,Completed,Credit Card,132.80
ORD103892,2023-02-10,CUST1768,Rina Nugroho,East,Beauty,Moisturizer,1,33.21 ,Completed,Debit Card,33.21
ORD103736,2023-03-21,CUST1249,Kevin Taylor,East,Toys,Board Game,2,33.23 ,Completed,PayPal,66.46
ORD103186,2024-10-18,CUST1798,Siti Anderson,East,Books,Children's Book,1,33.24 ,Completed,Gift Card,33.24
ORD100213,2024-12-29,CUST1623,John Yusuf,East,Electronics,Webcam,1,33.25 ,Pending,Credit Card,33.25
ORD103802,2024-11-20,CUST1390,Ayu Hidayat,East,Books,Fiction Novel,2,33.26 ,Completed,Debit Card,66.52
ORD102686,2024-09-09,CUST1167,Putri Hidayat,East,Books,Fiction Novel,1,33.29 ,Completed,PayPal,33.29
ORD102896,2024-01-30,CUST1444,Robert Tan,East,Books,Self-Help Guide,4,33.29 ,Completed,Gift Card,133.16
ORD100495,2024-12-15,CUST1810,Dewi Salim,Midwest,Electronics,Laptop Stand,5,33.29 ,Completed,Gift Card,166.45
ORD103829,2024-10-07,CUST1572,Maria Yusuf,East,Beauty,Lip Balm,1,33.31 ,Completed,PayPal,33.31
ORD101234,2023-04-09,CUST1499,David Santos,East,Home & Kitchen,Cutting Board,2,33.33 ,Completed,PayPal,66.66
ORD102245,2023-09-06,CUST1573,Putri Kurniawan,Midwest,Books,Fiction Novel,1,33.33 ,Completed,Credit Card,33.33
ORD100529,2023-03-23,CUST1451,Ahmad Garcia,East,Beauty,Sunscreen SPF50,1,33.37 ,Completed,Gift Card,33.37
ORD102725,2024-04-25,CUST1214,Ahmad Tan,East,Beauty,Sunscreen SPF50,1,33.38 ,Completed,Gift Card,33.38
ORD100035,2023-06-13,CUST1063,David Anderson,East,Beauty,Moisturizer,3,33.38 ,Completed,Debit Card,100.14
ORD103436,2023-07-04,CUST1402,Rina Nugroho,East,Clothing,Wool Socks,1,33.39 ,Completed,PayPal,33.39
ORD102082,2024-02-02,CUST1473,Maria Pratama,East,Books,Cookbook,1,33.41 ,Completed,Credit Card,33.41
ORD102125,2024-10-22,CUST1405,Rina Lee,East,Beauty,Shampoo,1,33.44 ,Completed,PayPal,33.44
ORD103819,2024-11-23,CUST1754,Kevin Salim,Midwest,Books,Cookbook,2,33.46 ,Completed,Debit Card,66.92
ORD102382,2023-11-05,CUST1424,Linda Garcia,East,Books,Fiction Novel,1,33.47 ,Pending,Credit Card,33.47
ORD100371,2024-04-16,CUST1851,Robert Salim,East,Clothing,Baseball Cap,1,33.49 ,Returned,Credit Card,33.49
ORD101894,2024-01-15,CUST1073,Ayu Pratama,East,Beauty,Shampoo,2,33.49 ,Completed,Gift Card,66.98
ORD100257,2023-11-29,CUST1094,Siti Garcia,East,Books,Children's Book,1,33.53 ,Completed,PayPal,33.53
ORD103461,2023-03-16,CUST1451,Ahmad Garcia,East,Beauty,Moisturizer,1,33.54 ,Pending,Debit Card,33.54
ORD103955,2024-02-08,CUST1157,Robert Kurniawan,East,Beauty,Face Mask Set,1,33.54 ,Cancelled,PayPal,33.54
ORD102297,2023-09-02,CUST1708,Ayu Smith,East,Books,Children's Book,1,33.55 ,Completed,PayPal,33.55
ORD103179,2023-07-10,CUST1577,John Anderson,East,Electronics,Bluetooth Speaker,4,33.56 ,Completed,PayPal,134.24
ORD102608,2023-03-27,CUST1171,James Anderson,East,Sports & Outdoors,Camping Tent,1,33.59 ,Completed,Credit Card,33.59
ORD102422,2024-08-17,CUST1150,Ayu Wijaya,East,Beauty,Shampoo,2,33.60 ,Completed,PayPal,67.20
ORD103988,2024-04-15,CUST1412,Siti Anderson,East,Electronics,Laptop Stand,2,33.60 ,Pending,PayPal,67.20
ORD100115,2023-10-14,CUST1421,Ayu Lee,East,Books,Children's Book,2,33.61 ,Completed,Gift Card,67.22
ORD101923,2024-07-18,CUST1648,James Wijaya,East,Home & Kitchen,Cutting Board,2,33.66 ,Completed,Credit Card,67.32
ORD101440,2024-04-19,CUST1526,Robert Brown,East,Beauty,Lip Balm,3,33.66 ,Completed,Credit Card,100.98
ORD103967,2024-04-29,CUST1846,Kevin Kurniawan,East,Books,Children's Book,5,33.69 ,Completed,Credit Card,168.45
ORD102032,2024-10-06,CUST1492,Sarah Nugroho,Midwest,Clothing,Hoodie,2,33.71 ,Cancelled,PayPal,67.42
ORD102107,2024-03-15,CUST1705,Michael Johnson,Midwest,Books,Self-Help Guide,1,33.78 ,Cancelled,PayPal,33.78
ORD102912,2024-03-14,CUST1851,Robert Salim,East,Toys,Action Figure,4,33.78 ,Completed,Gift Card,135.12
ORD102099,2024-04-11,CUST1603,Sarah Anderson,Midwest,Books,Children's Book,1,33.80 ,Pending,PayPal,33.80
ORD103646,2024-10-10,CUST1229,Kevin Anderson,East,Sports & Outdoors,Resistance Bands,4,33.83 ,Completed,Debit Card,135.32
ORD101183,2024-09-06,CUST1690,Fajar Garcia,East,Toys,Action Figure,1,33.84 ,Completed,PayPal,33.84
ORD102655,2024-06-23,CUST1209,Andi Sari,East,Home & Kitchen,Cutting Board,2,33.84 ,Completed,Gift Card,67.68
ORD101519,2024-10-15,CUST1529,Ahmad Garcia,Midwest,Toys,Board Game,1,33.86 ,Completed,Gift Card,33.86
ORD101473,2024-08-18,CUST1052,Fajar Halim,East,Beauty,Sunscreen SPF50,1,33.88 ,Completed,Gift Card,33.88
ORD100735,2023-11-28,CUST1602,Siti Lee,Midwest,Toys,Board Game,2,33.88 ,Completed,Credit Card,67.76
ORD100558,2023-05-30,CUST1655,John Tan,East,Electronics,Laptop Stand,2,33.90 ,Cancelled,PayPal,67.80
ORD101410,2024-07-01,CUST1740,Dewi Hidayat,East,Sports & Outdoors,Yoga Mat,1,33.91 ,Completed,Credit Card,33.91
ORD101608,2023-05-07,CUST1478,Lisa Kurniawan,East,Books,Fiction Novel,2,33.92 ,Completed,Credit Card,67.84
ORD100171,2024-09-17,CUST1760,Ayu Kurniawan,East,Beauty,Lip Balm,3,33.92 ,Completed,Credit Card,101.76
ORD102915,2023-09-28,CUST1242,Robert Anderson,Midwest,Electronics,Laptop Stand,1,33.94 ,Completed,Credit Card,33.94
ORD101548,2023-09-26,CUST1142,Kevin Salim,East,Toys,Building Blocks,1,33.97 ,Completed,Gift Card,33.97
ORD101618,2024-02-29,CUST1478,Lisa Kurniawan,East,Sports & Outdoors,Water Bottle,1,34.00 ,Cancelled,Credit Card,34.00
ORD100155,2023-08-18,CUST1168,Linda Nugroho,East,Toys,Board Game,1,34.01 ,Completed,PayPal,34.01
ORD101406,2024-08-14,CUST1349,John Halim,East,Toys,Board Game,1,34.01 ,Completed,Gift Card,34.01
ORD100267,2023-10-27,CUST1872,Siti Taylor,East,Beauty,Face Mask Set,3,34.05 ,Cancelled,Gift Card,102.15
ORD100639,2023-07-30,CUST1105,Rina Pratama,Midwest,Books,Business Strategy Book,1,34.09 ,Returned,Gift Card,34.09
ORD103663,2023-11-05,CUST1020,Putri Chen,East,Toys,Puzzle 1000pc,1,34.13 ,Completed,Gift Card,34.13
ORD103904,2023-06-17,CUST1271,Lisa Chen,East,Electronics,Smartphone Case,2,34.14 ,Completed,Gift Card,68.28
ORD101201,2024-05-24,CUST1758,John Tan,Midwest,Toys,Action Figure,1,34.17 ,Completed,Debit Card,34.17
ORD100476,2024-11-24,CUST1308,Robert Yusuf,East,Books,Children's Book,1,34.18 ,Completed,Credit Card,34.18
ORD102650,2023-11-29,CUST1865,Ayu Salim,East,Beauty,Moisturizer,1,34.18 ,Completed,PayPal,34.18
ORD102366,2023-08-02,CUST1813,Linda Pratama,East,Toys,Building Blocks,1,34.21 ,Returned,Credit Card,34.21
ORD100053,2023-05-21,CUST1076,Kevin Santos,East,Toys,Building Blocks,1,34.22 ,Cancelled,PayPal,34.22
ORD102248,2024-04-02,CUST1193,Dewi Kurniawan,East,Beauty,Lip Balm,1,34.23 ,Completed,PayPal,34.23
ORD101845,2024-01-08,CUST1817,Ahmad Hidayat,East,Beauty,Face Mask Set,1,34.23 ,Completed,Gift Card,34.23
ORD103586,2023-01-03,CUST1140,Maria Wijaya,East,Toys,RC Car,1,34.25 ,Completed,PayPal,34.25
ORD100208,2023-05-18,CUST1779,Andi Yusuf,East,Toys,Action Figure,1,34.35 ,Completed,PayPal,34.35
ORD102936,2024-04-08,CUST1654,John Smith,Midwest,Sports & Outdoors,Hiking Backpack,1,34.35 ,Completed,Credit Card,34.35
ORD100670,2024-06-23,CUST1896,Andi Taylor,East,Toys,Board Game,1,34.41 ,Completed,Debit Card,34.41
ORD100090,2024-12-17,CUST1664,Dewi Nugroho,Midwest,Clothing,Cotton T-Shirt,1,34.42 ,Completed,Gift Card,34.42
ORD102932,2023-03-17,CUST1063,David Anderson,East,Beauty,Lip Balm,2,34.43 ,Completed,Gift Card,68.86
ORD103634,2024-04-27,CUST1019,Siti Sari,Midwest,Clothing,Running Shorts,1,34.47 ,Cancelled,PayPal,34.47
ORD101742,2023-03-28,CUST1382,David Hidayat,East,Books,Cookbook,1,34.47 ,Completed,Credit Card,34.47
ORD100731,2023-12-28,CUST1739,Fajar Wilson,East,Electronics,Webcam,1,34.48 ,Completed,Credit Card,34.48
ORD103017,2023-09-25,CUST1279,Rina Garcia,East,Clothing,Denim Jeans,1,34.48 ,Completed,Gift Card,34.48
ORD101979,2023-05-07,CUST1833,Putri Yusuf,East,Beauty,Moisturizer,1,34.50 ,Completed,Debit Card,34.50
ORD102713,2024-03-24,CUST1481,James Chen,East,Books,Children's Book,1,34.52 ,Cancelled,Gift Card,34.52
ORD103327,2024-06-16,CUST1471,James Anderson,East,Toys,Board Game,1,34.54 ,Completed,Credit Card,34.54
ORD102400,2024-07-10,CUST1324,Budi Santos,Midwest,Toys,Action Figure,1,34.55 ,Completed,Debit Card,34.55
ORD101487,2023-08-21,CUST1687,Siti Sari,East,Toys,Action Figure,1,34.55 ,Completed,Credit Card,34.55
ORD102949,2023-10-30,CUST1622,Michael Garcia,East,Toys,Action Figure,2,34.55 ,Completed,PayPal,69.09
ORD102628,2023-08-11,CUST1818,Siti Salim,East,Toys,Action Figure,2,34.55 ,Completed,Gift Card,69.09
ORD103807,2023-01-04,CUST1740,Dewi Hidayat,East,Sports & Outdoors,Resistance Bands,1,34.55 ,Completed,Credit Card,34.55
ORD103845,2023-04-14,CUST1015,Michael Tan,East,Books,Children's Book,1,34.56 ,Cancelled,Debit Card,34.56
ORD103267,2023-10-15,CUST1133,Andi Hidayat,East,Toys,RC Car,2,34.56 ,Completed,Credit Card,69.12
ORD103966,2024-05-13,CUST1067,Nina Halim,East,Sports & Outdoors,Camping Tent,1,34.58 ,Completed,Credit Card,34.58
ORD103531,2024-11-05,CUST1095,Sarah Smith,East,Books,Fiction Novel,3,34.61 ,Completed,Unknown,103.83
ORD102591,2023-12-10,CUST1761,Ahmad Johnson,East,Home & Kitchen,LED Desk Lamp,2,34.62 ,Completed,Debit Card,69.24
ORD101565,2023-10-13,CUST1261,Robert Taylor,East,Books,Fiction Novel,1,34.63 ,Completed,PayPal,34.63
ORD102747,2024-07-28,CUST1256,James Wijaya,East,Books,Children's Book,3,34.66 ,Completed,Debit Card,103.98
ORD100271,2024-04-04,CUST1586,Putri Smith,Midwest,Clothing,Running Shorts,2,34.67 ,Completed,PayPal,69.34
ORD103635,2024-05-29,CUST1461,Dewi Brown,East,Beauty,Moisturizer,1,34.69 ,Completed,Gift Card,34.69
ORD100723,2023-10-10,CUST1744,Andi Sari,East,Electronics,Laptop Stand,2,34.72 ,Completed,Credit Card,69.44
ORD100226,2024-10-07,CUST1009,James Anderson,Midwest,Clothing,Running Shorts,4,34.73 ,Completed,Debit Card,138.92
ORD102998,2024-10-22,CUST1591,Fajar Wilson,East,Beauty,Face Mask Set,1,34.76 ,Completed,Debit Card,34.76
ORD101686,2023-05-20,CUST1757,Sarah Lee,East,Books,Cookbook,2,34.77 ,Completed,Credit Card,69.54
ORD103204,2023-10-29,CUST1720,Rina Salim,East,Electronics,Smartphone Case,1,34.79 ,Completed,PayPal,34.79
ORD101224,2023-11-23,CUST1095,Sarah Smith,East,Home & Kitchen,Coffee Maker,1,34.81 ,Completed,Credit Card,34.81
ORD101841,2024-11-19,CUST1241,Fajar Hidayat,East,Clothing,Cotton T-Shirt,2,34.82 ,Completed,Credit Card,69.64
ORD103849,2024-07-06,CUST1609,Rina Chen,East,Sports & Outdoors,Hiking Backpack,2,34.85 ,Completed,Debit Card,69.70
ORD100711,2024-04-11,CUST1249,Kevin Taylor,East,Home & Kitchen,Non-Stick Pan,1,34.87 ,Completed,Credit Card,34.87
ORD103723,2023-01-13,CUST1767,Andi Smith,West,Toys,Building Blocks,1,34.87 ,Completed,Debit Card,34.87
ORD100167,2023-08-29,CUST1051,Lisa Tan,East,Books,Cookbook,2,34.90 ,Completed,Gift Card,69.80
ORD102089,2023-11-21,CUST1477,Budi Tan,South,Beauty,Shampoo,2,34.91 ,Completed,Credit Card,69.82
ORD103920,2024-02-13,CUST1631,Lisa Tan,East,Beauty,Sunscreen SPF50,2,34.91 ,Completed,PayPal,69.82
ORD102785,2023-12-07,CUST1669,Dewi Brown,East,Books,Children's Book,2,34.92 ,Cancelled,PayPal,69.84
ORD101671,2023-05-12,CUST1284,Lisa Smith,East,Clothing,Baseball Cap,1,34.93 ,Completed,PayPal,34.93
ORD102722,2023-05-22,CUST1591,Fajar Wilson,East,Clothing,Denim Jeans,1,34.97 ,Completed,Debit Card,34.97
ORD102982,2024-06-27,CUST1874,James Salim,West,Books,Children's Book,2,34.97 ,Completed,PayPal,69.94
ORD102674,2024-11-24,CUST1112,Putri Halim,Midwest,Beauty,Face Mask Set,1,35.00 ,Completed,Gift Card,35.00
ORD100508,2024-02-04,CUST1221,Siti Chen,East,Sports & Outdoors,Jump Rope,2,35.05 ,Completed,Gift Card,70.10
ORD100323,2023-03-30,CUST1855,James Brown,East,Clothing,Winter Jacket,5,35.05 ,Cancelled,PayPal,175.25
ORD100854,2024-04-01,CUST1699,John Yusuf,East,Home & Kitchen,Blender,1,35.06 ,Completed,Debit Card,35.06
ORD102603,2023-08-12,CUST1301,Sarah Tan,East,Toys,RC Car,1,35.08 ,Completed,Gift Card,35.08
ORD103490,2024-04-10,CUST1531,Ahmad Halim,Midwest,Beauty,Moisturizer,1,35.09 ,Completed,Gift Card,35.09
ORD100058,2023-02-17,CUST1888,Putri Tan,East,Beauty,Sunscreen SPF50,1,35.10 ,Returned,Debit Card,35.10
ORD102493,2023-11-04,CUST1279,Rina Garcia,East,Clothing,Running Shorts,2,35.10 ,Cancelled,Gift Card,70.20
ORD102881,2024-10-09,CUST1718,Dewi Lee,East,Toys,Action Figure,4,35.13 ,Completed,Debit Card,140.52
ORD100961,2024-07-27,CUST1808,Michael Kurniawan,Midwest,Beauty,Shampoo,4,35.14 ,Completed,PayPal,140.56
ORD100093,2023-08-11,CUST1218,Siti Tan,Midwest,Beauty,Shampoo,1,35.16 ,Completed,Credit Card,35.16
ORD101029,2023-06-06,CUST1680,Putri Halim,East,Clothing,Wool Socks,1,35.17 ,Completed,Gift Card,35.17
ORD103330,2023-11-20,CUST1492,Sarah Nugroho,Midwest,Toys,Board Game,2,35.17 ,Completed,Credit Card,70.34
ORD101898,2024-03-07,CUST1271,Lisa Chen,East,Toys,Puzzle 1000pc,1,35.21 ,Completed,Credit Card,35.21
ORD102621,2024-07-22,CUST1817,Ahmad Hidayat,East,Electronics,Smartphone Case,3,35.23 ,Completed,Debit Card,105.69
ORD101580,2023-03-30,CUST1508,Budi Garcia,Midwest,Home & Kitchen,Coffee Maker,1,35.26 ,Completed,PayPal,35.26
ORD103065,2024-02-21,CUST1117,Sarah Pratama,East,Home & Kitchen,Cutting Board,1,35.34 ,Pending,PayPal,35.34
ORD100279,2024-05-27,CUST1145,Linda Smith,East,Sports & Outdoors,Jump Rope,1,35.35 ,Completed,PayPal,35.35
ORD102028,2024-04-07,CUST1885,Unknown Customer,East,Toys,RC Car,1,35.37 ,Completed,PayPal,35.37
ORD100524,2024-09-11,CUST1646,Maria Salim,East,Beauty,Moisturizer,1,35.39 ,Completed,PayPal,35.39
ORD102174,2023-01-04,CUST1139,Maria Brown,West,Beauty,Sunscreen SPF50,1,35.39 ,Completed,Gift Card,35.39
ORD101989,2023-08-31,CUST1684,Fajar Salim,East,Toys,Puzzle 1000pc,1,35.42 ,Completed,PayPal,35.42
ORD100033,2024-09-17,CUST1345,Michael Santos,East,Toys,RC Car,4,35.43 ,Cancelled,Gift Card,141.72
ORD100820,2024-06-28,CUST1068,Linda Nugroho,East,Beauty,Moisturizer,1,35.44 ,Completed,Credit Card,35.44
ORD103250,2024-11-18,CUST1141,Fajar Taylor,East,Beauty,Face Mask Set,1,35.44 ,Returned,Debit Card,35.44
ORD100538,2023-08-18,CUST1648,James Wijaya,East,Beauty,Lip Balm,1,35.45 ,Returned,Credit Card,35.45
ORD100018,2023-02-21,CUST1468,Michael Tan,East,Clothing,Denim Jeans,1,35.45 ,Completed,Gift Card,35.45
ORD103484,2023-02-18,CUST1630,John Kurniawan,East,Toys,RC Car,1,35.46 ,Completed,Debit Card,35.46
ORD101941,2023-11-09,CUST1287,John Pratama,Midwest,Clothing,Denim Jeans,1,35.48 ,Completed,PayPal,35.48
ORD100259,2023-02-25,CUST1668,Siti Brown,East,Toys,Action Figure,1,35.49 ,Completed,Credit Card,35.49
ORD101573,2024-09-23,CUST1674,Dewi Lee,East,Beauty,Lip Balm,1,35.51 ,Completed,Credit Card,35.51
ORD102715,2023-08-03,CUST1639,Dewi Salim,Midwest,Toys,Puzzle 1000pc,2,35.55 ,Completed,Gift Card,71.10
ORD101676,2023-07-03,CUST1026,Putri Yusuf,East,Clothing,Baseball Cap,5,35.58 ,Completed,Debit Card,177.90
ORD100819,2023-01-17,CUST1498,Michael Salim,East,Toys,Building Blocks,1,35.61 ,Completed,Credit Card,35.61
ORD100615,2023-04-18,CUST1250,Linda Smith,East,Beauty,Sunscreen SPF50,1,35.63 ,Completed,PayPal,35.63
ORD100238,2023-11-25,CUST1278,David Salim,East,Beauty,Sunscreen SPF50,2,35.68 ,Completed,Credit Card,71.36
ORD101868,2024-03-15,CUST1211,Unknown Customer,East,Clothing,Winter Jacket,2,35.68 ,Completed,Gift Card,71.36
ORD102649,2023-12-05,CUST1228,Dewi Santos,Midwest,Sports & Outdoors,Resistance Bands,1,35.69 ,Completed,PayPal,35.69
ORD103732,2023-11-05,CUST1580,Linda Tan,Midwest,Clothing,Baseball Cap,1,35.70 ,Completed,PayPal,35.70
ORD101813,2024-11-13,CUST1678,Lisa Brown,Midwest,Toys,Board Game,2,35.73 ,Completed,Unknown,71.46
ORD101460,2023-03-27,CUST1152,Dewi Yusuf,Midwest,Home & Kitchen,Non-Stick Pan,1,35.74 ,Completed,Gift Card,35.74
ORD101533,2024-04-20,CUST1119,Andi Kurniawan,Midwest,Beauty,Shampoo,1,35.77 ,Completed,Gift Card,35.77
ORD102497,2024-07-06,CUST1107,Fajar Yusuf,East,Beauty,Shampoo,2,35.77 ,Completed,Debit Card,71.54
ORD101302,2023-05-04,CUST1470,Robert Salim,South,Electronics,Smartphone Case,2,35.79 ,Completed,PayPal,71.58
ORD101403,2023-05-27,CUST1530,Nina Garcia,East,Beauty,Moisturizer,1,35.83 ,Completed,Gift Card,35.83
ORD101889,2024-03-14,CUST1882,Putri Smith,Midwest,Beauty,Shampoo,3,35.85 ,Completed,Gift Card,107.55
ORD100685,2023-05-24,CUST1024,Ahmad Anderson,West,Beauty,Moisturizer,1,35.88 ,Cancelled,Debit Card,35.88
ORD101688,2023-07-05,CUST1197,Sarah Lee,Midwest,Clothing,Wool Socks,4,35.96 ,Completed,Credit Card,143.84
ORD100510,2024-03-01,CUST1850,Dewi Wijaya,East,Beauty,Shampoo,1,35.97 ,Completed,Debit Card,35.97
ORD101892,2024-06-20,CUST1889,James Sari,Midwest,Beauty,Lip Balm,3,36.06 ,Completed,Gift Card,108.18
ORD100009,2023-05-05,CUST1726,John Tan,East,Beauty,Shampoo,1,36.12 ,Pending,PayPal,36.12
ORD100778,2023-10-09,CUST1744,Andi Sari,East,Clothing,Wool Socks,1,36.13 ,Completed,Gift Card,36.13
ORD101476,2023-09-15,CUST1854,Putri Garcia,Midwest,Clothing,Denim Jeans,1,36.14 ,Completed,Credit Card,36.14
ORD100893,2024-07-15,CUST1894,Putri Anderson,East,Beauty,Sunscreen SPF50,3,36.21 ,Cancelled,Gift Card,108.63
ORD100377,2023-04-26,CUST1388,Rina Tan,East,Sports & Outdoors,Water Bottle,2,36.22 ,Completed,Debit Card,72.44
ORD102447,2023-09-13,CUST1738,Fajar Halim,East,Beauty,Moisturizer,1,36.23 ,Returned,Credit Card,36.23
ORD103045,2024-08-03,CUST1476,Andi Wijaya,East,Toys,Action Figure,2,36.24 ,Returned,Debit Card,72.48
ORD100413,2024-04-24,CUST1266,Kevin Nugroho,East,Clothing,Winter Jacket,2,36.28 ,Completed,Debit Card,72.56
ORD100036,2024-12-19,CUST1489,Nina Salim,Midwest,Clothing,Running Shorts,3,36.29 ,Completed,Gift Card,108.87
ORD102900,2023-04-18,CUST1669,Dewi Brown,East,Home & Kitchen,Throw Pillow,1,36.30 ,Completed,Debit Card,36.30
ORD100528,2024-03-08,CUST1202,Dewi Santos,East,Sports & Outdoors,Water Bottle,1,36.31 ,Completed,PayPal,36.31
ORD101124,2024-08-12,CUST1494,Robert Pratama,East,Clothing,Hoodie,1,36.32 ,Completed,PayPal,36.32
ORD100958,2023-06-18,CUST1234,Nina Salim,East,Beauty,Lip Balm,2,36.34 ,Completed,Credit Card,72.68
ORD102772,2024-08-12,CUST1211,Sarah Santos,East,Beauty,Face Mask Set,1,36.39 ,Cancelled,PayPal,36.39
ORD102894,2024-04-27,CUST1176,David Hidayat,Midwest,Beauty,Moisturizer,3,36.46 ,Completed,Gift Card,109.38
ORD103164,2023-04-18,CUST1173,John Tan,East,Electronics,Bluetooth Speaker,2,36.47 ,Completed,Credit Card,72.94
ORD101447,2024-02-02,CUST1467,Andi Smith,Midwest,Beauty,Sunscreen SPF50,1,36.48 ,Completed,Debit Card,36.48
ORD102536,2024-10-30,CUST1439,Maria Johnson,East,Home & Kitchen,Coffee Maker,1,36.50 ,Completed,Debit Card,36.50
ORD100780,2024-03-19,CUST1022,Andi Anderson,East,Clothing,Wool Socks,1,36.51 ,Pending,PayPal,36.51
ORD101951,2024-03-18,CUST1269,Andi Kurniawan,East,Beauty,Shampoo,1,36.57 ,Completed,Gift Card,36.57
ORD103686,2023-06-05,CUST1353,Andi Halim,East,Beauty,Face Mask Set,1,36.58 ,Completed,Credit Card,36.58
ORD102919,2024-02-27,CUST1567,Putri Garcia,East,Electronics,Wireless Earbuds,2,36.59 ,Completed,PayPal,73.18
ORD100011,2024-07-18,CUST1460,Rina Sari,East,Sports & Outdoors,Jump Rope,3,36.61 ,Completed,PayPal,109.83
ORD100116,2023-12-19,CUST1391,Siti Pratama,East,Toys,RC Car,3,36.62 ,Returned,Debit Card,109.86
ORD103716,2023-11-08,CUST1661,Ayu Halim,South,Beauty,Face Mask Set,1,36.63 ,Completed,PayPal,36.63
ORD103152,2024-05-20,CUST1315,Andi Brown,East,Clothing,Wool Socks,2,36.66 ,Cancelled,Unknown,73.32
ORD102060,2023-07-11,CUST1330,Putri Johnson,Midwest,Toys,Action Figure,1,36.68 ,Completed,PayPal,36.68
ORD100869,2024-04-07,CUST1232,Michael Chen,East,Home & Kitchen,LED Desk Lamp,1,36.70 ,Completed,Debit Card,36.70
ORD103921,2023-10-08,CUST1543,Ayu Wilson,East,Sports & Outdoors,Water Bottle,3,36.73 ,Completed,Gift Card,110.19
ORD102230,2023-08-01,CUST1273,Ayu Salim,East,Beauty,Shampoo,1,36.74 ,Completed,PayPal,36.74
ORD101864,2023-04-19,CUST1260,Fajar Pratama,East,Toys,Board Game,2,36.74 ,Completed,PayPal,73.48
ORD101276,2024-04-12,CUST1352,Lisa Taylor,East,Beauty,Sunscreen SPF50,1,36.75 ,Completed,Gift Card,36.75
ORD102541,2023-01-21,CUST1312,Linda Wijaya,Midwest,Clothing,Hoodie,2,36.76 ,Completed,Credit Card,73.52
ORD103040,2024-01-27,CUST1289,Dewi Brown,East,Clothing,Running Shorts,1,36.78 ,Completed,PayPal,36.78
ORD101363,2023-02-28,CUST1526,Robert Brown,East,Beauty,Shampoo,1,36.80 ,Completed,Gift Card,36.80
ORD103958,2024-03-30,CUST1005,Dewi Wijaya,East,Toys,Building Blocks,1,36.81 ,Completed,Gift Card,36.81
ORD100332,2023-08-05,CUST1345,Michael Santos,East,Toys,Building Blocks,1,36.81 ,Completed,Gift Card,36.81
ORD100535,2024-09-13,CUST1674,Dewi Lee,East,Toys,Building Blocks,1,36.81 ,Completed,PayPal,36.81
ORD100143,2024-10-24,CUST1799,Robert Hidayat,Midwest,Toys,Building Blocks,1,36.81 ,Completed,Credit Card,36.81
ORD100094,2023-09-12,CUST1810,Dewi Salim,Midwest,Clothing,Denim Jeans,1,36.87 ,Completed,Debit Card,36.87
ORD100304,2024-12-11,CUST1493,Lisa Kurniawan,East,Sports & Outdoors,Yoga Mat,1,36.88 ,Completed,Gift Card,36.88
ORD102850,2023-05-14,CUST1327,Rina Lee,East,Beauty,Moisturizer,1,36.91 ,Completed,Credit Card,36.91
ORD101978,2023-09-14,CUST1735,Unknown Customer,East,Beauty,Shampoo,2,36.91 ,Completed,Credit Card,73.82
ORD103689,2024-11-05,CUST1354,Fajar Tan,East,Beauty,Face Mask Set,1,36.94 ,Completed,Debit Card,36.94
ORD103052,2023-07-27,CUST1488,John Taylor,East,Beauty,Sunscreen SPF50,1,36.96 ,Completed,Credit Card,36.96
ORD102558,2024-08-08,CUST1535,Maria Brown,East,Clothing,Hoodie,1,37.02 ,Cancelled,PayPal,37.02
ORD103277,2023-05-04,CUST1326,Sarah Kurniawan,South,Beauty,Lip Balm,1,37.09 ,Completed,Gift Card,37.09
ORD100815,2023-04-14,CUST1255,Budi Kurniawan,East,Home & Kitchen,Storage Containers,2,37.15 ,Completed,Debit Card,74.30
ORD102946,2023-08-27,CUST1193,Dewi Kurniawan,East,Clothing,Denim Jeans,5,37.16 ,Completed,Debit Card,185.80
ORD102757,2023-12-13,CUST1153,Fajar Salim,East,Home & Kitchen,Throw Pillow,3,37.23 ,Completed,Gift Card,111.69
ORD100651,2024-05-21,CUST1675,Putri Kurniawan,East,Beauty,Shampoo,1,37.27 ,Completed,Credit Card,37.27
ORD100405,2024-10-18,CUST1755,Budi Sari,East,Home & Kitchen,Cutting Board,1,37.29 ,Completed,Gift Card,37.29
ORD103485,2023-05-12,CUST1834,Andi Nugroho,East,Toys,Building Blocks,1,37.35 ,Returned,Debit Card,37.35
ORD100444,2024-07-11,CUST1150,Ayu Wijaya,East,Beauty,Lip Balm,3,37.35 ,Completed,Gift Card,112.05
ORD101068,2024-10-21,CUST1541,Linda Johnson,Midwest,Beauty,Moisturizer,1,37.37 ,Completed,Gift Card,37.37
ORD100348,2024-12-21,CUST1597,Ahmad Nugroho,South,Electronics,Wireless Mouse,1,37.38 ,Completed,Debit Card,37.38
ORD101680,2023-03-03,CUST1526,Robert Brown,East,Clothing,Cotton T-Shirt,1,37.39 ,Completed,Gift Card,37.39
ORD103927,2024-04-19,CUST1755,Budi Sari,East,Home & Kitchen,Storage Containers,5,37.43 ,Completed,Debit Card,187.15
ORD102971,2023-02-20,CUST1443,Andi Hidayat,East,Home & Kitchen,Blender,1,37.44 ,Completed,Debit Card,37.44
ORD101289,2023-07-09,CUST1633,James Kurniawan,East,Home & Kitchen,Storage Containers,1,37.45 ,Completed,PayPal,37.45
ORD100258,2023-02-27,CUST1038,Linda Nugroho,East,Beauty,Sunscreen SPF50,1,37.45 ,Returned,Debit Card,37.45
ORD102106,2023-04-04,CUST1639,Dewi Salim,Midwest,Beauty,Face Mask Set,3,37.45 ,Completed,Credit Card,112.35
ORD100951,2024-02-02,CUST1677,Fajar Anderson,Midwest,Sports & Outdoors,Yoga Mat,2,37.46 ,Completed,Unknown,74.92
ORD103578,2023-01-27,CUST1766,Michael Kurniawan,East,Beauty,Sunscreen SPF50,1,37.47 ,Pending,Unknown,37.47
ORD103754,2024-07-10,CUST1038,Linda Nugroho,East,Sports & Outdoors,Jump Rope,2,37.47 ,Pending,PayPal,74.94
ORD100296,2023-11-15,CUST1730,Linda Kurniawan,East,Toys,Action Figure,1,37.49 ,Returned,Credit Card,37.49
ORD101886,2023-07-29,CUST1503,Andi Anderson,East,Beauty,Face Mask Set,2,37.49 ,Completed,PayPal,74.98
ORD101668,2023-10-22,CUST1575,Michael Halim,East,Clothing,Wool Socks,3,37.49 ,Completed,PayPal,112.47
ORD101019,2024-05-23,CUST1559,Fajar Sari,Midwest,Sports & Outdoors,Yoga Mat,4,37.53 ,Pending,PayPal,150.12
ORD100574,2024-04-30,CUST1717,Siti Sari,East,Clothing,Wool Socks,2,37.55 ,Completed,Credit Card,75.10
ORD103569,2023-08-30,CUST1691,Dewi Anderson,East,Electronics,Wireless Earbuds,1,37.58 ,Returned,PayPal,37.58
ORD100923,2023-10-07,CUST1364,David Brown,East,Toys,Action Figure,1,37.62 ,Returned,Gift Card,37.62
ORD103473,2023-07-24,CUST1270,Andi Salim,East,Beauty,Sunscreen SPF50,1,37.64 ,Completed,Credit Card,37.64
ORD102416,2024-10-17,CUST1269,Andi Kurniawan,East,Clothing,Running Shorts,1,37.69 ,Completed,Credit Card,37.69
ORD103395,2024-02-13,CUST1715,Dewi Tan,East,Clothing,Winter Jacket,1,37.70 ,Completed,Credit Card,37.70
ORD101932,2024-08-25,CUST1238,John Pratama,East,Home & Kitchen,Cutting Board,1,37.70 ,Completed,Credit Card,37.70
ORD101760,2024-04-14,CUST1119,Andi Kurniawan,Midwest,Toys,Action Figure,1,37.71 ,Completed,PayPal,37.71
ORD100673,2023-04-03,CUST1841,Putri Anderson,East,Home & Kitchen,Storage Containers,1,37.74 ,Completed,Credit Card,37.74
ORD100992,2024-05-13,CUST1145,Linda Smith,East,Electronics,USB-C Cable,2,37.79 ,Completed,Gift Card,75.58
ORD100235,2024-04-25,CUST1834,Andi Nugroho,East,Toys,Puzzle 1000pc,1,37.82 ,Completed,Gift Card,37.82
ORD102673,2023-04-03,CUST1575,Michael Halim,East,Toys,Board Game,1,37.83 ,Returned,Credit Card,37.83
ORD101876,2024-09-28,CUST1640,Siti Smith,East,Toys,Action Figure,1,37.84 ,Completed,Debit Card,37.84
ORD100355,2024-08-15,CUST1821,Ayu Kurniawan,Midwest,Clothing,Baseball Cap,1,37.85 ,Completed,Debit Card,37.85
ORD100520,2024-03-13,CUST1839,John Tan,East,Toys,Board Game,2,37.85 ,Cancelled,Debit Card,75.70
ORD102618,2024-10-11,CUST1755,Budi Sari,East,Beauty,Sunscreen SPF50,1,37.86 ,Completed,Credit Card,37.86
ORD100186,2023-01-25,CUST1793,Putri Hidayat,East,Sports & Outdoors,Jump Rope,2,37.86 ,Completed,Debit Card,75.72
ORD101210,2024-01-06,CUST1769,Nina Tan,Midwest,Clothing,Winter Jacket,1,37.87 ,Completed,Debit Card,37.87
ORD103281,2024-11-27,CUST1583,Andi Smith,South,Beauty,Lip Balm,1,37.88 ,Cancelled,Debit Card,37.88
ORD101511,2024-08-17,CUST1336,Robert Wilson,South,Toys,Building Blocks,1,37.88 ,Completed,Debit Card,37.88
ORD101665,2024-02-03,CUST1298,Dewi Anderson,East,Toys,Board Game,1,37.89 ,Completed,Credit Card,37.89
ORD100234,2023-12-22,CUST1766,Michael Kurniawan,East,Beauty,Sunscreen SPF50,5,37.89 ,Completed,PayPal,189.45
ORD103181,2023-12-03,CUST1145,Linda Smith,East,Beauty,Moisturizer,1,37.90 ,Completed,Gift Card,37.90
ORD101988,2023-10-14,CUST1683,Putri Lee,East,Sports & Outdoors,Yoga Mat,2,37.90 ,Completed,Debit Card,75.80
ORD100270,2024-02-07,CUST1568,Budi Chen,East,Home & Kitchen,Non-Stick Pan,2,37.91 ,Completed,Credit Card,75.82
ORD103463,2024-05-04,CUST1623,John Yusuf,East,Beauty,Sunscreen SPF50,4,37.94 ,Completed,Gift Card,151.76
ORD101785,2024-04-14,CUST1077,Ayu Brown,East,Toys,RC Car,1,38.02 ,Completed,Debit Card,38.02
ORD102271,2023-10-19,CUST1721,Nina Wijaya,East,Toys,Puzzle 1000pc,2,38.02 ,Returned,Gift Card,76.04
ORD100674,2023-01-07,CUST1655,John Tan,East,Toys,Puzzle 1000pc,2,38.03 ,Completed,PayPal,76.06
ORD103908,2023-11-16,CUST1318,David Smith,South,Electronics,Power Bank,3,38.03 ,Completed,Gift Card,114.09
ORD103263,2024-03-19,CUST1752,Linda Smith,Midwest,Sports & Outdoors,Hiking Backpack,1,38.05 ,Completed,Gift Card,38.05
ORD103733,2024-10-13,CUST1421,Ayu Lee,East,Sports & Outdoors,Camping Tent,1,38.06 ,Returned,PayPal,38.06
ORD102471,2024-11-19,CUST1420,Ayu Wijaya,Midwest,Sports & Outdoors,Resistance Bands,2,38.06 ,Completed,Gift Card,76.12
ORD102703,2024-07-31,CUST1507,Andi Brown,East,Toys,Action Figure,1,38.12 ,Completed,Credit Card,38.12
ORD101516,2024-04-29,CUST1739,Fajar Wilson,East,Sports & Outdoors,Water Bottle,1,38.13 ,Completed,Unknown,38.13
ORD102173,2024-06-09,CUST1481,James Chen,East,Home & Kitchen,Blender,1,38.15 ,Completed,Gift Card,38.15
ORD101735,2023-02-02,CUST1256,James Wijaya,East,Clothing,Denim Jeans,2,38.15 ,Completed,Gift Card,76.30
ORD103211,2024-03-24,CUST1073,Ayu Pratama,East,Sports & Outdoors,Yoga Mat,1,38.17 ,Completed,PayPal,38.17
ORD102446,2023-10-10,CUST1768,Rina Nugroho,East,Sports & Outdoors,Water Bottle,1,38.19 ,Completed,Credit Card,38.19
ORD100849,2024-10-15,CUST1856,Siti Brown,East,Beauty,Lip Balm,2,38.21 ,Completed,Debit Card,76.42
ORD103666,2023-06-08,CUST1127,Linda Halim,East,Toys,Puzzle 1000pc,1,38.22 ,Completed,Credit Card,38.22
ORD100698,2024-05-25,CUST1450,David Santos,East,Beauty,Lip Balm,2,38.23 ,Cancelled,Debit Card,76.46
ORD102479,2023-07-12,CUST1214,Ahmad Tan,East,Beauty,Shampoo,1,38.24 ,Completed,Gift Card,38.24
ORD103027,2024-08-23,CUST1817,Ahmad Hidayat,East,Toys,Puzzle 1000pc,1,38.24 ,Cancelled,Debit Card,38.24
ORD100624,2024-02-28,CUST1514,Rina Wijaya,Midwest,Toys,Building Blocks,1,38.25 ,Completed,Debit Card,38.25
ORD101818,2024-10-12,CUST1756,Putri Kurniawan,Midwest,Sports & Outdoors,Water Bottle,2,38.27 ,Completed,Debit Card,76.54
ORD101396,2024-07-24,CUST1186,Andi Anderson,South,Sports & Outdoors,Yoga Mat,1,38.28 ,Completed,PayPal,38.28
ORD101510,2023-06-07,CUST1171,James Anderson,East,Clothing,Hoodie,1,38.30 ,Completed,Debit Card,38.30
ORD100666,2024-05-15,CUST1041,Michael Wijaya,East,Clothing,Hoodie,1,38.35 ,Completed,Gift Card,38.35
ORD100560,2024-08-29,CUST1353,Andi Halim,East,Toys,Action Figure,1,38.36 ,Completed,Credit Card,38.36
ORD102310,2023-02-16,CUST1896,Andi Taylor,East,Toys,Board Game,1,38.37 ,Completed,Credit Card,38.37
ORD101691,2024-09-28,CUST1283,Michael Brown,Midwest,Beauty,Sunscreen SPF50,1,38.41 ,Completed,Unknown,38.41
ORD103311,2023-07-11,CUST1579,Kevin Tan,East,Home & Kitchen,LED Desk Lamp,5,38.41 ,Completed,Credit Card,192.05
ORD102088,2023-05-11,CUST1052,Fajar Halim,East,Toys,Action Figure,2,38.42 ,Completed,PayPal,76.84
ORD102278,2023-09-03,CUST1161,Ayu Yusuf,East,Beauty,Face Mask Set,2,38.44 ,Completed,Gift Card,76.88
ORD100981,2024-04-08,CUST1024,Ahmad Anderson,West,Beauty,Sunscreen SPF50,1,38.45 ,Completed,Credit Card,38.45
ORD103470,2024-02-02,CUST1693,Lisa Santos,East,Sports & Outdoors,Yoga Mat,2,38.45 ,Completed,Gift Card,76.90
ORD103455,2024-06-08,CUST1555,Andi Hidayat,Midwest,Beauty,Shampoo,4,38.45 ,Pending,Credit Card,153.80
ORD102233,2024-12-30,CUST1430,Maria Garcia,Midwest,Clothing,Baseball Cap,1,38.47 ,Completed,Debit Card,38.47
ORD102844,2023-02-04,CUST1422,Budi Pratama,East,Home & Kitchen,LED Desk Lamp,1,38.48 ,Completed,PayPal,38.48
ORD101126,2023-01-08,CUST1499,David Santos,East,Toys,RC Car,3,38.49 ,Completed,Credit Card,115.47
ORD102968,2023-02-26,CUST1301,Sarah Tan,East,Clothing,Cotton T-Shirt,4,38.53 ,Returned,Unknown,154.12
ORD100585,2023-04-08,CUST1284,Lisa Smith,East,Clothing,Hoodie,2,38.54 ,Completed,Credit Card,77.08
ORD101955,2024-02-07,CUST1748,Robert Salim,East,Beauty,Lip Balm,5,38.54 ,Completed,Debit Card,192.70
ORD102175,2023-06-06,CUST1385,Michael Lee,East,Clothing,Winter Jacket,3,38.56 ,Cancelled,Debit Card,115.68
ORD103940,2023-08-26,CUST1063,David Anderson,East,Toys,Puzzle 1000pc,1,38.57 ,Completed,Debit Card,38.57
ORD103785,2024-09-18,CUST1801,John Brown,East,Clothing,Baseball Cap,1,38.57 ,Returned,PayPal,38.57
ORD101848,2023-02-17,CUST1866,Dewi Lee,Midwest,Toys,Action Figure,1,38.58 ,Completed,PayPal,38.58
ORD101402,2024-03-24,CUST1859,Rina Kurniawan,Midwest,Beauty,Sunscreen SPF50,1,38.63 ,Completed,Debit Card,38.63
ORD102530,2024-10-27,CUST1525,Michael Anderson,East,Beauty,Sunscreen SPF50,2,38.63 ,Completed,Gift Card,77.26
ORD100149,2024-08-22,CUST1430,Maria Garcia,Midwest,Toys,RC Car,1,38.69 ,Completed,Credit Card,38.69
ORD100704,2023-03-01,CUST1653,Michael Chen,Midwest,Toys,Action Figure,1,38.70 ,Completed,Credit Card,38.70
ORD102200,2024-04-09,CUST1873,Ayu Anderson,East,Beauty,Face Mask Set,1,38.70 ,Cancelled,PayPal,38.70
ORD103887,2023-11-15,CUST1397,Maria Anderson,East,Beauty,Lip Balm,1,38.71 ,Completed,PayPal,38.71
ORD102550,2023-10-31,CUST1665,Sarah Halim,East,Beauty,Lip Balm,1,38.72 ,Completed,PayPal,38.72
ORD100113,2023-05-06,CUST1454,Fajar Wijaya,East,Toys,Puzzle 1000pc,1,38.74 ,Completed,Gift Card,38.74
ORD103244,2023-10-16,CUST1861,Ayu Santos,East,Toys,RC Car,2,38.75 ,Completed,PayPal,77.50
ORD100942,2024-05-05,CUST1045,Budi Yusuf,East,Beauty,Moisturizer,2,38.78 ,Completed,Debit Card,77.56
ORD103726,2024-12-18,CUST1512,Rina Wilson,Midwest,Beauty,Lip Balm,2,38.79 ,Completed,Credit Card,77.58
ORD102007,2023-11-16,CUST1080,Nina Garcia,East,Beauty,Moisturizer,1,38.80 ,Completed,Credit Card,38.80
ORD102597,2024-07-11,CUST1233,Michael Lee,East,Beauty,Shampoo,2,38.86 ,Completed,Gift Card,77.72
ORD101915,2023-03-06,CUST1247,Andi Nugroho,East,Toys,Building Blocks,1,38.89 ,Completed,PayPal,38.89
ORD102535,2023-10-05,CUST1885,Lisa Santos,East,Beauty,Face Mask Set,1,38.89 ,Completed,Credit Card,38.89
ORD102050,2024-05-08,CUST1219,Linda Yusuf,East,Clothing,Baseball Cap,2,38.91 ,Completed,Credit Card,77.82
ORD100176,2023-01-14,CUST1584,John Garcia,East,Beauty,Lip Balm,1,38.92 ,Completed,Credit Card,38.92
ORD101195,2024-09-29,CUST1529,Ahmad Garcia,Midwest,Toys,Building Blocks,2,38.93 ,Completed,Gift Card,77.86
ORD100251,2024-12-26,CUST1062,Andi Salim,South,Home & Kitchen,Storage Containers,1,38.95 ,Completed,Debit Card,38.95
ORD101703,2024-09-27,CUST1392,Nina Garcia,East,Beauty,Face Mask Set,1,38.96 ,Completed,Credit Card,38.96
ORD101600,2024-09-30,CUST1844,Ahmad Johnson,East,Clothing,Running Shorts,2,38.96 ,Completed,Gift Card,77.92
ORD100937,2024-05-06,CUST1468,Michael Tan,East,Sports & Outdoors,Hiking Backpack,1,38.99 ,Completed,Debit Card,38.99
ORD101086,2024-07-28,CUST1111,Siti Halim,East,Sports & Outdoors,Jump Rope,1,39.00 ,Completed,PayPal,39.00
ORD103743,2023-10-11,CUST1175,Lisa Kurniawan,East,Beauty,Lip Balm,3,39.04 ,Completed,PayPal,117.12
ORD102807,2024-11-25,CUST1090,Lisa Pratama,East,Toys,Board Game,5,39.04 ,Pending,Gift Card,195.20
ORD101074,2024-04-12,CUST1689,Siti Tan,East,Beauty,Face Mask Set,1,39.05 ,Completed,Debit Card,39.05
ORD100499,2023-06-25,CUST1071,Kevin Lee,Midwest,Sports & Outdoors,Yoga Mat,2,39.05 ,Completed,Gift Card,78.10
ORD100757,2024-07-28,CUST1177,Ayu Pratama,East,Beauty,Moisturizer,2,39.08 ,Completed,Debit Card,78.16
ORD103993,2024-03-03,CUST1382,David Hidayat,East,Toys,Building Blocks,2,39.09 ,Returned,Gift Card,78.18
ORD101657,2024-12-28,CUST1537,Putri Sari,Midwest,Sports & Outdoors,Hiking Backpack,1,39.15 ,Cancelled,Debit Card,39.15
ORD102930,2023-06-05,CUST1839,John Tan,East,Clothing,Baseball Cap,2,39.18 ,Completed,Debit Card,78.36
ORD100170,2023-12-30,CUST1099,Sarah Santos,East,Toys,Puzzle 1000pc,1,39.21 ,Cancelled,Debit Card,39.21
ORD100949,2024-05-22,CUST1771,Putri Salim,East,Clothing,Wool Socks,1,39.22 ,Completed,Credit Card,39.22
ORD101218,2024-07-03,CUST1246,Ayu Brown,East,Beauty,Sunscreen SPF50,2,39.22 ,Completed,Debit Card,78.44
ORD103454,2024-05-16,CUST1068,Linda Nugroho,East,Clothing,Running Shorts,1,39.26 ,Completed,Debit Card,39.26
ORD103379,2023-08-01,CUST1885,Lisa Santos,East,Beauty,Lip Balm,1,39.30 ,Completed,PayPal,39.30
ORD100762,2023-09-25,CUST1791,Kevin Chen,East,Clothing,Hoodie,2,39.33 ,Completed,Credit Card,78.66
ORD103245,2023-05-24,CUST1251,Nina Salim,East,Beauty,Shampoo,1,39.34 ,Completed,Unknown,39.34
ORD102378,2023-12-18,CUST1120,Unknown Customer,Midwest,Clothing,Hoodie,1,39.37 ,Returned,PayPal,39.37
ORD101684,2024-11-22,CUST1442,Andi Lee,East,Toys,RC Car,2,39.39 ,Completed,PayPal,78.78
ORD100557,2024-03-20,CUST1619,Andi Smith,Midwest,Clothing,Running Shorts,1,39.40 ,Completed,PayPal,39.40
ORD102966,2024-09-28,CUST1132,Robert Tan,East,Electronics,Wireless Mouse,2,39.40 ,Completed,Credit Card,78.80
ORD102762,2024-04-26,CUST1205,David Johnson,East,Toys,RC Car,1,39.44 ,Completed,Gift Card,39.44
ORD100596,2023-01-03,CUST1511,Maria Brown,Midwest,Beauty,Face Mask Set,1,39.44 ,Cancelled,PayPal,39.44
ORD101040,2023-10-08,CUST1878,Ayu Sari,East,Beauty,Shampoo,1,39.45 ,Completed,Debit Card,39.45
ORD100401,2024-10-22,CUST1486,Sarah Lee,Midwest,Beauty,Face Mask Set,1,39.49 ,Pending,Credit Card,39.49
ORD103694,2023-03-26,CUST1689,Siti Tan,East,Toys,Puzzle 1000pc,1,39.50 ,Completed,Credit Card,39.50
ORD103361,2024-06-18,CUST1201,Linda Johnson,East,Toys,RC Car,1,39.50 ,Completed,Debit Card,39.50
ORD101439,2024-07-07,CUST1595,Lisa Brown,South,Toys,Building Blocks,1,39.51 ,Cancelled,Debit Card,39.51
ORD102184,2024-07-12,CUST1300,Sarah Taylor,East,Clothing,Baseball Cap,1,39.53 ,Completed,Gift Card,39.53
ORD100928,2023-03-11,CUST1523,Michael Chen,East,Electronics,Smartphone Case,1,39.54 ,Completed,Credit Card,39.54
ORD102033,2024-10-10,CUST1300,Sarah Taylor,East,Toys,Board Game,2,39.56 ,Completed,Debit Card,79.12
ORD101072,2023-10-28,CUST1738,Fajar Halim,East,Beauty,Face Mask Set,1,39.58 ,Completed,Credit Card,39.58
ORD100276,2024-09-23,CUST1775,Putri Hidayat,East,Clothing,Cotton T-Shirt,5,39.58 ,Completed,Debit Card,197.90
ORD102137,2024-03-04,CUST1095,Sarah Smith,East,Beauty,Shampoo,1,39.60 ,Completed,Gift Card,39.60
ORD101521,2023-08-02,CUST1441,Fajar Hidayat,East,Sports & Outdoors,Jump Rope,1,39.63 ,Cancelled,PayPal,39.63
ORD101118,2023-10-09,CUST1787,Ahmad Salim,East,Beauty,Shampoo,1,39.68 ,Completed,Credit Card,39.68
ORD103638,2024-08-12,CUST1178,Michael Pratama,Midwest,Beauty,Face Mask Set,4,39.69 ,Completed,Debit Card,158.76
ORD103747,2024-03-04,CUST1332,Siti Johnson,Midwest,Clothing,Cotton T-Shirt,1,39.71 ,Completed,Credit Card,39.71
ORD103575,2024-06-17,CUST1182,Dewi Tan,East,Beauty,Face Mask Set,1,39.74 ,Completed,PayPal,39.74
ORD101131,2024-06-10,CUST1006,James Smith,East,Home & Kitchen,Blender,1,39.74 ,Completed,Debit Card,39.74
ORD101764,2024-11-22,CUST1209,Andi Sari,East,Toys,Puzzle 1000pc,2,39.74 ,Completed,Credit Card,79.48
ORD101734,2024-05-25,CUST1407,Rina Smith,East,Home & Kitchen,Blender,2,39.77 ,Cancelled,PayPal,79.54
ORD101489,2024-05-07,CUST1393,Putri Johnson,East,Toys,RC Car,2,39.77 ,Completed,Credit Card,79.54
ORD100169,2023-02-25,CUST1670,David Sari,Midwest,Beauty,Lip Balm,2,39.81 ,Completed,Gift Card,79.62
ORD101080,2023-03-20,CUST1624,Budi Smith,East,Toys,RC Car,1,39.82 ,Completed,Credit Card,39.82
ORD102902,2024-08-16,CUST1251,Nina Salim,East,Home & Kitchen,Throw Pillow,1,39.84 ,Completed,Credit Card,39.84
ORD102758,2024-09-05,CUST1011,Unknown Customer,East,Clothing,Winter Jacket,1,39.90 ,Completed,Gift Card,39.90
ORD100547,2023-02-23,CUST1057,Maria Lee,Midwest,Electronics,Laptop Stand,1,39.90 ,Completed,Debit Card,39.90
ORD102258,2024-07-10,CUST1234,Nina Salim,East,Beauty,Lip Balm,3,39.90 ,Completed,Debit Card,119.70
ORD102501,2023-04-15,CUST1140,Maria Wijaya,East,Electronics,Webcam,2,39.91 ,Completed,Gift Card,79.82
ORD100701,2024-08-09,CUST1738,Fajar Halim,East,Beauty,Face Mask Set,1,39.92 ,Completed,Debit Card,39.92
ORD102147,2023-06-04,CUST1560,Fajar Hidayat,East,Clothing,Cotton T-Shirt,2,39.92 ,Completed,Credit Card,79.84
ORD102885,2024-10-16,CUST1176,David Hidayat,Midwest,Toys,Puzzle 1000pc,1,39.97 ,Completed,Debit Card,39.97
ORD100663,2024-10-03,CUST1091,Nina Wilson,East,Clothing,Running Shorts,1,39.98 ,Completed,Gift Card,39.98
ORD103309,2024-11-01,CUST1527,Rina Anderson,Midwest,Beauty,Shampoo,1,39.98 ,Completed,Credit Card,39.98
ORD102490,2024-12-16,CUST1607,Fajar Kurniawan,East,Beauty,Lip Balm,2,39.99 ,Pending,PayPal,79.98
ORD101909,2024-10-22,CUST1764,Andi Yusuf,East,Toys,Puzzle 1000pc,2,40.02 ,Completed,Debit Card,80.04
ORD101743,2024-11-24,CUST1385,Michael Lee,East,Clothing,Denim Jeans,2,40.05 ,Completed,Gift Card,80.10
ORD101024,2023-06-16,CUST1256,James Wijaya,East,Beauty,Moisturizer,1,40.06 ,Completed,PayPal,40.06
ORD100219,2024-02-13,CUST1852,Putri Garcia,East,Home & Kitchen,Non-Stick Pan,1,40.06 ,Completed,Debit Card,40.06
ORD101187,2024-06-07,CUST1626,Fajar Pratama,Midwest,Sports & Outdoors,Yoga Mat,1,40.06 ,Completed,Credit Card,40.06
ORD103235,2023-07-05,CUST1490,Unknown Customer,East,Toys,Board Game,5,40.07 ,Completed,Gift Card,200.35
ORD101394,2024-08-17,CUST1853,Robert Smith,East,Toys,Board Game,1,40.08 ,Completed,Gift Card,40.08
ORD100910,2023-07-12,CUST1589,Siti Nugroho,East,Clothing,Wool Socks,2,40.11 ,Completed,Debit Card,80.22
ORD101949,2024-11-19,CUST1618,Budi Lee,East,Toys,Puzzle 1000pc,1,40.12 ,Completed,Debit Card,40.12
ORD101795,2023-09-26,CUST1639,Dewi Salim,Midwest,Beauty,Moisturizer,1,40.18 ,Completed,Gift Card,40.18
ORD100902,2024-06-16,CUST1373,James Smith,East,Toys,RC Car,1,40.19 ,Returned,Credit Card,40.19
ORD103701,2024-04-25,CUST1299,Lisa Chen,Midwest,Toys,RC Car,1,40.22 ,Returned,Credit Card,40.22
ORD103818,2024-10-21,CUST1130,Maria Johnson,East,Beauty,Moisturizer,1,40.22 ,Completed,Gift Card,40.22
ORD103652,2023-10-23,CUST1078,Rina Santos,East,Clothing,Wool Socks,1,40.28 ,Completed,Gift Card,40.28
ORD100318,2023-09-01,CUST1157,Robert Kurniawan,East,Toys,Board Game,2,40.29 ,Completed,PayPal,80.58
ORD103468,2023-03-06,CUST1159,Michael Smith,East,Beauty,Sunscreen SPF50,1,40.33 ,Returned,Credit Card,40.33
ORD102246,2024-09-21,CUST1773,Andi Nugroho,Midwest,Clothing,Running Shorts,1,40.37 ,Completed,Gift Card,40.37
ORD101587,2023-03-25,CUST1018,Ahmad Wilson,Midwest,Toys,Puzzle 1000pc,2,40.37 ,Completed,Credit Card,80.74
ORD103502,2024-08-04,CUST1432,Andi Smith,East,Beauty,Face Mask Set,1,40.39 ,Completed,Credit Card,40.39
ORD103303,2024-12-16,CUST1538,Dewi Kurniawan,East,Toys,Action Figure,1,40.42 ,Completed,Credit Card,40.42
ORD103160,2023-08-31,CUST1696,David Hidayat,East,Sports & Outdoors,Camping Tent,1,40.42 ,Completed,PayPal,40.42
ORD103442,2023-04-13,CUST1755,Budi Sari,East,Beauty,Shampoo,1,40.44 ,Completed,Debit Card,40.44
ORD103609,2024-05-21,CUST1819,Lisa Salim,East,Toys,Puzzle 1000pc,1,40.45 ,Completed,Debit Card,40.45
ORD102219,2023-09-07,CUST1300,Sarah Taylor,East,Home & Kitchen,LED Desk Lamp,1,40.48 ,Completed,Credit Card,40.48
ORD102985,2023-11-23,CUST1543,Ayu Wilson,East,Toys,RC Car,2,40.57 ,Completed,Credit Card,81.14
ORD102578,2024-06-04,CUST1512,Rina Wilson,Midwest,Clothing,Hoodie,1,40.62 ,Completed,Gift Card,40.62
ORD102019,2024-12-29,CUST1370,Rina Anderson,East,Sports & Outdoors,Yoga Mat,1,40.63 ,Cancelled,PayPal,40.63
ORD101400,2023-04-25,CUST1268,Sarah Lee,East,Home & Kitchen,Coffee Maker,1,40.64 ,Completed,Unknown,40.64
ORD103144,2024-10-28,CUST1817,Ahmad Hidayat,East,Electronics,Wireless Earbuds,1,40.64 ,Completed,Credit Card,40.64
ORD100463,2023-12-26,CUST1493,Lisa Kurniawan,East,Home & Kitchen,Storage Containers,4,40.67 ,Cancelled,PayPal,162.68
ORD101199,2024-12-27,CUST1212,Budi Wilson,East,Sports & Outdoors,Resistance Bands,4,40.72 ,Completed,Credit Card,162.88
ORD100936,2024-06-07,CUST1641,Rina Nugroho,Midwest,Clothing,Winter Jacket,1,40.76 ,Completed,Credit Card,40.76
ORD100970,2023-07-14,CUST1685,Budi Kurniawan,South,Beauty,Shampoo,1,40.78 ,Completed,Debit Card,40.78
ORD103612,2023-05-16,CUST1427,James Halim,Midwest,Clothing,Cotton T-Shirt,3,40.78 ,Completed,Gift Card,122.34
ORD102828,2024-02-27,CUST1481,James Chen,East,Sports & Outdoors,Yoga Mat,3,40.80 ,Completed,Credit Card,122.40
ORD100244,2024-10-02,CUST1254,Nina Garcia,East,Clothing,Running Shorts,2,40.81 ,Completed,Debit Card,81.62
ORD100383,2023-07-26,CUST1098,Sarah Yusuf,South,Toys,Building Blocks,2,40.81 ,Completed,Gift Card,81.62
ORD103324,2024-04-11,CUST1650,Dewi Lee,East,Beauty,Sunscreen SPF50,3,40.83 ,Completed,Credit Card,122.49
ORD101806,2024-09-09,CUST1893,John Wijaya,East,Beauty,Face Mask Set,1,40.87 ,Completed,Debit Card,40.87
ORD101226,2024-01-14,CUST1855,Unknown Customer,East,Toys,Board Game,2,40.89 ,Completed,Debit Card,81.78
ORD103781,2023-12-04,CUST1369,Sarah Halim,East,Beauty,Face Mask Set,4,40.90 ,Completed,PayPal,163.60
ORD102640,2023-06-17,CUST1404,Maria Tan,East,Toys,Board Game,2,40.91 ,Completed,Credit Card,81.82
ORD101324,2023-10-19,CUST1722,Sarah Wilson,Midwest,Toys,RC Car,1,40.92 ,Completed,Debit Card,40.92
ORD100469,2024-08-05,CUST1840,Maria Taylor,East,Beauty,Lip Balm,1,40.93 ,Completed,PayPal,40.93
ORD103273,2024-02-07,CUST1869,Maria Garcia,East,Electronics,Wireless Earbuds,2,40.93 ,Returned,Gift Card,81.86
ORD103704,2023-02-15,CUST1467,Andi Smith,Midwest,Beauty,Lip Balm,1,40.96 ,Returned,Debit Card,40.96
ORD103467,2023-09-12,CUST1694,Ayu Tan,Midwest,Home & Kitchen,Non-Stick Pan,1,40.98 ,Completed,Gift Card,40.98
ORD100395,2023-10-21,CUST1649,Rina Wilson,East,Clothing,Baseball Cap,2,40.98 ,Completed,Debit Card,81.96
ORD103942,2024-01-10,CUST1139,Maria Brown,West,Beauty,Moisturizer,1,40.99 ,Returned,PayPal,40.99
ORD102918,2023-11-21,CUST1087,Linda Tan,East,Beauty,Lip Balm,1,41.12 ,Completed,Debit Card,41.12
ORD102006,2023-11-04,CUST1115,Maria Wilson,East,Sports & Outdoors,Jump Rope,1,41.12 ,Completed,Credit Card,41.12
ORD103129,2023-09-28,CUST1176,David Hidayat,Midwest,Clothing,Winter Jacket,1,41.16 ,Completed,Debit Card,41.16
ORD103178,2024-11-30,CUST1256,James Wijaya,East,Clothing,Winter Jacket,1,41.18 ,Completed,Credit Card,41.18
ORD101249,2024-08-31,CUST1163,Lisa Pratama,East,Clothing,Winter Jacket,3,41.18 ,Completed,Debit Card,123.53
ORD103081,2024-10-20,CUST1506,Lisa Wilson,Midwest,Sports & Outdoors,Jump Rope,1,41.21 ,Completed,PayPal,41.21
ORD103293,2023-09-24,CUST1147,Sarah Wilson,East,Beauty,Sunscreen SPF50,3,41.22 ,Completed,Credit Card,123.66
ORD102238,2024-02-08,CUST1076,Kevin Santos,East,Beauty,Shampoo,1,41.23 ,Completed,Debit Card,41.23
ORD103990,2024-12-01,CUST1774,Maria Wijaya,East,Clothing,Cotton T-Shirt,1,41.27 ,Completed,Credit Card,41.27
ORD103838,2023-02-16,CUST1759,Budi Johnson,Midwest,Electronics,Smartphone Case,4,41.29 ,Completed,Credit Card,165.16
ORD101158,2023-06-03,CUST1345,Michael Santos,East,Toys,Building Blocks,1,41.30 ,Completed,Gift Card,41.30
ORD101022,2023-01-04,CUST1654,John Smith,Midwest,Electronics,Bluetooth Speaker,1,41.30 ,Returned,Credit Card,41.30
ORD102753,2024-01-22,CUST1799,Robert Hidayat,Midwest,Home & Kitchen,Storage Containers,2,41.35 ,Returned,Unknown,82.70
ORD102008,2023-06-10,CUST1740,Dewi Hidayat,East,Sports & Outdoors,Resistance Bands,1,41.36 ,Completed,Debit Card,41.36
ORD100600,2023-05-28,CUST1869,Maria Garcia,East,Toys,Puzzle 1000pc,1,41.38 ,Cancelled,Gift Card,41.38
ORD101052,2024-11-14,CUST1712,David Nugroho,East,Clothing,Cotton T-Shirt,1,41.39 ,Completed,PayPal,41.39
ORD101182,2024-07-30,CUST1862,Ahmad Santos,East,Clothing,Baseball Cap,1,41.40 ,Completed,Unknown,41.40
ORD100825,2023-05-07,CUST1790,Andi Salim,East,Home & Kitchen,Coffee Maker,1,41.41 ,Cancelled,Gift Card,41.41
ORD101000,2024-08-31,CUST1338,Fajar Garcia,Midwest,Beauty,Face Mask Set,1,41.43 ,Completed,PayPal,41.43
ORD101334,2024-08-19,CUST1321,Putri Garcia,Midwest,Beauty,Shampoo,1,41.45 ,Returned,PayPal,41.45
ORD103724,2024-12-04,CUST1753,Kevin Lee,East,Beauty,Moisturizer,1,41.46 ,Completed,PayPal,41.46
ORD100223,2024-12-16,CUST1403,Michael Johnson,South,Toys,Puzzle 1000pc,2,41.50 ,Completed,Debit Card,83.00
ORD102170,2023-10-16,CUST1561,Nina Santos,East,Toys,Building Blocks,2,41.55 ,Completed,Debit Card,83.10
ORD101547,2023-01-25,CUST1527,Rina Anderson,Midwest,Beauty,Sunscreen SPF50,1,41.56 ,Completed,Debit Card,41.56
ORD102639,2023-03-03,CUST1232,Michael Chen,East,Beauty,Shampoo,1,41.60 ,Completed,Credit Card,41.60
ORD101223,2023-02-16,CUST1395,Lisa Kurniawan,South,Sports & Outdoors,Camping Tent,1,41.60 ,Returned,Gift Card,41.60
ORD100074,2024-07-19,CUST1693,Lisa Santos,East,Toys,Puzzle 1000pc,2,41.68 ,Completed,Gift Card,83.36
ORD100591,2023-04-19,CUST1146,Ayu Smith,East,Beauty,Sunscreen SPF50,1,41.69 ,Completed,Debit Card,41.69
ORD103353,2024-05-14,CUST1287,John Pratama,Midwest,Beauty,Sunscreen SPF50,2,41.69 ,Completed,Debit Card,83.38
ORD102329,2024-06-17,CUST1258,Ayu Smith,East,Beauty,Face Mask Set,4,41.69 ,Completed,Debit Card,166.76
ORD101314,2024-03-24,CUST1495,Ayu Salim,East,Clothing,Cotton T-Shirt,2,41.71 ,Completed,Credit Card,83.42
ORD100486,2023-05-14,CUST1899,Maria Hidayat,South,Beauty,Moisturizer,1,41.74 ,Completed,PayPal,41.74
ORD101677,2023-05-25,CUST1295,Robert Taylor,East,Beauty,Face Mask Set,1,41.77 ,Completed,PayPal,41.77
ORD100690,2023-03-16,CUST1337,Unknown Customer,East,Toys,Building Blocks,3,41.84 ,Completed,Credit Card,125.52
ORD100919,2024-01-18,CUST1613,Andi Garcia,East,Clothing,Winter Jacket,1,41.85 ,Completed,PayPal,41.85
ORD103847,2024-04-23,CUST1563,James Yusuf,Midwest,Sports & Outdoors,Water Bottle,1,41.89 ,Completed,PayPal,41.89
ORD101105,2023-01-01,CUST1168,Linda Nugroho,East,Beauty,Moisturizer,2,41.89 ,Completed,Unknown,83.78
ORD103002,2024-05-01,CUST1752,Linda Smith,Midwest,Clothing,Cotton T-Shirt,1,41.92 ,Completed,Credit Card,41.92
ORD103537,2023-01-16,CUST1605,Andi Sari,East,Home & Kitchen,Storage Containers,2,41.93 ,Completed,PayPal,83.86
ORD102429,2024-07-18,CUST1654,John Smith,Midwest,Sports & Outdoors,Water Bottle,1,41.95 ,Completed,Credit Card,41.95
ORD102363,2023-01-25,CUST1575,Michael Halim,East,Beauty,Sunscreen SPF50,2,41.95 ,Completed,PayPal,83.90
ORD103420,2023-06-03,CUST1364,David Brown,East,Toys,Building Blocks,2,41.96 ,Completed,Gift Card,83.92
ORD100211,2024-04-02,CUST1407,Rina Smith,East,Beauty,Shampoo,1,41.99 ,Completed,PayPal,41.99
ORD100128,2023-11-01,CUST1567,Putri Garcia,East,Beauty,Sunscreen SPF50,1,42.05 ,Completed,Credit Card,42.05
ORD102240,2023-02-19,CUST1674,Dewi Lee,East,Sports & Outdoors,Hiking Backpack,2,42.06 ,Returned,Gift Card,84.12
ORD103664,2023-09-27,CUST1085,John Kurniawan,East,Toys,Action Figure,1,42.08 ,Completed,Credit Card,42.08
ORD100046,2024-12-25,CUST1484,James Anderson,East,Clothing,Baseball Cap,1,42.08 ,Completed,Gift Card,42.08
ORD101774,2024-01-09,CUST1722,Sarah Wilson,Midwest,Clothing,Winter Jacket,1,42.12 ,Returned,PayPal,42.12
ORD100842,2024-11-27,CUST1543,Ayu Wilson,East,Clothing,Hoodie,4,42.17 ,Completed,PayPal,168.68
ORD100793,2023-02-03,CUST1163,Lisa Pratama,East,Clothing,Running Shorts,1,42.25 ,Completed,Gift Card,42.25
ORD101961,2024-07-10,CUST1809,Kevin Smith,East,Beauty,Face Mask Set,2,42.27 ,Completed,PayPal,84.54
ORD102192,2023-08-01,CUST1764,Andi Yusuf,East,Beauty,Lip Balm,3,42.30 ,Completed,PayPal,126.90
ORD102695,2024-12-15,CUST1640,Siti Smith,East,Home & Kitchen,Coffee Maker,1,42.32 ,Completed,Debit Card,42.32
ORD100570,2023-10-19,CUST1891,Sarah Lee,East,Beauty,Shampoo,1,42.34 ,Completed,Gift Card,42.34
ORD101043,2023-08-13,CUST1799,Robert Hidayat,Midwest,Clothing,Wool Socks,4,42.38 ,Pending,PayPal,169.52
ORD100480,2024-06-03,CUST1600,Maria Wijaya,East,Beauty,Shampoo,2,42.42 ,Completed,Credit Card,84.84
ORD103251,2023-08-12,CUST1441,Fajar Hidayat,East,Electronics,Bluetooth Speaker,1,42.43 ,Completed,PayPal,42.43
ORD103255,2024-01-16,CUST1838,Budi Chen,Midwest,Clothing,Winter Jacket,1,42.43 ,Completed,Debit Card,42.43
ORD100101,2024-04-11,CUST1269,Andi Kurniawan,East,Beauty,Sunscreen SPF50,2,42.44 ,Completed,Credit Card,84.88
ORD102793,2024-02-16,CUST1458,Fajar Halim,East,Toys,RC Car,3,42.46 ,Completed,Gift Card,127.38
ORD100782,2023-10-09,CUST1416,Robert Nugroho,Midwest,Clothing,Cotton T-Shirt,2,42.47 ,Completed,Debit Card,84.94
ORD101083,2023-09-01,CUST1765,Ayu Brown,East,Electronics,Laptop Stand,1,42.48 ,Completed,Gift Card,42.48
ORD102304,2024-05-24,CUST1127,Linda Halim,East,Sports & Outdoors,Resistance Bands,1,42.50 ,Completed,Debit Card,42.50
ORD103987,2024-07-29,CUST1680,Putri Halim,East,Beauty,Shampoo,1,42.51 ,Completed,Debit Card,42.51
ORD101604,2023-04-16,CUST1417,Andi Hidayat,East,Sports & Outdoors,Yoga Mat,4,42.55 ,Completed,PayPal,170.20
ORD102667,2024-03-18,CUST1321,Putri Garcia,Midwest,Toys,Board Game,1,42.61 ,Completed,Debit Card,42.61
ORD102376,2023-01-06,CUST1725,Nina Pratama,South,Electronics,Smartphone Case,1,42.63 ,Cancelled,PayPal,42.63
ORD101874,2023-11-22,CUST1077,Ayu Brown,East,Beauty,Moisturizer,2,42.63 ,Completed,Debit Card,85.26
ORD100491,2024-01-27,CUST1376,Nina Yusuf,Midwest,Toys,Board Game,4,42.63 ,Completed,Gift Card,170.52
ORD102345,2023-12-09,CUST1783,Ayu Taylor,East,Toys,RC Car,1,42.64 ,Completed,Gift Card,42.64
ORD100420,2023-03-14,CUST1049,David Kurniawan,East,Toys,RC Car,3,42.64 ,Completed,Gift Card,127.92
ORD102842,2024-07-14,CUST1447,Ahmad Chen,East,Clothing,Cotton T-Shirt,1,42.72 ,Completed,PayPal,42.72
ORD101243,2024-09-01,CUST1218,Siti Tan,Midwest,Toys,Board Game,1,42.73 ,Completed,Gift Card,42.73
ORD101709,2023-03-03,CUST1337,Budi Smith,East,Home & Kitchen,Storage Containers,1,42.77 ,Completed,PayPal,42.77
ORD100342,2023-08-14,CUST1242,Robert Anderson,Midwest,Beauty,Lip Balm,1,42.77 ,Completed,Gift Card,42.77
ORD101606,2023-04-07,CUST1235,Nina Halim,East,Beauty,Moisturizer,3,42.78 ,Completed,Credit Card,128.34
ORD103544,2024-01-27,CUST1463,Linda Brown,East,Beauty,Moisturizer,2,42.80 ,Completed,PayPal,85.60
ORD102308,2024-09-11,CUST1248,Andi Pratama,East,Clothing,Denim Jeans,1,42.81 ,Completed,PayPal,42.81
ORD103148,2024-02-03,CUST1203,Linda Brown,South,Clothing,Running Shorts,5,42.81 ,Completed,PayPal,214.05
ORD100850,2024-12-31,CUST1257,Sarah Taylor,East,Home & Kitchen,Coffee Maker,1,42.84 ,Completed,PayPal,42.84
ORD100795,2023-04-17,CUST1523,Michael Chen,East,Beauty,Lip Balm,1,42.86 ,Completed,Debit Card,42.86
ORD101568,2024-09-11,CUST1138,Fajar Anderson,East,Beauty,Moisturizer,2,42.89 ,Completed,PayPal,85.78
ORD103469,2024-06-11,CUST1441,Fajar Hidayat,East,Electronics,Bluetooth Speaker,1,42.98 ,Pending,PayPal,42.98
ORD100551,2023-03-07,CUST1832,Rina Pratama,South,Beauty,Moisturizer,1,43.01 ,Completed,Credit Card,43.01
ORD102362,2024-03-14,CUST1399,Rina Lee,East,Toys,RC Car,4,43.03 ,Completed,Unknown,172.12
ORD103015,2023-03-01,CUST1071,Kevin Lee,Midwest,Beauty,Moisturizer,1,43.04 ,Cancelled,PayPal,43.04
ORD102257,2023-05-24,CUST1791,Kevin Chen,East,Toys,Action Figure,1,43.04 ,Cancelled,PayPal,43.04
ORD102014,2023-01-04,CUST1243,James Hidayat,Midwest,Clothing,Wool Socks,2,43.04 ,Cancelled,PayPal,86.08
ORD100791,2024-04-13,CUST1808,Michael Kurniawan,Midwest,Beauty,Lip Balm,2,43.08 ,Completed,PayPal,86.16
ORD100877,2023-12-27,CUST1028,Maria Garcia,Midwest,Electronics,Power Bank,1,43.11 ,Pending,Credit Card,43.11
ORD101392,2024-04-04,CUST1514,Rina Wijaya,Midwest,Home & Kitchen,Cutting Board,1,43.12 ,Completed,Debit Card,43.12
ORD103643,2023-10-25,CUST1493,Lisa Kurniawan,East,Electronics,Webcam,2,43.13 ,Cancelled,Unknown,86.26
ORD101956,2024-05-12,CUST1381,Putri Nugroho,East,Home & Kitchen,Storage Containers,1,43.15 ,Completed,Debit Card,43.15
ORD103522,2023-08-29,CUST1481,James Chen,East,Toys,Building Blocks,2,43.15 ,Cancelled,Gift Card,86.30
ORD101271,2023-11-15,CUST1491,Rina Taylor,East,Clothing,Baseball Cap,1,43.20 ,Cancelled,Credit Card,43.20
ORD102123,2024-04-22,CUST1119,Andi Kurniawan,Midwest,Beauty,Shampoo,1,43.21 ,Completed,Debit Card,43.21
ORD103090,2024-01-14,CUST1650,Dewi Lee,East,Sports & Outdoors,Yoga Mat,1,43.22 ,Cancelled,Gift Card,43.22
ORD102506,2023-11-12,CUST1643,Fajar Lee,West,Home & Kitchen,LED Desk Lamp,1,43.24 ,Completed,Gift Card,43.24
ORD103192,2024-06-15,CUST1106,Lisa Kurniawan,East,Sports & Outdoors,Resistance Bands,1,43.25 ,Completed,Credit Card,43.25
ORD100068,2024-07-31,CUST1836,Kevin Salim,East,Toys,Board Game,2,43.26 ,Completed,PayPal,86.52
ORD103285,2023-07-09,CUST1402,Rina Nugroho,East,Clothing,Baseball Cap,1,43.30 ,Completed,Credit Card,43.30
ORD103789,2024-05-07,CUST1341,Fajar Wijaya,East,Sports & Outdoors,Hiking Backpack,2,43.31 ,Completed,Debit Card,86.62
ORD102459,2023-02-10,CUST1259,Andi Halim,East,Clothing,Denim Jeans,2,43.35 ,Completed,Gift Card,86.70
ORD100135,2023-06-01,CUST1800,David Chen,Midwest,Sports & Outdoors,Yoga Mat,1,43.36 ,Completed,Credit Card,43.36
ORD101640,2023-12-29,CUST1150,Ayu Wijaya,East,Beauty,Moisturizer,1,43.39 ,Returned,PayPal,43.39
ORD100878,2024-04-13,CUST1697,Michael Sari,East,Beauty,Moisturizer,1,43.42 ,Returned,PayPal,43.42
ORD103641,2024-10-21,CUST1493,Lisa Kurniawan,East,Sports & Outdoors,Yoga Mat,2,43.44 ,Completed,Credit Card,86.88
ORD101245,2024-04-24,CUST1412,Siti Anderson,East,Clothing,Wool Socks,1,43.47 ,Cancelled,PayPal,43.47
ORD102622,2024-09-24,CUST1882,Putri Smith,Midwest,Clothing,Wool Socks,2,43.47 ,Returned,PayPal,86.93
ORD101895,2024-01-01,CUST1858,Maria Hidayat,East,Electronics,Wireless Mouse,4,43.48 ,Completed,Gift Card,173.92
ORD103811,2023-07-14,CUST1835,Nina Wilson,Midwest,Toys,RC Car,2,43.51 ,Completed,Debit Card,87.02
ORD102217,2024-12-07,CUST1732,Sarah Salim,South,Clothing,Baseball Cap,1,43.61 ,Completed,Credit Card,43.61
ORD101008,2024-09-13,CUST1266,Kevin Nugroho,East,Clothing,Wool Socks,1,43.65 ,Completed,Debit Card,43.65
ORD103357,2023-06-20,CUST1514,Rina Wijaya,Midwest,Clothing,Cotton T-Shirt,1,43.65 ,Completed,PayPal,43.65
ORD101215,2023-01-13,CUST1639,Dewi Salim,Midwest,Clothing,Hoodie,1,43.65 ,Completed,Credit Card,43.65
ORD102237,2024-03-31,CUST1699,John Yusuf,East,Toys,Building Blocks,2,43.67 ,Completed,Credit Card,87.34
ORD102777,2024-03-25,CUST1113,Dewi Nugroho,Midwest,Clothing,Running Shorts,1,43.68 ,Completed,Debit Card,43.68
ORD102061,2023-08-29,CUST1195,Putri Wijaya,Midwest,Beauty,Moisturizer,1,43.68 ,Completed,Debit Card,43.68
ORD103482,2023-12-26,CUST1597,Ahmad Nugroho,South,Beauty,Sunscreen SPF50,2,43.69 ,Completed,Gift Card,87.38
ORD100676,2023-05-30,CUST1627,Sarah Brown,East,Beauty,Lip Balm,1,43.70 ,Completed,PayPal,43.70
ORD100667,2024-12-31,CUST1514,Rina Wijaya,Midwest,Beauty,Sunscreen SPF50,1,43.70 ,Completed,PayPal,43.70
ORD101069,2024-11-20,CUST1065,Lisa Tan,East,Sports & Outdoors,Resistance Bands,1,43.71 ,Completed,Gift Card,43.71
ORD103667,2023-11-11,CUST1460,Rina Sari,East,Sports & Outdoors,Jump Rope,3,43.71 ,Completed,PayPal,131.13
ORD103795,2023-04-22,CUST1693,Lisa Santos,East,Clothing,Hoodie,2,43.73 ,Returned,Credit Card,87.46
ORD102098,2023-05-30,CUST1406,Ahmad Wilson,East,Sports & Outdoors,Jump Rope,2,43.74 ,Completed,Debit Card,87.48
ORD100916,2024-04-28,CUST1188,James Lee,East,Clothing,Cotton T-Shirt,1,43.76 ,Completed,Debit Card,43.76
ORD100008,2024-11-29,CUST1075,Linda Anderson,Midwest,Sports & Outdoors,Water Bottle,1,43.76 ,Pending,Debit Card,43.76
ORD100060,2023-04-11,CUST1809,Kevin Smith,East,Beauty,Moisturizer,1,43.80 ,Completed,Credit Card,43.80
ORD100897,2024-01-07,CUST1761,Ahmad Johnson,East,Clothing,Denim Jeans,1,43.81 ,Completed,Debit Card,43.81
ORD102833,2024-03-27,CUST1109,Rina Halim,Midwest,Toys,Action Figure,1,43.83 ,Completed,Debit Card,43.83
ORD100412,2023-09-17,CUST1240,Linda Chen,East,Sports & Outdoors,Resistance Bands,3,43.83 ,Completed,Gift Card,131.49
ORD101701,2024-12-20,CUST1284,Lisa Smith,East,Toys,Puzzle 1000pc,1,43.87 ,Completed,Gift Card,43.87
ORD102457,2023-10-24,CUST1412,Siti Anderson,East,Toys,Action Figure,1,43.92 ,Completed,Debit Card,43.92
ORD103366,2024-11-14,CUST1723,Ayu Wijaya,East,Home & Kitchen,LED Desk Lamp,2,43.94 ,Completed,Debit Card,87.88
ORD102208,2023-02-10,CUST1712,David Nugroho,East,Beauty,Shampoo,1,43.96 ,Completed,Debit Card,43.96
ORD103039,2023-05-02,CUST1192,Lisa Kurniawan,East,Electronics,Wireless Earbuds,1,43.98 ,Cancelled,Debit Card,43.98
ORD103520,2024-10-11,CUST1523,Michael Chen,East,Clothing,Running Shorts,1,44.00 ,Completed,Gift Card,44.00
ORD103320,2023-06-10,CUST1270,Andi Salim,East,Toys,Puzzle 1000pc,1,44.03 ,Completed,Debit Card,44.03
ORD100774,2024-05-29,CUST1435,Dewi Lee,East,Home & Kitchen,LED Desk Lamp,1,44.10 ,Completed,Gift Card,44.10
ORD103108,2024-05-06,CUST1468,Michael Tan,East,Clothing,Wool Socks,2,44.11 ,Pending,Credit Card,88.22
ORD103918,2024-05-13,CUST1517,Siti Nugroho,East,Home & Kitchen,Non-Stick Pan,1,44.12 ,Completed,Gift Card,44.12
ORD101294,2024-11-27,CUST1517,Siti Nugroho,East,Toys,Board Game,3,44.15 ,Completed,Gift Card,132.45
ORD101899,2023-02-03,CUST1212,Budi Wilson,East,Beauty,Shampoo,1,44.19 ,Completed,Credit Card,44.19
ORD101858,2024-02-29,CUST1375,Robert Garcia,East,Toys,RC Car,1,44.20 ,Completed,Debit Card,44.20
ORD102697,2024-12-23,CUST1335,Nina Yusuf,Midwest,Beauty,Shampoo,1,44.22 ,Completed,Credit Card,44.22
ORD102792,2023-03-16,CUST1540,Dewi Yusuf,East,Beauty,Moisturizer,1,44.22 ,Completed,Debit Card,44.22
ORD103827,2023-12-30,CUST1723,Ayu Wijaya,East,Beauty,Lip Balm,1,44.27 ,Completed,Gift Card,44.27
ORD103495,2024-10-14,CUST1360,Michael Santos,South,Home & Kitchen,LED Desk Lamp,1,44.28 ,Completed,Gift Card,44.28
ORD102928,2024-11-11,CUST1462,Michael Lee,Midwest,Clothing,Winter Jacket,3,44.29 ,Returned,Credit Card,132.87
ORD103536,2024-11-15,CUST1661,Ayu Halim,South,Electronics,Wireless Mouse,1,44.31 ,Completed,Credit Card,44.31
ORD102486,2023-11-23,CUST1641,Rina Nugroho,Midwest,Beauty,Moisturizer,4,44.32 ,Completed,PayPal,177.28
ORD102450,2024-12-14,CUST1611,Maria Sari,East,Toys,Building Blocks,1,44.36 ,Completed,Unknown,44.36
ORD100340,2023-09-15,CUST1660,Andi Salim,East,Home & Kitchen,Blender,1,44.38 ,Completed,Gift Card,44.38
ORD103653,2024-03-13,CUST1672,Ahmad Smith,East,Home & Kitchen,Coffee Maker,1,44.40 ,Completed,Credit Card,44.40
ORD102937,2024-05-15,CUST1712,David Nugroho,East,Beauty,Face Mask Set,2,44.40 ,Completed,Gift Card,88.80
ORD103171,2023-06-04,CUST1440,Nina Chen,Midwest,Beauty,Face Mask Set,1,44.42 ,Cancelled,Gift Card,44.42
ORD101821,2023-09-02,CUST1738,Fajar Halim,East,Beauty,Moisturizer,2,44.42 ,Completed,Credit Card,88.84
ORD101554,2024-12-15,CUST1524,Robert Smith,West,Beauty,Face Mask Set,2,44.45 ,Completed,Unknown,88.90
ORD100500,2024-03-18,CUST1886,Robert Taylor,East,Clothing,Denim Jeans,2,44.48 ,Completed,Gift Card,88.96
ORD101472,2023-04-18,CUST1780,Lisa Wijaya,East,Beauty,Sunscreen SPF50,1,44.49 ,Cancelled,Gift Card,44.49
ORD103369,2023-03-14,CUST1305,Linda Nugroho,East,Toys,Building Blocks,1,44.55 ,Completed,Debit Card,44.55
ORD100369,2024-07-10,CUST1198,Putri Anderson,East,Toys,Puzzle 1000pc,2,44.56 ,Completed,Debit Card,89.12
ORD102058,2023-03-13,CUST1528,Maria Chen,East,Toys,Puzzle 1000pc,2,44.57 ,Completed,Gift Card,89.14
ORD101946,2024-07-24,CUST1174,Siti Lee,East,Electronics,Laptop Stand,1,44.62 ,Completed,Credit Card,44.62
ORD103640,2024-03-27,CUST1765,Ayu Brown,East,Toys,RC Car,1,44.66 ,Completed,Debit Card,44.66
ORD100205,2023-08-24,CUST1741,Siti Wilson,East,Beauty,Face Mask Set,2,44.71 ,Completed,PayPal,89.42
ORD101494,2023-09-23,CUST1058,John Johnson,East,Beauty,Face Mask Set,4,44.74 ,Completed,Credit Card,178.96
ORD102636,2023-11-13,CUST1609,Rina Chen,East,Beauty,Lip Balm,3,44.77 ,Completed,PayPal,134.31
ORD103226,2024-09-07,CUST1206,Siti Wilson,East,Beauty,Shampoo,2,44.80 ,Completed,PayPal,89.60
ORD101693,2024-01-14,CUST1426,Ahmad Johnson,East,Home & Kitchen,Coffee Maker,1,44.85 ,Completed,Gift Card,44.85
ORD103568,2024-03-20,CUST1544,Ayu Garcia,South,Clothing,Cotton T-Shirt,1,44.85 ,Completed,PayPal,44.85
ORD102723,2024-07-02,CUST1543,Ayu Wilson,East,Beauty,Shampoo,5,44.87 ,Completed,PayPal,224.35
ORD100243,2024-02-10,CUST1015,Michael Tan,East,Clothing,Baseball Cap,1,44.88 ,Completed,Credit Card,44.88
ORD100105,2023-07-20,CUST1637,Linda Tan,East,Clothing,Running Shorts,1,44.89 ,Completed,Unknown,44.89
ORD100777,2023-11-01,CUST1365,David Chen,Midwest,Sports & Outdoors,Yoga Mat,1,44.89 ,Completed,Credit Card,44.89
ORD103270,2024-04-05,CUST1552,Andi Sari,Midwest,Beauty,Face Mask Set,1,44.90 ,Completed,PayPal,44.90
ORD100210,2023-07-28,CUST1578,Putri Salim,Midwest,Home & Kitchen,Storage Containers,3,44.91 ,Completed,Gift Card,134.73
ORD103240,2024-09-25,CUST1295,Robert Taylor,East,Beauty,Face Mask Set,1,44.94 ,Completed,Credit Card,44.94
ORD101779,2024-04-25,CUST1568,Budi Chen,East,Toys,Puzzle 1000pc,1,44.95 ,Completed,Credit Card,44.95
ORD103699,2024-08-31,CUST1563,James Yusuf,Midwest,Home & Kitchen,Throw Pillow,1,44.99 ,Completed,Gift Card,44.99
ORD103049,2024-02-25,CUST1238,John Pratama,East,Toys,Building Blocks,2,44.99 ,Completed,PayPal,89.98
ORD100523,2024-12-10,CUST1446,Rina Nugroho,East,Home & Kitchen,Throw Pillow,1,45.02 ,Completed,Credit Card,45.02
ORD103193,2023-09-07,CUST1687,Siti Sari,East,Clothing,Hoodie,2,45.02 ,Completed,PayPal,90.04
ORD103954,2024-03-15,CUST1753,Unknown Customer,East,Sports & Outdoors,Hiking Backpack,3,45.06 ,Completed,PayPal,135.18
ORD101357,2023-10-31,CUST1848,Sarah Nugroho,East,Clothing,Baseball Cap,4,45.07 ,Completed,Credit Card,180.28
ORD102594,2023-04-13,CUST1426,Ahmad Johnson,East,Sports & Outdoors,Yoga Mat,2,45.10 ,Returned,Debit Card,90.20
ORD102599,2023-01-02,CUST1394,Nina Santos,Midwest,Clothing,Cotton T-Shirt,2,45.14 ,Completed,PayPal,90.28
ORD103072,2023-12-31,CUST1006,James Smith,East,Electronics,Bluetooth Speaker,5,45.14 ,Cancelled,Debit Card,225.70
ORD102570,2024-03-30,CUST1451,Ahmad Garcia,East,Sports & Outdoors,Yoga Mat,1,45.16 ,Completed,PayPal,45.16
ORD101461,2024-06-05,CUST1684,Fajar Salim,East,Clothing,Running Shorts,1,45.18 ,Completed,Gift Card,45.18
ORD102675,2024-10-16,CUST1764,Unknown Customer,East,Clothing,Running Shorts,2,45.20 ,Completed,Debit Card,90.39
ORD103599,2024-01-24,CUST1835,Nina Wilson,Midwest,Electronics,Smartphone Case,1,45.21 ,Cancelled,Debit Card,45.21
ORD103777,2023-03-13,CUST1849,Putri Santos,Midwest,Sports & Outdoors,Resistance Bands,1,45.28 ,Completed,PayPal,45.28
ORD101800,2023-08-30,CUST1890,Ahmad Sari,East,Clothing,Wool Socks,1,45.29 ,Completed,Debit Card,45.29
ORD103703,2024-12-05,CUST1340,Ayu Lee,East,Sports & Outdoors,Jump Rope,1,45.35 ,Completed,Gift Card,45.35
ORD101478,2024-02-09,CUST1888,Putri Tan,East,Home & Kitchen,Non-Stick Pan,1,45.43 ,Pending,PayPal,45.43
ORD100929,2024-02-15,CUST1422,Budi Pratama,East,Home & Kitchen,Throw Pillow,1,45.44 ,Completed,Gift Card,45.44
ORD103489,2024-08-17,CUST1860,Rina Nugroho,East,Home & Kitchen,Blender,1,45.45 ,Cancelled,Gift Card,45.45
ORD100319,2024-05-02,CUST1171,James Anderson,East,Sports & Outdoors,Camping Tent,1,45.45 ,Completed,PayPal,45.45
ORD102053,2024-10-08,CUST1563,James Yusuf,Midwest,Toys,Puzzle 1000pc,4,45.45 ,Completed,Gift Card,181.80
ORD101180,2023-11-08,CUST1834,Andi Nugroho,East,Toys,Building Blocks,2,45.48 ,Completed,PayPal,90.96
ORD102171,2023-07-04,CUST1466,Unknown Customer,East,Electronics,Wireless Mouse,1,45.50 ,Completed,Gift Card,45.50
ORD103909,2023-02-18,CUST1679,Unknown Customer,East,Clothing,Running Shorts,1,45.50 ,Completed,Credit Card,45.50
ORD102662,2023-01-30,CUST1071,Kevin Lee,Midwest,Home & Kitchen,LED Desk Lamp,1,45.52 ,Completed,PayPal,45.52
ORD101854,2024-07-10,CUST1702,Ahmad Salim,East,Clothing,Winter Jacket,1,45.54 ,Completed,PayPal,45.54
ORD100671,2023-05-24,CUST1472,Andi Halim,Midwest,Electronics,Wireless Earbuds,2,45.68 ,Completed,Debit Card,91.36
ORD100465,2024-09-05,CUST1678,Lisa Brown,Midwest,Home & Kitchen,Blender,2,45.68 ,Completed,Unknown,91.36
ORD102658,2024-07-20,CUST1619,Unknown Customer,Midwest,Clothing,Cotton T-Shirt,1,45.78 ,Completed,PayPal,45.78
ORD103959,2023-08-17,CUST1195,Putri Wijaya,Midwest,Clothing,Denim Jeans,3,45.79 ,Completed,PayPal,137.37
ORD100812,2023-02-26,CUST1576,Unknown Customer,East,Sports & Outdoors,Camping Tent,1,45.80 ,Pending,Debit Card,45.80
ORD102763,2024-03-15,CUST1300,Sarah Taylor,East,Toys,Building Blocks,1,45.81 ,Completed,Debit Card,45.81
ORD100506,2024-07-15,CUST1475,Ayu Taylor,South,Sports & Outdoors,Camping Tent,3,45.83 ,Completed,Gift Card,137.49
ORD103756,2024-01-07,CUST1736,James Nugroho,East,Clothing,Running Shorts,1,45.85 ,Completed,Credit Card,45.85
ORD101966,2024-11-20,CUST1720,Rina Salim,East,Toys,Building Blocks,1,45.87 ,Completed,Debit Card,45.87
ORD103133,2023-07-22,CUST1447,Ahmad Chen,East,Clothing,Winter Jacket,4,45.89 ,Cancelled,Debit Card,183.56
ORD102865,2024-10-14,CUST1742,James Brown,West,Toys,Board Game,2,45.90 ,Completed,Credit Card,91.80
ORD103523,2024-10-08,CUST1180,Rina Tan,East,Sports & Outdoors,Hiking Backpack,2,45.90 ,Completed,Gift Card,91.80
ORD102133,2024-11-30,CUST1745,Ahmad Halim,East,Clothing,Denim Jeans,1,45.97 ,Completed,Debit Card,45.97
ORD101526,2023-10-22,CUST1811,Putri Santos,Midwest,Clothing,Denim Jeans,1,45.97 ,Completed,PayPal,45.97
ORD103970,2023-04-26,CUST1329,Andi Tan,East,Clothing,Denim Jeans,1,45.97 ,Returned,PayPal,45.97
ORD100898,2023-05-02,CUST1575,Unknown Customer,East,Clothing,Denim Jeans,1,45.97 ,Completed,Gift Card,45.97
ORD100696,2024-06-23,CUST1375,Robert Garcia,East,Toys,Action Figure,1,45.99 ,Cancelled,Debit Card,45.99
ORD102641,2023-09-10,CUST1487,Andi Lee,East,Clothing,Baseball Cap,1,46.00 ,Completed,Gift Card,46.00
ORD102647,2024-08-19,CUST1023,Siti Wilson,East,Toys,Puzzle 1000pc,3,46.00 ,Completed,Unknown,138.00
ORD102117,2023-05-01,CUST1020,Putri Chen,East,Home & Kitchen,Blender,1,46.01 ,Cancelled,Gift Card,46.01
ORD102468,2023-05-09,CUST1467,Andi Smith,Midwest,Sports & Outdoors,Hiking Backpack,1,46.05 ,Completed,PayPal,46.05
ORD102549,2023-12-26,CUST1712,David Nugroho,East,Electronics,Power Bank,2,46.16 ,Completed,Gift Card,92.32
ORD100359,2024-04-30,CUST1327,Rina Lee,East,Clothing,Cotton T-Shirt,1,46.17 ,Cancelled,PayPal,46.17
ORD102488,2023-01-09,CUST1528,Maria Chen,East,Home & Kitchen,Throw Pillow,1,46.18 ,Completed,Credit Card,46.18
ORD103815,2024-07-04,CUST1265,Sarah Johnson,Midwest,Clothing,Hoodie,1,46.19 ,Completed,Debit Card,46.19
ORD100890,2023-05-28,CUST1490,Unknown Customer,East,Clothing,Running Shorts,1,46.20 ,Completed,PayPal,46.20
ORD100740,2024-06-10,CUST1667,Robert Halim,Midwest,Clothing,Hoodie,2,46.21 ,Completed,Credit Card,92.42
ORD100983,2023-08-23,CUST1866,Dewi Lee,Midwest,Electronics,Webcam,1,46.23 ,Completed,PayPal,46.23
ORD100960,2023-06-15,CUST1519,Andi Santos,East,Clothing,Denim Jeans,3,46.23 ,Completed,PayPal,138.69
ORD103076,2024-10-16,CUST1095,Sarah Smith,East,Clothing,Wool Socks,1,46.25 ,Completed,Credit Card,46.25
ORD102509,2024-11-18,CUST1138,Fajar Anderson,East,Sports & Outdoors,Resistance Bands,3,46.25 ,Completed,Debit Card,138.75
ORD100901,2023-10-27,CUST1403,Michael Johnson,South,Clothing,Cotton T-Shirt,1,46.29 ,Completed,Credit Card,46.29
ORD102704,2023-03-14,CUST1478,Lisa Kurniawan,East,Toys,Building Blocks,2,46.30 ,Returned,Credit Card,92.60
ORD101527,2023-01-01,CUST1454,Fajar Wijaya,East,Electronics,Smartphone Case,1,46.40 ,Completed,Debit Card,46.40
ORD103196,2024-08-17,CUST1411,Ahmad Garcia,Midwest,Home & Kitchen,Cutting Board,2,46.49 ,Completed,Gift Card,92.98
ORD100393,2023-08-07,CUST1560,Fajar Hidayat,East,Clothing,Cotton T-Shirt,2,46.50 ,Completed,Gift Card,93.00
ORD103628,2023-08-19,CUST1032,Andi Sari,East,Toys,Building Blocks,1,46.63 ,Completed,PayPal,46.63
ORD102410,2023-03-14,CUST1592,Putri Lee,West,Electronics,Laptop Stand,1,46.64 ,Pending,Credit Card,46.64
ORD103447,2023-04-02,CUST1301,Sarah Tan,East,Clothing,Winter Jacket,1,46.64 ,Completed,PayPal,46.64
ORD101762,2024-02-09,CUST1499,David Santos,East,Sports & Outdoors,Jump Rope,1,46.65 ,Completed,Unknown,46.65
ORD100885,2023-02-14,CUST1515,John Salim,East,Toys,Puzzle 1000pc,2,46.65 ,Completed,PayPal,93.30
ORD101817,2024-04-13,CUST1474,Kevin Sari,East,Clothing,Wool Socks,2,46.66 ,Completed,PayPal,93.32
ORD102518,2024-11-10,CUST1041,Michael Wijaya,East,Home & Kitchen,LED Desk Lamp,1,46.74 ,Completed,Credit Card,46.74
ORD102551,2024-01-17,CUST1410,Unknown Customer,Midwest,Sports & Outdoors,Jump Rope,2,46.81 ,Completed,Gift Card,93.62
ORD101203,2024-01-26,CUST1248,Andi Pratama,East,Toys,RC Car,2,46.82 ,Completed,PayPal,93.64
ORD103518,2024-11-26,CUST1399,Rina Lee,East,Electronics,Wireless Mouse,2,46.90 ,Completed,PayPal,93.80
ORD102348,2023-08-24,CUST1033,Linda Sari,East,Toys,Board Game,1,46.91 ,Completed,PayPal,46.91
ORD103840,2024-06-10,CUST1720,Rina Salim,East,Clothing,Wool Socks,2,46.91 ,Completed,PayPal,93.82
ORD103713,2023-04-06,CUST1503,Andi Anderson,East,Sports & Outdoors,Jump Rope,2,46.93 ,Cancelled,PayPal,93.86
ORD101466,2023-07-20,CUST1090,Lisa Pratama,East,Toys,Building Blocks,1,47.00 ,Completed,Credit Card,47.00
ORD103497,2024-01-27,CUST1601,Nina Taylor,East,Clothing,Cotton T-Shirt,2,47.01 ,Completed,PayPal,94.02
ORD100172,2024-11-05,CUST1424,Linda Garcia,East,Electronics,Bluetooth Speaker,1,47.07 ,Completed,PayPal,47.07
ORD101423,2023-07-04,CUST1779,Andi Yusuf,East,Sports & Outdoors,Camping Tent,2,47.14 ,Completed,Credit Card,94.28
ORD103297,2023-02-03,CUST1826,Maria Halim,East,Home & Kitchen,Coffee Maker,1,47.19 ,Completed,Debit Card,47.19
ORD101631,2023-12-05,CUST1750,Nina Brown,South,Sports & Outdoors,Jump Rope,1,47.19 ,Completed,Gift Card,47.19
ORD101213,2023-03-16,CUST1031,Robert Tan,East,Clothing,Baseball Cap,1,47.24 ,Cancelled,Debit Card,47.24
ORD103376,2023-11-08,CUST1029,Nina Smith,Midwest,Toys,RC Car,3,47.24 ,Completed,Gift Card,141.72
ORD100417,2024-06-22,CUST1520,John Halim,East,Toys,RC Car,1,47.25 ,Completed,PayPal,47.25
ORD102157,2024-09-03,CUST1230,Budi Sari,Midwest,Sports & Outdoors,Hiking Backpack,2,47.25 ,Completed,PayPal,94.50
ORD102760,2024-11-19,CUST1336,Robert Wilson,South,Home & Kitchen,LED Desk Lamp,1,47.26 ,Cancelled,Unknown,47.26
ORD101653,2024-09-02,CUST1847,Dewi Smith,East,Sports & Outdoors,Yoga Mat,1,47.27 ,Completed,Credit Card,47.27
ORD103949,2024-01-23,CUST1755,Budi Sari,East,Toys,RC Car,4,47.30 ,Completed,Debit Card,189.20
ORD100939,2024-10-31,CUST1759,Budi Johnson,Midwest,Home & Kitchen,Coffee Maker,1,47.31 ,Completed,Credit Card,47.31
ORD102269,2024-01-06,CUST1576,Linda Pratama,East,Home & Kitchen,Blender,1,47.31 ,Completed,Debit Card,47.31
ORD101840,2023-04-13,CUST1249,Kevin Taylor,East,Clothing,Hoodie,1,47.35 ,Completed,PayPal,47.35
ORD102996,2024-06-20,CUST1213,Michael Tan,East,Electronics,Wireless Mouse,2,47.35 ,Completed,PayPal,94.70
ORD100891,2024-12-28,CUST1307,Lisa Santos,South,Clothing,Cotton T-Shirt,3,47.38 ,Cancelled,PayPal,142.14
ORD100199,2024-10-26,CUST1397,Maria Anderson,East,Sports & Outdoors,Camping Tent,5,47.39 ,Completed,Debit Card,236.95
ORD103117,2024-04-08,CUST1016,John Pratama,Midwest,Electronics,USB-C Cable,1,47.41 ,Cancelled,Credit Card,47.41
ORD103850,2024-10-19,CUST1607,Fajar Kurniawan,East,Toys,Action Figure,1,47.45 ,Pending,Debit Card,47.45
ORD102178,2024-07-03,CUST1691,Dewi Anderson,East,Clothing,Baseball Cap,1,47.45 ,Completed,PayPal,47.45
ORD102401,2024-05-16,CUST1433,Sarah Tan,East,Sports & Outdoors,Jump Rope,1,47.46 ,Completed,Credit Card,47.46
ORD100050,2024-01-15,CUST1100,Ahmad Wijaya,Midwest,Toys,Board Game,1,47.48 ,Completed,Credit Card,47.48
ORD103132,2023-09-15,CUST1734,Ahmad Wilson,East,Clothing,Denim Jeans,1,47.50 ,Completed,Credit Card,47.50
ORD102044,2023-06-30,CUST1549,James Nugroho,East,Toys,Puzzle 1000pc,1,47.53 ,Completed,Credit Card,47.53
ORD101104,2023-12-20,CUST1321,Putri Garcia,Midwest,Home & Kitchen,LED Desk Lamp,3,47.53 ,Returned,Unknown,142.59
ORD100807,2024-10-08,CUST1772,Ahmad Hidayat,East,Sports & Outdoors,Hiking Backpack,1,47.59 ,Completed,Gift Card,47.59
ORD103669,2024-09-16,CUST1160,James Nugroho,East,Toys,Action Figure,1,47.60 ,Completed,Credit Card,47.60
ORD101507,2024-08-04,CUST1500,Nina Hidayat,Midwest,Home & Kitchen,Storage Containers,2,47.62 ,Completed,Gift Card,95.24
ORD102273,2024-11-11,CUST1316,Michael Wilson,South,Home & Kitchen,Throw Pillow,1,47.63 ,Completed,Debit Card,47.63
ORD100748,2023-06-18,CUST1237,Nina Anderson,East,Clothing,Cotton T-Shirt,1,47.63 ,Completed,Credit Card,47.63
ORD102632,2024-10-22,CUST1330,Putri Johnson,Midwest,Clothing,Wool Socks,4,47.65 ,Completed,Credit Card,190.60
ORD100349,2024-12-15,CUST1543,Ayu Wilson,East,Electronics,Power Bank,3,47.67 ,Returned,PayPal,143.01
ORD101783,2024-09-13,CUST1788,Linda Wijaya,Midwest,Sports & Outdoors,Camping Tent,1,47.71 ,Completed,Gift Card,47.71
ORD102499,2024-11-30,CUST1746,Siti Garcia,East,Toys,Puzzle 1000pc,1,47.73 ,Completed,Credit Card,47.73
ORD100380,2023-03-08,CUST1146,Ayu Smith,East,Sports & Outdoors,Camping Tent,2,47.75 ,Completed,PayPal,95.50
ORD101515,2024-04-03,CUST1609,Rina Chen,East,Toys,RC Car,1,47.76 ,Completed,Credit Card,47.76
ORD103365,2024-04-14,CUST1653,Michael Chen,Midwest,Toys,Board Game,1,47.79 ,Cancelled,Credit Card,47.79
ORD100406,2023-11-24,CUST1161,Ayu Yusuf,East,Clothing,Winter Jacket,1,47.86 ,Completed,PayPal,47.86
ORD103919,2023-03-31,CUST1562,Robert Tan,East,Home & Kitchen,Cutting Board,1,47.88 ,Completed,PayPal,47.88
ORD102361,2023-07-09,CUST1298,Dewi Anderson,East,Home & Kitchen,Storage Containers,1,47.88 ,Completed,Credit Card,47.88
ORD101278,2024-09-26,CUST1269,Andi Kurniawan,East,Clothing,Baseball Cap,2,47.93 ,Completed,PayPal,95.86
ORD101839,2023-02-15,CUST1740,Dewi Hidayat,East,Clothing,Denim Jeans,3,48.06 ,Completed,Unknown,144.18
ORD102145,2023-03-29,CUST1870,Dewi Chen,East,Home & Kitchen,Non-Stick Pan,5,48.07 ,Completed,Gift Card,240.35
ORD103248,2024-05-23,CUST1838,Budi Chen,Midwest,Sports & Outdoors,Water Bottle,1,48.11 ,Completed,Credit Card,48.11
ORD101318,2023-11-01,CUST1681,Maria Hidayat,East,Toys,Board Game,1,48.13 ,Completed,Gift Card,48.13
ORD103870,2023-05-25,CUST1651,Rina Nugroho,East,Home & Kitchen,Throw Pillow,1,48.15 ,Completed,Credit Card,48.15
ORD102293,2023-03-02,CUST1235,Nina Halim,East,Toys,Action Figure,2,48.15 ,Completed,Debit Card,96.30
ORD103430,2024-10-29,CUST1897,Linda Kurniawan,South,Home & Kitchen,Throw Pillow,1,48.17 ,Pending,Debit Card,48.17
ORD100905,2024-05-15,CUST1350,Linda Salim,East,Clothing,Hoodie,1,48.20 ,Completed,Credit Card,48.20
ORD103234,2024-09-18,CUST1642,Unknown Customer,South,Clothing,Hoodie,1,48.20 ,Returned,Gift Card,48.20
ORD100634,2023-04-06,CUST1109,Rina Halim,Midwest,Clothing,Hoodie,2,48.20 ,Completed,Debit Card,96.40
ORD102984,2023-09-17,CUST1615,Putri Anderson,South,Clothing,Hoodie,2,48.20 ,Completed,PayPal,96.40
ORD103607,2023-04-25,CUST1531,Ahmad Halim,Midwest,Home & Kitchen,LED Desk Lamp,1,48.21 ,Completed,Credit Card,48.21
ORD103855,2023-07-21,CUST1463,Linda Brown,East,Home & Kitchen,Coffee Maker,4,48.22 ,Completed,Credit Card,192.88
ORD101796,2024-11-21,CUST1524,Robert Smith,West,Toys,Building Blocks,4,48.25 ,Completed,Credit Card,193.00
ORD100373,2023-01-20,CUST1080,Nina Garcia,East,Sports & Outdoors,Jump Rope,2,48.26 ,Completed,Gift Card,96.52
ORD103861,2024-06-11,CUST1707,Michael Yusuf,East,Clothing,Running Shorts,1,48.27 ,Cancelled,PayPal,48.27
ORD103961,2024-10-21,CUST1612,Budi Nugroho,East,Electronics,Bluetooth Speaker,1,48.30 ,Completed,Gift Card,48.30
ORD102700,2023-07-18,CUST1675,Putri Kurniawan,East,Toys,RC Car,2,48.39 ,Completed,Gift Card,96.78
ORD102815,2023-01-17,CUST1555,Andi Hidayat,Midwest,Toys,Action Figure,5,48.39 ,Completed,Debit Card,241.95
ORD100415,2023-07-13,CUST1503,Andi Anderson,East,Toys,Puzzle 1000pc,2,48.41 ,Completed,PayPal,96.82
ORD102508,2024-08-24,CUST1292,Budi Halim,East,Toys,RC Car,1,48.42 ,Completed,Debit Card,48.42
ORD102671,2023-04-19,CUST1717,Siti Sari,East,Toys,Board Game,1,48.45 ,Completed,PayPal,48.45
ORD101981,2023-04-26,CUST1411,Ahmad Garcia,Midwest,Toys,Building Blocks,1,48.45 ,Completed,Credit Card,48.45
ORD103737,2024-05-06,CUST1892,Fajar Brown,Midwest,Toys,Board Game,2,48.46 ,Completed,Gift Card,96.92
ORD101061,2023-03-27,CUST1783,Ayu Taylor,East,Electronics,Wireless Earbuds,1,48.47 ,Completed,Credit Card,48.47
ORD103538,2024-11-19,CUST1222,Dewi Sari,East,Home & Kitchen,LED Desk Lamp,1,48.47 ,Completed,PayPal,48.47
ORD103812,2023-01-27,CUST1148,Siti Yusuf,East,Sports & Outdoors,Yoga Mat,1,48.49 ,Completed,Gift Card,48.49
ORD100228,2023-10-19,CUST1359,Ayu Wilson,South,Toys,Action Figure,1,48.51 ,Completed,Gift Card,48.51
ORD102818,2023-08-09,CUST1660,Andi Salim,East,Sports & Outdoors,Hiking Backpack,1,48.53 ,Completed,Credit Card,48.53
ORD100917,2024-03-21,CUST1194,Maria Hidayat,East,Sports & Outdoors,Hiking Backpack,1,48.53 ,Returned,PayPal,48.53
ORD102867,2023-02-04,CUST1145,Linda Smith,East,Sports & Outdoors,Hiking Backpack,2,48.53 ,Completed,Credit Card,97.06
ORD101380,2023-08-15,CUST1547,Andi Tan,Midwest,Toys,RC Car,1,48.54 ,Completed,PayPal,48.54
ORD102841,2023-08-14,CUST1682,Ayu Hidayat,South,Home & Kitchen,Blender,1,48.58 ,Completed,Debit Card,48.58
ORD103903,2024-09-29,CUST1723,Ayu Wijaya,East,Home & Kitchen,LED Desk Lamp,1,48.59 ,Completed,Debit Card,48.59
ORD102994,2024-06-03,CUST1262,Robert Garcia,East,Clothing,Hoodie,1,48.67 ,Pending,Credit Card,48.67
ORD100788,2024-02-18,CUST1648,Unknown Customer,East,Toys,RC Car,1,48.67 ,Completed,Gift Card,48.67
ORD100883,2023-05-03,CUST1291,Dewi Wijaya,East,Toys,Action Figure,2,48.70 ,Completed,PayPal,97.40
ORD101611,2024-07-31,CUST1271,Lisa Chen,East,Clothing,Baseball Cap,2,48.71 ,Completed,Credit Card,97.42
ORD100434,2024-12-29,CUST1873,Ayu Anderson,East,Toys,Board Game,1,48.73 ,Completed,Gift Card,48.73
ORD101829,2024-05-29,CUST1234,Nina Salim,East,Toys,Action Figure,1,48.74 ,Completed,Credit Card,48.74
ORD101972,2024-06-09,CUST1552,Andi Sari,Midwest,Electronics,USB-C Cable,1,48.82 ,Completed,Credit Card,48.82
ORD100522,2024-05-16,CUST1414,Ayu Chen,East,Sports & Outdoors,Camping Tent,1,48.86 ,Completed,Credit Card,48.86
ORD100512,2024-02-25,CUST1638,Maria Kurniawan,East,Home & Kitchen,Coffee Maker,2,48.86 ,Completed,Gift Card,97.72
ORD103272,2023-11-20,CUST1222,Dewi Sari,East,Toys,Building Blocks,1,48.88 ,Cancelled,PayPal,48.88
ORD102927,2024-05-19,CUST1196,Putri Pratama,East,Home & Kitchen,Coffee Maker,1,48.93 ,Completed,Credit Card,48.93
ORD103517,2024-09-13,CUST1611,Maria Sari,East,Home & Kitchen,Non-Stick Pan,1,48.95 ,Completed,Unknown,48.95
ORD102839,2023-01-21,CUST1585,Robert Anderson,East,Clothing,Running Shorts,2,49.01 ,Completed,PayPal,98.02
ORD103710,2024-02-26,CUST1862,Ahmad Santos,East,Home & Kitchen,LED Desk Lamp,1,49.07 ,Completed,Credit Card,49.07
ORD101176,2024-03-23,CUST1254,Nina Garcia,East,Clothing,Baseball Cap,2,49.19 ,Completed,Debit Card,98.38
ORD102225,2024-12-29,CUST1378,Lisa Salim,East,Sports & Outdoors,Water Bottle,1,49.24 ,Completed,Gift Card,49.24
ORD101255,2023-08-25,CUST1050,Sarah Anderson,East,Home & Kitchen,LED Desk Lamp,3,49.24 ,Completed,Credit Card,147.72
ORD101446,2024-08-16,CUST1258,Ayu Smith,East,Electronics,Webcam,1,49.25 ,Returned,Credit Card,49.25
ORD101360,2024-02-09,CUST1891,Sarah Lee,East,Sports & Outdoors,Jump Rope,1,49.37 ,Completed,PayPal,49.37
ORD102056,2023-11-12,CUST1367,James Salim,Midwest,Electronics,Webcam,1,49.40 ,Completed,Debit Card,49.40
ORD102858,2024-09-16,CUST1890,Ahmad Sari,East,Sports & Outdoors,Yoga Mat,2,49.44 ,Completed,Credit Card,98.88
ORD100672,2024-11-17,CUST1054,Putri Garcia,East,Toys,Board Game,2,49.49 ,Completed,Gift Card,98.98
ORD103274,2024-06-25,CUST1297,Nina Wilson,East,Toys,Building Blocks,2,49.50 ,Completed,Credit Card,99.00
ORD100108,2023-11-19,CUST1678,Lisa Brown,Midwest,Clothing,Denim Jeans,1,49.54 ,Returned,Gift Card,49.54
ORD101458,2023-02-17,CUST1834,Andi Nugroho,East,Toys,RC Car,4,49.55 ,Pending,Debit Card,198.20
ORD103452,2023-04-15,CUST1366,David Anderson,East,Sports & Outdoors,Resistance Bands,1,49.63 ,Completed,Credit Card,49.63
ORD103150,2023-10-13,CUST1569,David Kurniawan,East,Toys,Building Blocks,1,49.67 ,Completed,Credit Card,49.67
ORD102954,2023-08-19,CUST1210,Nina Garcia,East,Sports & Outdoors,Hiking Backpack,1,49.73 ,Returned,Credit Card,49.73
ORD103692,2023-03-13,CUST1316,Michael Wilson,South,Home & Kitchen,Non-Stick Pan,4,49.73 ,Completed,Credit Card,198.92
ORD103739,2023-08-30,CUST1785,Maria Nugroho,East,Home & Kitchen,Coffee Maker,2,49.81 ,Completed,PayPal,99.62
ORD103109,2024-09-18,CUST1743,Linda Chen,East,Clothing,Denim Jeans,1,49.87 ,Completed,Gift Card,49.87
ORD100733,2023-10-17,CUST1513,Robert Kurniawan,East,Sports & Outdoors,Camping Tent,1,49.90 ,Completed,PayPal,49.90
ORD100640,2024-09-10,CUST1392,Nina Garcia,East,Sports & Outdoors,Water Bottle,2,49.92 ,Completed,Gift Card,99.84
ORD102135,2024-01-12,CUST1599,Siti Kurniawan,Midwest,Clothing,Wool Socks,2,49.92 ,Completed,Gift Card,99.84
ORD102210,2023-04-07,CUST1222,Dewi Sari,East,Clothing,Hoodie,2,49.92 ,Completed,PayPal,99.84
ORD103633,2023-04-30,CUST1147,Sarah Wilson,East,Sports & Outdoors,Camping Tent,1,50.01 ,Completed,PayPal,50.01
ORD101589,2023-07-28,CUST1092,Putri Nugroho,East,Sports & Outdoors,Resistance Bands,1,50.04 ,Completed,Debit Card,50.04
ORD103499,2023-06-07,CUST1221,Siti Chen,East,Sports & Outdoors,Resistance Bands,1,50.05 ,Completed,PayPal,50.05
ORD100142,2024-08-08,CUST1291,Dewi Wijaya,East,Electronics,Webcam,1,50.07 ,Completed,PayPal,50.07
ORD103236,2023-01-11,CUST1575,Michael Halim,East,Sports & Outdoors,Water Bottle,2,50.08 ,Returned,Unknown,100.16
ORD102132,2023-10-17,CUST1160,James Nugroho,East,Clothing,Denim Jeans,1,50.09 ,Completed,PayPal,50.09
ORD102798,2024-05-09,CUST1052,Fajar Halim,East,Sports & Outdoors,Resistance Bands,1,50.14 ,Completed,PayPal,50.14
ORD102461,2023-10-27,CUST1076,Kevin Santos,East,Electronics,Wireless Mouse,2,50.17 ,Cancelled,Credit Card,100.34
ORD103516,2024-06-04,CUST1072,Nina Salim,East,Toys,Building Blocks,1,50.19 ,Completed,PayPal,50.19
ORD103225,2023-08-30,CUST1111,Siti Halim,East,Toys,Building Blocks,1,50.19 ,Completed,Gift Card,50.19
ORD102520,2023-07-10,CUST1138,Fajar Anderson,East,Sports & Outdoors,Camping Tent,1,50.21 ,Completed,PayPal,50.21
ORD103258,2024-10-12,CUST1833,Putri Yusuf,East,Home & Kitchen,LED Desk Lamp,1,50.22 ,Completed,Unknown,50.22
ORD101337,2023-01-17,CUST1638,Maria Kurniawan,East,Toys,Puzzle 1000pc,2,50.28 ,Completed,Gift Card,100.56
ORD101048,2024-04-23,CUST1140,Maria Wijaya,East,Clothing,Running Shorts,1,50.29 ,Completed,Credit Card,50.29
ORD103435,2023-11-15,CUST1425,Linda Anderson,East,Toys,Building Blocks,1,50.34 ,Completed,Gift Card,50.34
ORD100275,2023-07-17,CUST1396,David Wijaya,East,Sports & Outdoors,Camping Tent,2,50.35 ,Completed,Gift Card,100.70
ORD101230,2024-07-25,CUST1470,Robert Salim,South,Toys,Building Blocks,1,50.36 ,Completed,Credit Card,50.36
ORD102582,2024-02-25,CUST1842,Siti Salim,Midwest,Toys,Building Blocks,1,50.37 ,Completed,Debit Card,50.37
ORD102092,2024-12-31,CUST1856,Siti Brown,East,Clothing,Denim Jeans,2,50.47 ,Completed,PayPal,100.94
ORD100344,2023-10-30,CUST1428,Andi Chen,East,Clothing,Baseball Cap,2,50.48 ,Completed,PayPal,100.96
ORD100099,2024-11-13,CUST1118,Budi Anderson,East,Sports & Outdoors,Hiking Backpack,1,50.50 ,Completed,PayPal,50.50
ORD103922,2024-06-20,CUST1738,Fajar Halim,East,Electronics,Wireless Earbuds,1,50.53 ,Completed,PayPal,50.53
ORD103758,2023-08-09,CUST1582,Michael Lee,East,Clothing,Denim Jeans,2,50.53 ,Completed,Unknown,101.06
ORD101574,2023-01-18,CUST1577,John Anderson,East,Electronics,USB-C Cable,1,50.58 ,Completed,Gift Card,50.58
ORD102265,2023-05-11,CUST1353,Andi Halim,East,Toys,RC Car,1,50.60 ,Completed,Gift Card,50.60
ORD100269,2024-10-02,CUST1018,Ahmad Wilson,Midwest,Home & Kitchen,LED Desk Lamp,1,50.64 ,Completed,Debit Card,50.64
ORD102829,2023-04-03,CUST1509,Fajar Wilson,South,Toys,RC Car,1,50.64 ,Completed,PayPal,50.64
ORD103292,2023-04-28,CUST1410,Fajar Hidayat,Midwest,Toys,Action Figure,1,50.65 ,Completed,PayPal,50.65
ORD102534,2023-09-20,CUST1109,Rina Halim,Midwest,Sports & Outdoors,Jump Rope,1,50.71 ,Pending,Gift Card,50.71
ORD103573,2024-09-22,CUST1373,James Smith,East,Toys,Board Game,1,50.72 ,Completed,Debit Card,50.72
ORD103067,2024-04-28,CUST1056,Rina Smith,East,Sports & Outdoors,Water Bottle,1,50.78 ,Completed,Credit Card,50.78
ORD100527,2023-03-13,CUST1172,Nina Lee,East,Toys,Board Game,1,50.82 ,Completed,Gift Card,50.82
ORD100654,2023-10-01,CUST1112,Putri Halim,Midwest,Clothing,Cotton T-Shirt,1,50.83 ,Completed,Gift Card,50.83
ORD102596,2024-06-16,CUST1815,Budi Garcia,Midwest,Toys,Action Figure,1,50.90 ,Returned,Debit Card,50.90
ORD101690,2023-02-25,CUST1440,Nina Chen,Midwest,Sports & Outdoors,Water Bottle,2,50.96 ,Completed,Debit Card,101.92
ORD103623,2024-01-17,CUST1568,Budi Chen,East,Sports & Outdoors,Camping Tent,1,51.02 ,Completed,Credit Card,51.02
ORD100809,2023-07-18,CUST1096,Michael Santos,Midwest,Toys,Board Game,2,51.02 ,Completed,PayPal,102.04
ORD103061,2023-04-20,CUST1794,Robert Halim,East,Home & Kitchen,LED Desk Lamp,3,51.05 ,Completed,Gift Card,153.15
ORD103661,2024-09-20,CUST1863,David Pratama,East,Electronics,Wireless Earbuds,1,51.06 ,Completed,Credit Card,51.06
ORD101797,2023-08-14,CUST1262,Robert Garcia,East,Toys,Board Game,4,51.08 ,Completed,Credit Card,204.32
ORD101969,2024-08-22,CUST1162,Siti Smith,East,Toys,Board Game,1,51.12 ,Completed,PayPal,51.12
ORD103683,2023-10-16,CUST1820,Maria Brown,East,Home & Kitchen,LED Desk Lamp,1,51.16 ,Returned,PayPal,51.16
ORD101217,2024-12-22,CUST1067,Nina Halim,East,Sports & Outdoors,Hiking Backpack,1,51.21 ,Completed,Credit Card,51.21
ORD100118,2023-06-30,CUST1866,Dewi Lee,Midwest,Toys,Board Game,1,51.32 ,Completed,Debit Card,51.32
ORD102768,2024-04-21,CUST1573,Putri Kurniawan,Midwest,Toys,RC Car,1,51.34 ,Completed,Credit Card,51.34
ORD103390,2023-03-31,CUST1575,Michael Halim,East,Toys,Board Game,5,51.37 ,Cancelled,Credit Card,256.85
ORD101847,2024-01-26,CUST1362,Linda Taylor,Midwest,Sports & Outdoors,Yoga Mat,1,51.43 ,Returned,Gift Card,51.43
ORD100140,2023-02-03,CUST1852,Putri Garcia,East,Clothing,Baseball Cap,1,51.51 ,Completed,Debit Card,51.51
ORD101270,2024-07-01,CUST1051,Lisa Tan,East,Toys,RC Car,1,51.53 ,Completed,PayPal,51.53
ORD101807,2023-05-25,CUST1654,John Smith,Midwest,Sports & Outdoors,Yoga Mat,1,51.54 ,Completed,Credit Card,51.54
ORD103007,2023-05-18,CUST1721,Nina Wijaya,East,Electronics,Wireless Mouse,1,51.56 ,Completed,Debit Card,51.56
ORD100816,2024-08-26,CUST1332,Siti Johnson,Midwest,Toys,Board Game,1,51.60 ,Completed,PayPal,51.60
ORD101663,2024-08-01,CUST1572,Maria Yusuf,East,Toys,Puzzle 1000pc,5,51.60 ,Cancelled,Debit Card,258.00
ORD101204,2023-06-14,CUST1355,Michael Garcia,East,Clothing,Cotton T-Shirt,1,51.67 ,Cancelled,Credit Card,51.67
ORD100789,2024-11-30,CUST1849,Putri Santos,Midwest,Home & Kitchen,Throw Pillow,1,51.67 ,Returned,Gift Card,51.67
ORD100144,2023-08-12,CUST1385,Michael Lee,East,Toys,RC Car,1,51.69 ,Completed,Gift Card,51.69
ORD103130,2024-08-09,CUST1663,Lisa Pratama,East,Toys,RC Car,2,51.74 ,Completed,Unknown,103.48
ORD101441,2024-08-08,CUST1448,Maria Halim,East,Toys,Action Figure,2,51.76 ,Completed,Debit Card,103.52
ORD101181,2023-01-12,CUST1584,John Garcia,East,Sports & Outdoors,Hiking Backpack,1,51.78 ,Completed,Credit Card,51.78
ORD101146,2024-09-17,CUST1584,John Garcia,East,Home & Kitchen,Blender,3,51.80 ,Completed,Credit Card,155.40
ORD102390,2024-03-30,CUST1608,Dewi Lee,East,Toys,RC Car,1,51.98 ,Cancelled,Debit Card,51.98
ORD100515,2024-10-19,CUST1303,James Wilson,Midwest,Clothing,Denim Jeans,1,52.06 ,Completed,Gift Card,52.06
ORD101696,2023-10-05,CUST1428,Andi Chen,East,Clothing,Wool Socks,1,52.08 ,Completed,Debit Card,52.08
ORD103786,2024-01-31,CUST1786,Siti Brown,South,Toys,Building Blocks,1,52.11 ,Completed,PayPal,52.11
ORD100933,2024-10-04,CUST1168,Linda Nugroho,East,Sports & Outdoors,Water Bottle,2,52.11 ,Completed,Debit Card,104.22
ORD100858,2024-12-29,CUST1712,David Nugroho,East,Electronics,USB-C Cable,2,52.15 ,Completed,Gift Card,104.30
ORD101421,2024-07-20,CUST1464,Dewi Taylor,East,Home & Kitchen,Non-Stick Pan,2,52.15 ,Returned,Credit Card,104.30
ORD101782,2024-11-25,CUST1457,David Johnson,East,Sports & Outdoors,Yoga Mat,1,52.16 ,Completed,Gift Card,52.16
ORD103198,2023-07-24,CUST1547,Andi Tan,Midwest,Clothing,Cotton T-Shirt,1,52.18 ,Completed,Unknown,52.18
ORD101757,2024-03-07,CUST1341,Fajar Wijaya,East,Toys,Building Blocks,3,52.21 ,Completed,Gift Card,156.63
ORD103513,2023-09-29,CUST1375,Robert Garcia,East,Home & Kitchen,Blender,1,52.24 ,Completed,Gift Card,52.24
ORD100987,2023-05-19,CUST1525,Michael Anderson,East,Toys,Building Blocks,1,52.29 ,Completed,Gift Card,52.29
ORD101976,2023-10-16,CUST1189,Ahmad Kurniawan,Midwest,Electronics,Wireless Mouse,1,52.32 ,Completed,Gift Card,52.32
ORD103980,2023-03-19,CUST1727,Nina Brown,Midwest,Sports & Outdoors,Resistance Bands,2,52.35 ,Completed,Debit Card,104.70
ORD102321,2024-12-29,CUST1231,Dewi Smith,Midwest,Home & Kitchen,Blender,2,52.36 ,Completed,Debit Card,104.72
ORD103086,2023-09-28,CUST1785,Maria Nugroho,East,Toys,Action Figure,1,52.39 ,Completed,Debit Card,52.39
ORD101442,2024-09-14,CUST1743,Linda Chen,East,Toys,Action Figure,1,52.42 ,Pending,PayPal,52.42
ORD100069,2023-05-23,CUST1298,Dewi Anderson,East,Toys,Building Blocks,2,52.46 ,Completed,PayPal,104.92
ORD103525,2024-10-07,CUST1087,Linda Tan,East,Toys,Action Figure,5,52.46 ,Returned,Gift Card,262.30
ORD102565,2023-02-07,CUST1810,Dewi Salim,Midwest,Clothing,Winter Jacket,5,52.47 ,Completed,Debit Card,262.35
ORD103639,2024-09-08,CUST1385,Michael Lee,East,Clothing,Baseball Cap,3,52.49 ,Completed,Debit Card,157.47
ORD101370,2024-05-19,CUST1725,Nina Pratama,South,Toys,Building Blocks,1,52.50 ,Completed,Credit Card,52.50
ORD102315,2024-03-21,CUST1007,Budi Garcia,East,Home & Kitchen,Cutting Board,3,52.53 ,Completed,Unknown,157.59
ORD100909,2023-10-22,CUST1725,Nina Pratama,South,Sports & Outdoors,Hiking Backpack,2,52.61 ,Completed,Credit Card,105.22
ORD101958,2023-09-18,CUST1104,Sarah Tan,East,Home & Kitchen,Cutting Board,1,52.65 ,Completed,Unknown,52.65
ORD102555,2023-06-16,CUST1442,Andi Lee,East,Clothing,Winter Jacket,1,52.65 ,Completed,Credit Card,52.65
ORD101071,2024-10-08,CUST1084,Ahmad Anderson,East,Sports & Outdoors,Yoga Mat,1,52.65 ,Completed,Debit Card,52.65
ORD101485,2023-11-24,CUST1839,John Tan,East,Toys,Action Figure,1,52.67 ,Completed,Debit Card,52.67
ORD102235,2024-10-25,CUST1007,Budi Garcia,East,Electronics,Bluetooth Speaker,1,52.71 ,Pending,PayPal,52.71
ORD102112,2024-06-12,CUST1306,John Chen,East,Clothing,Winter Jacket,1,52.79 ,Completed,PayPal,52.79
ORD101767,2023-10-26,CUST1895,Michael Johnson,East,Electronics,Bluetooth Speaker,2,52.80 ,Completed,Gift Card,105.60
ORD101214,2024-10-12,CUST1252,Ayu Brown,East,Toys,Building Blocks,1,52.84 ,Completed,Gift Card,52.84
ORD102924,2024-05-03,CUST1118,Budi Anderson,East,Sports & Outdoors,Jump Rope,4,52.86 ,Pending,Debit Card,211.44
ORD102759,2024-12-22,CUST1572,Maria Yusuf,East,Toys,Board Game,2,52.88 ,Cancelled,Credit Card,105.76
ORD103114,2024-09-11,CUST1630,John Kurniawan,East,Sports & Outdoors,Yoga Mat,3,52.88 ,Cancelled,PayPal,158.64
ORD101530,2024-04-30,CUST1287,John Pratama,Midwest,Sports & Outdoors,Yoga Mat,1,52.89 ,Pending,PayPal,52.89
ORD103289,2023-04-17,CUST1535,Maria Brown,East,Sports & Outdoors,Yoga Mat,1,52.89 ,Completed,PayPal,52.89
ORD101571,2023-10-09,CUST1799,Robert Hidayat,Midwest,Sports & Outdoors,Yoga Mat,2,52.89 ,Completed,PayPal,105.78
ORD101142,2023-03-06,CUST1735,Maria Halim,East,Sports & Outdoors,Yoga Mat,2,52.89 ,Completed,PayPal,105.78
ORD101901,2023-02-07,CUST1133,Andi Hidayat,East,Sports & Outdoors,Camping Tent,2,52.92 ,Completed,Credit Card,105.84
ORD101991,2024-01-02,CUST1222,Dewi Sari,East,Toys,Building Blocks,3,52.94 ,Completed,Debit Card,158.82
ORD101939,2023-11-15,CUST1806,Ahmad Hidayat,East,Home & Kitchen,Coffee Maker,2,52.95 ,Cancelled,Gift Card,105.90
ORD102797,2023-05-28,CUST1297,Nina Wilson,East,Sports & Outdoors,Camping Tent,3,53.02 ,Completed,PayPal,159.06
ORD101776,2024-11-06,CUST1834,Andi Nugroho,East,Toys,Puzzle 1000pc,1,53.10 ,Completed,PayPal,53.10
ORD101166,2023-04-13,CUST1039,Robert Tan,East,Clothing,Cotton T-Shirt,1,53.14 ,Completed,Debit Card,53.14
ORD103446,2024-04-04,CUST1413,Dewi Chen,Midwest,Clothing,Baseball Cap,1,53.15 ,Completed,PayPal,53.15
ORD102069,2024-09-15,CUST1537,Putri Sari,Midwest,Sports & Outdoors,Yoga Mat,2,53.18 ,Completed,PayPal,106.36
ORD102435,2023-03-26,CUST1169,Lisa Hidayat,Midwest,Toys,Puzzle 1000pc,1,53.20 ,Completed,Gift Card,53.20
ORD102336,2023-11-12,CUST1083,Ahmad Taylor,East,Clothing,Winter Jacket,1,53.26 ,Completed,Credit Card,53.26
ORD100471,2023-11-27,CUST1573,Putri Kurniawan,Midwest,Sports & Outdoors,Yoga Mat,1,53.34 ,Completed,Gift Card,53.34
ORD102093,2024-01-25,CUST1824,Linda Chen,East,Sports & Outdoors,Camping Tent,1,53.35 ,Cancelled,PayPal,53.35
ORD100695,2023-03-20,CUST1620,Budi Chen,East,Sports & Outdoors,Camping Tent,4,53.35 ,Completed,PayPal,213.40
ORD101538,2024-09-01,CUST1723,Ayu Wijaya,East,Home & Kitchen,Coffee Maker,1,53.35 ,Completed,Debit Card,53.35
ORD101092,2023-05-25,CUST1194,Maria Hidayat,East,Electronics,Smartphone Case,1,53.35 ,Completed,Gift Card,53.35
ORD100241,2023-02-04,CUST1731,Robert Anderson,South,Clothing,Running Shorts,2,53.37 ,Completed,Credit Card,106.74
ORD102288,2023-01-18,CUST1611,Maria Sari,East,Toys,Puzzle 1000pc,1,53.39 ,Completed,Credit Card,53.39
ORD102352,2023-07-21,CUST1253,Ahmad Garcia,East,Clothing,Baseball Cap,1,53.42 ,Cancelled,Gift Card,53.42
ORD102249,2023-02-07,CUST1721,Nina Wijaya,East,Toys,Board Game,2,53.42 ,Completed,Credit Card,106.84
ORD101326,2023-11-06,CUST1596,Ayu Garcia,East,Toys,RC Car,1,53.43 ,Completed,Credit Card,53.43
ORD101418,2024-11-23,CUST1521,John Smith,East,Toys,Building Blocks,1,53.45 ,Completed,Credit Card,53.45
ORD101137,2023-06-03,CUST1652,Ahmad Smith,Midwest,Toys,Board Game,1,53.48 ,Completed,PayPal,53.48
ORD101835,2024-01-08,CUST1116,Michael Lee,East,Toys,Building Blocks,1,53.50 ,Completed,Gift Card,53.50
ORD103816,2023-06-30,CUST1656,Ayu Yusuf,Midwest,Sports & Outdoors,Resistance Bands,1,53.53 ,Completed,Gift Card,53.53
ORD103472,2024-06-01,CUST1251,Nina Salim,East,Clothing,Denim Jeans,1,53.63 ,Completed,Debit Card,53.63
ORD101816,2023-12-31,CUST1746,Siti Garcia,East,Sports & Outdoors,Hiking Backpack,2,53.63 ,Completed,Debit Card,107.26
ORD100768,2023-09-08,CUST1241,Fajar Hidayat,East,Toys,Puzzle 1000pc,1,53.67 ,Completed,Debit Card,53.67
ORD102681,2023-06-27,CUST1831,Sarah Hidayat,East,Sports & Outdoors,Yoga Mat,1,53.67 ,Completed,Gift Card,53.67
ORD101376,2024-12-03,CUST1566,Sarah Chen,Midwest,Toys,Action Figure,1,53.72 ,Completed,Debit Card,53.72
ORD100048,2023-08-02,CUST1823,John Johnson,South,Toys,Action Figure,2,53.75 ,Cancelled,Debit Card,107.50
ORD100511,2023-06-27,CUST1237,Nina Anderson,East,Clothing,Cotton T-Shirt,2,53.77 ,Completed,Debit Card,107.54
ORD100571,2024-11-29,CUST1272,Michael Nugroho,South,Electronics,Webcam,2,53.77 ,Completed,Debit Card,107.54
ORD101913,2024-08-24,CUST1635,Sarah Yusuf,South,Clothing,Denim Jeans,3,53.78 ,Completed,Credit Card,161.34
ORD103784,2023-05-14,CUST1172,Nina Lee,East,Electronics,Bluetooth Speaker,1,53.79 ,Completed,Unknown,53.79
ORD102027,2023-07-27,CUST1241,Fajar Hidayat,East,Sports & Outdoors,Resistance Bands,2,53.79 ,Completed,Credit Card,107.58
ORD101273,2024-03-07,CUST1748,Robert Salim,East,Clothing,Wool Socks,2,53.87 ,Pending,Debit Card,107.74
ORD100587,2024-10-31,CUST1888,Putri Tan,East,Toys,Action Figure,1,53.88 ,Completed,PayPal,53.88
ORD102084,2024-12-13,CUST1734,Ahmad Wilson,East,Clothing,Hoodie,1,53.93 ,Cancelled,Credit Card,53.93
ORD101576,2024-08-06,CUST1239,Dewi Wilson,East,Home & Kitchen,Throw Pillow,1,53.95 ,Returned,Gift Card,53.95
ORD103974,2024-09-14,CUST1863,David Pratama,East,Clothing,Hoodie,1,53.98 ,Cancelled,PayPal,53.98
ORD101609,2023-12-05,CUST1307,Lisa Santos,South,Toys,Board Game,1,53.98 ,Completed,Credit Card,53.98
ORD102453,2023-11-26,CUST1594,James Chen,East,Electronics,Power Bank,2,53.99 ,Completed,Credit Card,107.98
ORD103147,2024-07-25,CUST1250,Linda Smith,East,Toys,Board Game,4,54.01 ,Completed,Debit Card,216.04
ORD103126,2024-08-26,CUST1885,Lisa Santos,East,Sports & Outdoors,Yoga Mat,1,54.25 ,Completed,Gift Card,54.25
ORD101139,2023-04-03,CUST1639,Dewi Salim,Midwest,Electronics,Wireless Earbuds,1,54.32 ,Completed,Gift Card,54.32
ORD103043,2023-09-22,CUST1104,Sarah Tan,East,Clothing,Cotton T-Shirt,1,54.33 ,Completed,Credit Card,54.33
ORD100021,2024-06-15,CUST1039,Robert Tan,East,Clothing,Wool Socks,1,54.35 ,Completed,PayPal,54.35
ORD101620,2023-05-16,CUST1843,Siti Hidayat,East,Electronics,Wireless Mouse,2,54.46 ,Cancelled,Debit Card,108.92
ORD102381,2024-07-25,CUST1372,Rina Nugroho,East,Sports & Outdoors,Water Bottle,2,54.47 ,Returned,PayPal,108.94
ORD100692,2024-07-19,CUST1056,Rina Smith,East,Electronics,USB-C Cable,1,54.51 ,Completed,Gift Card,54.51
ORD103601,2024-03-10,CUST1021,David Wijaya,East,Toys,Action Figure,1,54.51 ,Completed,Credit Card,54.51
ORD102893,2023-12-14,CUST1135,Rina Kurniawan,Midwest,Toys,RC Car,1,54.52 ,Completed,Gift Card,54.52
ORD102272,2024-07-15,CUST1594,James Chen,East,Electronics,Wireless Earbuds,1,54.53 ,Completed,Gift Card,54.53
ORD101108,2023-07-11,CUST1145,Linda Smith,East,Sports & Outdoors,Jump Rope,1,54.53 ,Completed,PayPal,54.53
ORD100163,2023-04-17,CUST1115,Maria Wilson,East,Clothing,Wool Socks,1,54.55 ,Completed,Gift Card,54.55
ORD102634,2023-05-24,CUST1757,Sarah Lee,East,Clothing,Cotton T-Shirt,1,54.55 ,Completed,Debit Card,54.55
ORD100224,2023-03-10,CUST1265,Sarah Johnson,Midwest,Clothing,Winter Jacket,2,54.57 ,Completed,Debit Card,109.14
ORD100200,2023-08-17,CUST1669,Dewi Brown,East,Toys,Building Blocks,1,54.60 ,Completed,Debit Card,54.60
ORD102016,2023-07-07,CUST1850,Dewi Wijaya,East,Sports & Outdoors,Resistance Bands,2,54.62 ,Completed,Gift Card,109.24
ORD100164,2023-04-26,CUST1700,Robert Smith,East,Toys,Puzzle 1000pc,2,54.64 ,Cancelled,Gift Card,109.28
ORD103932,2024-08-14,CUST1528,Maria Chen,East,Toys,Board Game,1,54.66 ,Pending,Unknown,54.66
ORD100490,2023-03-28,CUST1862,Ahmad Santos,East,Home & Kitchen,Blender,1,54.68 ,Completed,Debit Card,54.68
ORD103073,2024-11-01,CUST1531,Ahmad Halim,Midwest,Toys,RC Car,1,54.74 ,Completed,Gift Card,54.74
ORD100755,2024-11-19,CUST1873,Ayu Anderson,East,Clothing,Wool Socks,2,54.74 ,Cancelled,Debit Card,109.48
ORD103799,2024-06-02,CUST1585,Robert Anderson,East,Toys,Building Blocks,1,54.75 ,Cancelled,Debit Card,54.75
ORD103535,2024-05-24,CUST1428,Unknown Customer,East,Clothing,Running Shorts,2,54.79 ,Completed,Debit Card,109.58
ORD102353,2023-01-22,CUST1837,Dewi Johnson,East,Toys,Building Blocks,1,54.83 ,Completed,Gift Card,54.83
ORD102196,2023-04-30,CUST1561,Nina Santos,East,Toys,Building Blocks,2,54.84 ,Completed,PayPal,109.68
ORD101237,2024-12-22,CUST1751,Sarah Brown,East,Electronics,Bluetooth Speaker,1,54.95 ,Cancelled,Gift Card,54.95
ORD102947,2023-09-25,CUST1189,Ahmad Kurniawan,Midwest,Electronics,Wireless Mouse,2,54.95 ,Completed,Gift Card,109.90
ORD103050,2024-11-08,CUST1246,Ayu Brown,East,Toys,Puzzle 1000pc,2,54.98 ,Completed,Credit Card,109.96
ORD101284,2023-09-03,CUST1389,Fajar Salim,East,Home & Kitchen,Non-Stick Pan,2,54.98 ,Cancelled,Debit Card,109.96
ORD102100,2023-10-03,CUST1658,Robert Chen,Midwest,Toys,Puzzle 1000pc,4,55.01 ,Completed,Credit Card,220.04
ORD101018,2023-02-11,CUST1260,Fajar Pratama,East,Sports & Outdoors,Resistance Bands,1,55.01 ,Completed,Gift Card,55.01
ORD100027,2023-05-05,CUST1324,Budi Santos,Midwest,Sports & Outdoors,Resistance Bands,1,55.01 ,Completed,Gift Card,55.01
ORD102799,2024-05-22,CUST1762,Rina Nugroho,South,Sports & Outdoors,Resistance Bands,1,55.01 ,Completed,Credit Card,55.01
ORD102951,2024-11-23,CUST1030,Sarah Lee,Midwest,Sports & Outdoors,Resistance Bands,1,55.01 ,Completed,Debit Card,55.01
ORD102162,2023-04-06,CUST1216,Robert Anderson,East,Sports & Outdoors,Resistance Bands,2,55.01 ,Returned,PayPal,110.03
ORD101244,2023-08-07,CUST1144,Kevin Smith,East,Sports & Outdoors,Water Bottle,1,55.05 ,Returned,Credit Card,55.05
ORD102627,2024-01-19,CUST1119,Andi Kurniawan,Midwest,Home & Kitchen,LED Desk Lamp,1,55.09 ,Completed,PayPal,55.09
ORD102434,2023-07-10,CUST1502,Rina Kurniawan,East,Home & Kitchen,Cutting Board,3,55.12 ,Completed,Gift Card,165.36
ORD100556,2024-02-07,CUST1085,John Kurniawan,East,Home & Kitchen,LED Desk Lamp,3,55.13 ,Completed,Debit Card,165.39
ORD103888,2024-08-10,CUST1535,Maria Brown,East,Toys,Building Blocks,5,55.13 ,Completed,PayPal,275.65
ORD103057,2023-09-28,CUST1222,Dewi Sari,East,Electronics,Wireless Earbuds,1,55.22 ,Completed,Credit Card,55.22
ORD103316,2023-10-07,CUST1130,Maria Johnson,East,Toys,Puzzle 1000pc,1,55.23 ,Completed,Debit Card,55.23
ORD100691,2023-02-06,CUST1490,David Halim,East,Clothing,Hoodie,2,55.25 ,Completed,PayPal,110.50
ORD103283,2024-11-14,CUST1078,Rina Santos,East,Home & Kitchen,LED Desk Lamp,5,55.25 ,Completed,PayPal,276.25
ORD103524,2023-09-10,CUST1842,Siti Salim,Midwest,Sports & Outdoors,Jump Rope,1,55.27 ,Returned,PayPal,55.27
ORD102380,2023-02-27,CUST1206,Siti Wilson,East,Home & Kitchen,Coffee Maker,4,55.27 ,Completed,Debit Card,221.08
ORD103232,2023-09-02,CUST1625,Lisa Pratama,East,Electronics,Power Bank,5,55.27 ,Completed,PayPal,276.35
ORD103231,2023-09-16,CUST1574,Unknown Customer,East,Sports & Outdoors,Yoga Mat,2,55.31 ,Completed,PayPal,110.62
ORD102234,2023-05-22,CUST1766,Michael Kurniawan,East,Sports & Outdoors,Camping Tent,2,55.31 ,Cancelled,Gift Card,110.62
ORD102072,2023-10-25,CUST1295,Robert Taylor,East,Electronics,Wireless Earbuds,5,55.34 ,Returned,Gift Card,276.70
ORD100308,2024-12-21,CUST1063,David Anderson,East,Home & Kitchen,Storage Containers,1,55.39 ,Completed,Debit Card,55.39
ORD103488,2023-11-26,CUST1596,Ayu Garcia,East,Electronics,USB-C Cable,1,55.41 ,Completed,Gift Card,55.41
ORD103077,2023-12-13,CUST1263,John Santos,East,Clothing,Hoodie,1,55.46 ,Completed,Gift Card,55.46
ORD103878,2023-12-13,CUST1102,Maria Brown,East,Toys,Building Blocks,1,55.57 ,Completed,Debit Card,55.57
ORD103655,2024-05-02,CUST1270,Andi Salim,East,Sports & Outdoors,Camping Tent,1,55.61 ,Completed,PayPal,55.61
ORD101751,2024-08-06,CUST1764,Andi Yusuf,East,Clothing,Running Shorts,1,55.64 ,Completed,PayPal,55.64
ORD102039,2023-09-01,CUST1865,Ayu Salim,East,Toys,Building Blocks,2,55.64 ,Completed,Credit Card,111.28
ORD103605,2023-01-13,CUST1240,Linda Chen,East,Clothing,Hoodie,1,55.65 ,Completed,Credit Card,55.65
ORD101692,2023-10-01,CUST1413,Dewi Chen,Midwest,Home & Kitchen,Throw Pillow,1,55.66 ,Completed,Gift Card,55.66
ORD102537,2024-11-23,CUST1112,Putri Halim,Midwest,Sports & Outdoors,Jump Rope,1,55.69 ,Completed,PayPal,55.69
ORD100926,2023-06-16,CUST1466,Lisa Wijaya,East,Home & Kitchen,Non-Stick Pan,1,55.69 ,Completed,Debit Card,55.69
ORD103107,2024-04-09,CUST1189,Ahmad Kurniawan,Midwest,Sports & Outdoors,Jump Rope,1,55.73 ,Completed,Debit Card,55.73
ORD102923,2023-05-05,CUST1710,Linda Chen,East,Toys,RC Car,1,55.75 ,Completed,Gift Card,55.75
ORD102794,2024-11-01,CUST1554,Dewi Tan,East,Toys,Action Figure,1,55.79 ,Returned,Credit Card,55.79
ORD100889,2024-12-03,CUST1664,Unknown Customer,Midwest,Toys,Board Game,1,55.83 ,Completed,Gift Card,55.83
ORD103514,2024-04-06,CUST1210,Nina Garcia,East,Home & Kitchen,Cutting Board,1,55.85 ,Completed,Debit Card,55.85
ORD102604,2024-07-12,CUST1633,James Kurniawan,East,Electronics,Bluetooth Speaker,2,55.85 ,Completed,Credit Card,111.70
ORD103120,2024-08-17,CUST1373,James Smith,East,Electronics,Bluetooth Speaker,1,55.87 ,Completed,Credit Card,55.87
ORD103492,2023-05-03,CUST1773,Andi Nugroho,Midwest,Sports & Outdoors,Jump Rope,4,55.96 ,Completed,Credit Card,223.84
ORD100473,2023-11-15,CUST1076,Kevin Santos,East,Clothing,Denim Jeans,2,55.99 ,Completed,Credit Card,111.98
ORD103556,2023-03-29,CUST1717,Siti Sari,East,Toys,Action Figure,2,56.00 ,Completed,Credit Card,112.00
ORD101141,2023-05-26,CUST1388,Rina Tan,East,Clothing,Baseball Cap,3,56.02 ,Completed,Gift Card,168.06
ORD103957,2024-10-12,CUST1549,James Nugroho,East,Sports & Outdoors,Camping Tent,2,56.04 ,Returned,Debit Card,112.08
ORD103122,2023-01-22,CUST1640,Siti Smith,East,Electronics,Smartphone Case,1,56.05 ,Completed,Gift Card,56.05
ORD102284,2023-01-01,CUST1834,Andi Nugroho,East,Clothing,Winter Jacket,1,56.08 ,Completed,Credit Card,56.08
ORD103444,2023-12-04,CUST1191,Putri Yusuf,Midwest,Electronics,Bluetooth Speaker,1,56.08 ,Completed,Gift Card,56.08
ORD100320,2023-04-10,CUST1816,John Kurniawan,East,Sports & Outdoors,Camping Tent,2,56.08 ,Returned,Debit Card,112.16
ORD103793,2023-07-05,CUST1238,John Pratama,East,Toys,Action Figure,1,56.09 ,Completed,Gift Card,56.09
ORD101377,2024-02-25,CUST1198,Putri Anderson,East,Toys,Action Figure,2,56.13 ,Completed,Debit Card,112.26
ORD100826,2024-08-27,CUST1449,Michael Chen,East,Sports & Outdoors,Water Bottle,1,56.14 ,Completed,Credit Card,56.14
ORD103939,2023-09-03,CUST1247,Andi Nugroho,East,Home & Kitchen,Throw Pillow,5,56.16 ,Completed,Gift Card,280.80
ORD101769,2024-06-18,CUST1703,Budi Wilson,East,Clothing,Baseball Cap,1,56.20 ,Completed,Credit Card,56.20
ORD102824,2024-11-20,CUST1187,Dewi Anderson,Midwest,Home & Kitchen,Non-Stick Pan,1,56.21 ,Cancelled,Debit Card,56.21
ORD103968,2024-12-12,CUST1428,Andi Chen,East,Toys,Action Figure,5,56.21 ,Completed,Credit Card,281.05
ORD100227,2024-10-06,CUST1061,Robert Chen,East,Clothing,Baseball Cap,1,56.22 ,Completed,Debit Card,56.22
ORD102733,2023-02-12,CUST1016,John Pratama,Midwest,Toys,Action Figure,1,56.25 ,Completed,PayPal,56.25
ORD102482,2024-12-28,CUST1672,Ahmad Smith,East,Electronics,Wireless Mouse,1,56.31 ,Completed,Unknown,56.31
ORD101537,2024-01-23,CUST1895,Michael Johnson,East,Home & Kitchen,Throw Pillow,1,56.32 ,Cancelled,PayPal,56.32
ORD101090,2024-07-19,CUST1640,Siti Smith,East,Sports & Outdoors,Hiking Backpack,2,56.34 ,Completed,Gift Card,112.68
ORD101188,2024-07-09,CUST1593,Sarah Taylor,East,Toys,Puzzle 1000pc,1,56.38 ,Completed,Credit Card,56.38
ORD102683,2024-06-20,CUST1018,Ahmad Wilson,Midwest,Clothing,Baseball Cap,1,56.38 ,Completed,Gift Card,56.38
ORD103151,2023-08-11,CUST1708,Ayu Smith,East,Sports & Outdoors,Resistance Bands,1,56.40 ,Completed,PayPal,56.40
ORD102800,2023-07-11,CUST1023,Siti Wilson,East,Home & Kitchen,Storage Containers,1,56.46 ,Completed,Gift Card,56.46
ORD103983,2024-01-22,CUST1594,James Chen,East,Sports & Outdoors,Hiking Backpack,1,56.50 ,Completed,Credit Card,56.50
ORD100518,2024-06-03,CUST1093,Kevin Nugroho,Midwest,Clothing,Winter Jacket,2,56.55 ,Completed,Gift Card,113.10
ORD101016,2024-07-05,CUST1748,Robert Salim,East,Toys,Building Blocks,1,56.61 ,Pending,Gift Card,56.61
ORD102320,2024-09-29,CUST1283,Michael Brown,Midwest,Toys,Action Figure,1,56.65 ,Completed,Gift Card,56.65
ORD100955,2023-03-12,CUST1700,Robert Smith,East,Clothing,Winter Jacket,1,56.71 ,Completed,Gift Card,56.71
ORD101801,2024-03-11,CUST1470,Robert Salim,South,Sports & Outdoors,Water Bottle,1,56.72 ,Completed,Gift Card,56.72
ORD103794,2023-08-12,CUST1319,Rina Santos,East,Sports & Outdoors,Water Bottle,1,56.76 ,Completed,Credit Card,56.76
ORD101722,2023-05-27,CUST1891,Sarah Lee,East,Toys,Puzzle 1000pc,2,56.82 ,Completed,PayPal,113.64
ORD101927,2024-03-22,CUST1593,Sarah Taylor,East,Electronics,Power Bank,1,56.85 ,Completed,Debit Card,56.85
ORD102589,2024-05-25,CUST1558,Sarah Wilson,East,Sports & Outdoors,Hiking Backpack,2,56.86 ,Completed,Credit Card,113.72
ORD102687,2023-06-12,CUST1491,Rina Taylor,East,Clothing,Winter Jacket,2,56.88 ,Completed,Debit Card,113.76
ORD102283,2024-06-17,CUST1806,Ahmad Hidayat,East,Toys,RC Car,1,56.91 ,Completed,Unknown,56.91
ORD101056,2024-04-04,CUST1599,Unknown Customer,Midwest,Home & Kitchen,Cutting Board,1,56.95 ,Completed,Gift Card,56.95
ORD100539,2023-09-23,CUST1575,Michael Halim,East,Toys,Board Game,2,56.98 ,Completed,Credit Card,113.96
ORD100080,2024-12-28,CUST1668,Siti Brown,East,Sports & Outdoors,Camping Tent,1,57.00 ,Cancelled,Gift Card,57.00
ORD103332,2024-09-28,CUST1063,David Anderson,East,Clothing,Wool Socks,1,57.04 ,Completed,Gift Card,57.04
ORD100181,2024-09-03,CUST1726,John Tan,East,Clothing,Cotton T-Shirt,4,57.08 ,Completed,Debit Card,228.32
ORD103831,2024-10-04,CUST1579,Kevin Tan,East,Clothing,Wool Socks,5,57.10 ,Completed,Gift Card,285.50
ORD100153,2024-11-23,CUST1329,Andi Tan,East,Toys,Action Figure,1,57.12 ,Completed,PayPal,57.12
ORD100049,2023-09-03,CUST1772,Ahmad Hidayat,East,Sports & Outdoors,Water Bottle,2,57.13 ,Completed,Debit Card,114.26
ORD100575,2023-10-08,CUST1234,Nina Salim,East,Electronics,Smartphone Case,1,57.15 ,Pending,PayPal,57.15
ORD100493,2023-01-09,CUST1865,Ayu Salim,East,Home & Kitchen,Non-Stick Pan,1,57.16 ,Completed,Debit Card,57.16
ORD101793,2023-03-01,CUST1780,Lisa Wijaya,East,Toys,Puzzle 1000pc,1,57.20 ,Completed,Credit Card,57.20
ORD102812,2023-05-17,CUST1659,Kevin Hidayat,Midwest,Clothing,Denim Jeans,2,57.25 ,Completed,PayPal,114.50
ORD100627,2023-07-20,CUST1795,Michael Chen,Midwest,Sports & Outdoors,Hiking Backpack,1,57.25 ,Cancelled,Credit Card,57.25
ORD101081,2023-01-28,CUST1236,Michael Wilson,East,Sports & Outdoors,Hiking Backpack,2,57.33 ,Completed,Gift Card,114.66
ORD101911,2023-08-04,CUST1273,Ayu Salim,East,Sports & Outdoors,Resistance Bands,4,57.35 ,Returned,Debit Card,229.40
ORD100649,2023-05-10,CUST1174,Unknown Customer,East,Clothing,Winter Jacket,2,57.36 ,Completed,PayPal,114.72
ORD100915,2024-10-09,CUST1025,Nina Chen,East,Toys,Puzzle 1000pc,1,57.39 ,Completed,Debit Card,57.39
ORD102890,2023-06-27,CUST1608,Dewi Lee,East,Sports & Outdoors,Resistance Bands,3,57.39 ,Completed,Gift Card,172.17
ORD103797,2024-11-08,CUST1174,Siti Lee,East,Home & Kitchen,Storage Containers,2,57.41 ,Completed,PayPal,114.82
ORD100710,2024-07-05,CUST1664,Dewi Nugroho,Midwest,Electronics,Bluetooth Speaker,2,57.41 ,Completed,Credit Card,114.82
ORD100072,2023-01-26,CUST1474,Kevin Sari,East,Toys,Action Figure,3,57.43 ,Completed,Debit Card,172.29
ORD100964,2023-09-26,CUST1771,Putri Salim,East,Sports & Outdoors,Jump Rope,1,57.44 ,Completed,Gift Card,57.44
ORD103439,2023-11-19,CUST1292,Budi Halim,East,Sports & Outdoors,Yoga Mat,1,57.47 ,Completed,PayPal,57.47
ORD102601,2023-07-07,CUST1436,Lisa Garcia,East,Sports & Outdoors,Water Bottle,1,57.52 ,Completed,Credit Card,57.52
ORD103674,2023-07-26,CUST1393,Putri Johnson,East,Sports & Outdoors,Resistance Bands,1,57.52 ,Completed,PayPal,57.52
ORD100844,2024-02-25,CUST1319,Rina Santos,East,Clothing,Wool Socks,1,57.54 ,Completed,Gift Card,57.54
ORD101407,2024-03-31,CUST1755,Budi Sari,East,Toys,Action Figure,1,57.58 ,Completed,Credit Card,57.58
ORD100678,2024-07-31,CUST1151,Ayu Smith,East,Electronics,Power Bank,1,57.61 ,Completed,Unknown,57.61
ORD102576,2023-09-15,CUST1612,Budi Nugroho,East,Electronics,Wireless Earbuds,3,57.61 ,Completed,Debit Card,172.83
ORD103545,2024-04-09,CUST1245,Dewi Yusuf,Midwest,Toys,Building Blocks,1,57.62 ,Completed,Debit Card,57.62
ORD102155,2024-08-13,CUST1085,John Kurniawan,East,Toys,Board Game,2,57.62 ,Completed,Debit Card,115.24
ORD102102,2024-01-06,CUST1210,Nina Garcia,East,Clothing,Cotton T-Shirt,2,57.72 ,Completed,PayPal,115.44
ORD103813,2023-03-12,CUST1117,Sarah Pratama,East,Toys,Board Game,2,57.83 ,Completed,Credit Card,115.66
ORD103722,2023-11-15,CUST1451,Ahmad Garcia,East,Toys,Board Game,2,57.86 ,Cancelled,Credit Card,115.72
ORD102822,2023-07-06,CUST1683,Putri Lee,East,Sports & Outdoors,Hiking Backpack,1,57.89 ,Completed,Debit Card,57.89
ORD101862,2024-11-27,CUST1515,John Salim,East,Clothing,Hoodie,4,57.91 ,Completed,Credit Card,231.64
ORD102978,2024-11-11,CUST1777,Ayu Chen,East,Clothing,Hoodie,1,57.96 ,Completed,PayPal,57.96
ORD100272,2023-11-22,CUST1536,Maria Hidayat,West,Clothing,Running Shorts,2,58.04 ,Completed,Credit Card,116.08
ORD101066,2023-02-12,CUST1374,Nina Garcia,Midwest,Home & Kitchen,Throw Pillow,1,58.05 ,Completed,Credit Card,58.05
ORD103624,2023-06-12,CUST1559,Fajar Sari,Midwest,Toys,Puzzle 1000pc,2,58.06 ,Returned,Debit Card,116.12
ORD102403,2024-09-24,CUST1797,Ahmad Brown,South,Toys,RC Car,3,58.06 ,Completed,Debit Card,174.18
ORD101768,2023-09-19,CUST1049,Unknown Customer,East,Clothing,Winter Jacket,1,58.08 ,Completed,Credit Card,58.08
ORD102680,2024-08-07,CUST1499,David Santos,East,Sports & Outdoors,Water Bottle,1,58.10 ,Cancelled,Gift Card,58.10
ORD103227,2023-09-28,CUST1828,Andi Chen,East,Clothing,Cotton T-Shirt,1,58.11 ,Completed,PayPal,58.11
ORD103828,2024-08-04,CUST1088,Kevin Chen,South,Electronics,Laptop Stand,2,58.12 ,Completed,PayPal,116.24
ORD101910,2023-04-08,CUST1887,Maria Wilson,East,Toys,Board Game,1,58.15 ,Completed,PayPal,58.15
ORD101925,2024-10-08,CUST1045,Budi Yusuf,East,Home & Kitchen,LED Desk Lamp,1,58.17 ,Returned,Gift Card,58.17
ORD100124,2024-04-02,CUST1327,Rina Lee,East,Clothing,Wool Socks,2,58.19 ,Completed,PayPal,116.38
ORD101763,2023-02-20,CUST1068,Linda Nugroho,East,Clothing,Baseball Cap,1,58.22 ,Cancelled,Debit Card,58.22
ORD103540,2024-02-25,CUST1170,Ayu Salim,East,Home & Kitchen,Blender,1,58.24 ,Completed,PayPal,58.24
ORD102507,2023-09-23,CUST1645,Sarah Chen,Midwest,Toys,Board Game,1,58.26 ,Completed,Debit Card,58.26
ORD103571,2023-09-12,CUST1799,Robert Hidayat,Midwest,Sports & Outdoors,Jump Rope,1,58.28 ,Completed,Gift Card,58.28
ORD101492,2024-12-24,CUST1699,John Yusuf,East,Clothing,Denim Jeans,1,58.29 ,Completed,Debit Card,58.29
ORD102756,2024-07-28,CUST1451,Ahmad Garcia,East,Home & Kitchen,Non-Stick Pan,2,58.35 ,Completed,Credit Card,116.70
ORD103823,2023-07-03,CUST1039,Robert Tan,East,Toys,Puzzle 1000pc,1,58.36 ,Cancelled,PayPal,58.36
ORD100604,2023-04-05,CUST1726,John Tan,East,Clothing,Running Shorts,1,58.39 ,Completed,PayPal,58.39
ORD101496,2023-09-18,CUST1474,Kevin Sari,East,Sports & Outdoors,Jump Rope,4,58.43 ,Completed,Credit Card,233.72
ORD101675,2024-08-19,CUST1658,Robert Chen,Midwest,Sports & Outdoors,Hiking Backpack,1,58.48 ,Completed,PayPal,58.48
ORD100628,2023-10-02,CUST1405,Rina Lee,East,Electronics,Laptop Stand,1,58.48 ,Cancelled,Debit Card,58.48
ORD102907,2023-07-20,CUST1297,Nina Wilson,East,Electronics,Wireless Mouse,3,58.55 ,Completed,Gift Card,175.65
ORD101143,2023-06-08,CUST1857,John Kurniawan,East,Electronics,Laptop Stand,2,58.59 ,Completed,PayPal,117.18
ORD102523,2023-03-11,CUST1809,Kevin Smith,East,Toys,RC Car,3,58.59 ,Completed,Debit Card,175.77
ORD101529,2024-01-27,CUST1856,Siti Brown,East,Sports & Outdoors,Yoga Mat,2,58.63 ,Cancelled,Credit Card,117.26
ORD101503,2024-03-30,CUST1883,Kevin Anderson,South,Toys,Board Game,1,58.69 ,Completed,PayPal,58.69
ORD100034,2023-08-30,CUST1331,Ayu Chen,Midwest,Clothing,Cotton T-Shirt,3,58.79 ,Completed,Debit Card,176.37
ORD101781,2024-11-22,CUST1878,Ayu Sari,East,Home & Kitchen,Non-Stick Pan,2,58.80 ,Completed,PayPal,117.60
ORD103323,2023-09-25,CUST1052,Fajar Halim,East,Electronics,Smartphone Case,3,58.80 ,Completed,Debit Card,176.40
ORD100805,2024-10-11,CUST1488,John Taylor,East,Sports & Outdoors,Yoga Mat,1,58.85 ,Completed,Gift Card,58.85
ORD103833,2024-05-31,CUST1207,Maria Taylor,East,Clothing,Running Shorts,1,58.86 ,Completed,Gift Card,58.86
ORD101287,2023-09-03,CUST1739,Fajar Wilson,East,Toys,RC Car,2,58.89 ,Completed,Gift Card,117.78
ORD103434,2023-07-22,CUST1485,Dewi Smith,East,Toys,Building Blocks,2,58.89 ,Completed,Credit Card,117.78
ORD100425,2024-06-06,CUST1582,Michael Lee,East,Electronics,Bluetooth Speaker,1,58.91 ,Completed,Credit Card,58.91
ORD101929,2023-04-11,CUST1141,Fajar Taylor,East,Toys,Action Figure,4,58.93 ,Completed,PayPal,235.72
ORD101282,2024-11-12,CUST1302,Dewi Taylor,Midwest,Clothing,Hoodie,5,58.93 ,Completed,Debit Card,294.65
ORD101211,2023-03-20,CUST1667,Robert Halim,Midwest,Sports & Outdoors,Resistance Bands,1,58.96 ,Completed,PayPal,58.96
ORD100541,2024-02-09,CUST1373,James Smith,East,Toys,Puzzle 1000pc,1,59.11 ,Completed,Gift Card,59.11
ORD101711,2023-05-19,CUST1138,Fajar Anderson,East,Toys,Building Blocks,4,59.18 ,Completed,Gift Card,236.72
ORD101435,2023-05-15,CUST1844,Ahmad Johnson,East,Clothing,Baseball Cap,5,59.21 ,Completed,PayPal,296.05
ORD100366,2024-03-03,CUST1655,John Tan,East,Toys,Board Game,1,59.23 ,Completed,PayPal,59.23
ORD102540,2024-07-19,CUST1158,Nina Nugroho,East,Toys,Puzzle 1000pc,1,59.23 ,Completed,Gift Card,59.23
ORD101121,2024-08-05,CUST1399,Rina Lee,East,Sports & Outdoors,Jump Rope,1,59.23 ,Completed,Credit Card,59.23
ORD101715,2024-02-02,CUST1052,Fajar Halim,East,Sports & Outdoors,Hiking Backpack,2,59.23 ,Completed,Debit Card,118.46
ORD102745,2023-06-11,CUST1451,Ahmad Garcia,East,Toys,Board Game,2,59.26 ,Completed,Gift Card,118.52
ORD102319,2024-01-09,CUST1319,Rina Santos,East,Home & Kitchen,Non-Stick Pan,1,59.27 ,Completed,Gift Card,59.27
ORD102619,2024-05-26,CUST1771,Putri Salim,East,Toys,RC Car,2,59.40 ,Completed,Gift Card,118.80
ORD100314,2024-07-01,CUST1593,Sarah Taylor,East,Home & Kitchen,Storage Containers,1,59.43 ,Completed,Gift Card,59.43
ORD101856,2023-05-08,CUST1165,John Sari,East,Toys,Puzzle 1000pc,1,59.43 ,Completed,Gift Card,59.43
ORD102167,2024-11-24,CUST1380,Lisa Brown,Midwest,Toys,Building Blocks,2,59.47 ,Completed,Debit Card,118.94
ORD102203,2023-01-10,CUST1093,Kevin Nugroho,Midwest,Toys,Puzzle 1000pc,1,59.48 ,Completed,PayPal,59.48
ORD103766,2023-05-20,CUST1034,Putri Pratama,East,Electronics,Smartphone Case,1,59.51 ,Completed,Debit Card,59.51
ORD100430,2023-04-30,CUST1474,Kevin Sari,East,Clothing,Running Shorts,2,59.52 ,Completed,PayPal,119.04
ORD102334,2023-09-21,CUST1213,Michael Tan,East,Toys,RC Car,1,59.55 ,Pending,Credit Card,59.55
ORD100979,2024-11-20,CUST1768,Rina Nugroho,East,Sports & Outdoors,Yoga Mat,1,59.58 ,Completed,Debit Card,59.58
ORD103142,2024-09-11,CUST1694,Ayu Tan,Midwest,Sports & Outdoors,Yoga Mat,1,59.60 ,Completed,Debit Card,59.60
ORD103760,2023-05-25,CUST1843,Siti Hidayat,East,Sports & Outdoors,Camping Tent,1,59.63 ,Completed,Credit Card,59.63
ORD101869,2023-10-04,CUST1184,Michael Kurniawan,East,Home & Kitchen,Non-Stick Pan,1,59.64 ,Completed,PayPal,59.64
ORD101290,2023-05-20,CUST1873,Ayu Anderson,East,Clothing,Cotton T-Shirt,4,59.65 ,Completed,Unknown,238.60
ORD102964,2023-10-04,CUST1147,Sarah Wilson,East,Toys,Building Blocks,4,59.67 ,Completed,Debit Card,238.68
ORD103943,2024-09-11,CUST1794,Robert Halim,East,Toys,RC Car,1,59.68 ,Completed,Credit Card,59.68
ORD103931,2024-03-01,CUST1192,Lisa Kurniawan,East,Clothing,Wool Socks,1,59.72 ,Completed,Debit Card,59.72
ORD102483,2024-04-20,CUST1379,Putri Halim,East,Toys,Building Blocks,1,59.72 ,Completed,PayPal,59.72
ORD102365,2024-02-14,CUST1614,Putri Lee,East,Toys,Puzzle 1000pc,5,59.73 ,Completed,Credit Card,298.65
ORD101999,2024-08-02,CUST1388,Rina Tan,East,Electronics,Webcam,1,59.74 ,Pending,Debit Card,59.74
ORD103910,2024-08-31,CUST1254,Nina Garcia,East,Toys,Puzzle 1000pc,1,59.80 ,Completed,Gift Card,59.80
ORD102598,2024-10-08,CUST1808,Michael Kurniawan,Midwest,Clothing,Running Shorts,1,59.82 ,Pending,Credit Card,59.82
ORD101748,2023-03-12,CUST1639,Dewi Salim,Midwest,Electronics,Smartphone Case,1,59.84 ,Completed,Gift Card,59.84
ORD103676,2023-07-26,CUST1005,Dewi Wijaya,East,Toys,Puzzle 1000pc,1,59.85 ,Completed,Gift Card,59.85
ORD102572,2024-10-19,CUST1852,Putri Garcia,East,Clothing,Cotton T-Shirt,1,59.85 ,Completed,Debit Card,59.85
ORD101870,2023-10-25,CUST1315,Andi Brown,East,Electronics,Bluetooth Speaker,2,59.88 ,Completed,Debit Card,119.76
ORD100330,2024-11-07,CUST1207,Maria Taylor,East,Clothing,Winter Jacket,1,59.91 ,Completed,Gift Card,59.91
ORD102826,2024-03-18,CUST1210,Nina Garcia,East,Toys,Puzzle 1000pc,1,59.92 ,Completed,Gift Card,59.92
ORD101174,2024-12-09,CUST1662,Siti Lee,Midwest,Toys,Action Figure,1,59.93 ,Completed,Gift Card,59.93
ORD102398,2023-03-04,CUST1257,Sarah Taylor,East,Toys,RC Car,1,59.93 ,Completed,Credit Card,59.93
ORD100810,2023-06-10,CUST1624,Budi Smith,East,Clothing,Winter Jacket,2,59.98 ,Completed,Gift Card,119.96
ORD103889,2023-08-16,CUST1316,Michael Wilson,South,Sports & Outdoors,Camping Tent,1,59.99 ,Completed,Gift Card,59.99
ORD102030,2023-08-25,CUST1584,John Garcia,East,Clothing,Winter Jacket,2,60.01 ,Completed,Gift Card,120.02
ORD103367,2023-02-20,CUST1456,Kevin Nugroho,East,Sports & Outdoors,Jump Rope,1,60.06 ,Completed,Gift Card,60.06
ORD101685,2023-11-24,CUST1037,Lisa Garcia,East,Electronics,Laptop Stand,1,60.07 ,Completed,PayPal,60.07
ORD102079,2024-06-02,CUST1781,Andi Yusuf,Midwest,Sports & Outdoors,Jump Rope,1,60.13 ,Completed,PayPal,60.13
ORD103445,2024-03-05,CUST1822,Ayu Wilson,East,Clothing,Running Shorts,2,60.13 ,Completed,Debit Card,120.26
ORD102207,2023-07-10,CUST1472,Andi Halim,Midwest,Sports & Outdoors,Hiking Backpack,1,60.25 ,Completed,Debit Card,60.25
ORD100687,2024-06-13,CUST1640,Siti Smith,East,Sports & Outdoors,Yoga Mat,2,60.28 ,Completed,Credit Card,120.56
ORD101001,2023-04-20,CUST1741,Siti Wilson,East,Sports & Outdoors,Yoga Mat,2,60.30 ,Cancelled,Unknown,120.60
ORD100737,2023-08-26,CUST1463,Linda Brown,East,Clothing,Winter Jacket,2,60.31 ,Completed,Gift Card,120.62
ORD102368,2024-08-03,CUST1056,Rina Smith,East,Home & Kitchen,Storage Containers,2,60.33 ,Completed,Credit Card,120.66
ORD102324,2024-06-21,CUST1461,Dewi Brown,East,Clothing,Wool Socks,2,60.34 ,Completed,Gift Card,120.68
ORD100098,2024-08-23,CUST1827,Putri Garcia,East,Clothing,Winter Jacket,1,60.40 ,Completed,Credit Card,60.40
ORD103216,2023-02-22,CUST1322,Ahmad Wijaya,Midwest,Sports & Outdoors,Water Bottle,1,60.51 ,Completed,Credit Card,60.51
ORD102126,2024-04-18,CUST1843,Siti Hidayat,East,Home & Kitchen,Throw Pillow,2,60.53 ,Completed,Debit Card,121.06
ORD100838,2023-05-01,CUST1219,Linda Yusuf,East,Sports & Outdoors,Hiking Backpack,2,60.55 ,Completed,Debit Card,121.10
ORD101053,2024-09-25,CUST1302,Dewi Taylor,Midwest,Sports & Outdoors,Yoga Mat,2,60.61 ,Completed,Credit Card,121.22
ORD102449,2023-10-04,CUST1345,Michael Santos,East,Sports & Outdoors,Resistance Bands,1,60.62 ,Completed,PayPal,60.62
ORD102242,2024-03-02,CUST1002,Sarah Kurniawan,East,Sports & Outdoors,Jump Rope,1,60.64 ,Completed,Debit Card,60.64
ORD100833,2024-09-09,CUST1487,Andi Lee,East,Sports & Outdoors,Camping Tent,1,60.65 ,Completed,Unknown,60.65
ORD102990,2024-12-03,CUST1341,Fajar Wijaya,East,Electronics,Laptop Stand,1,60.70 ,Completed,Gift Card,60.70
ORD100489,2023-08-01,CUST1506,Lisa Wilson,Midwest,Sports & Outdoors,Resistance Bands,2,60.72 ,Completed,PayPal,121.44
ORD101931,2024-08-06,CUST1783,Ayu Taylor,East,Home & Kitchen,LED Desk Lamp,3,60.78 ,Completed,Credit Card,182.34
ORD102934,2024-08-17,CUST1779,Andi Yusuf,East,Clothing,Cotton T-Shirt,1,60.82 ,Completed,Credit Card,60.82
ORD102405,2023-01-12,CUST1126,Ahmad Garcia,East,Clothing,Cotton T-Shirt,1,60.85 ,Completed,PayPal,60.85
ORD100091,2023-05-04,CUST1696,David Hidayat,East,Sports & Outdoors,Yoga Mat,4,60.85 ,Pending,Gift Card,243.40
ORD100249,2023-04-20,CUST1855,James Brown,East,Clothing,Denim Jeans,1,60.96 ,Completed,Credit Card,60.96
ORD101149,2024-07-21,CUST1192,Lisa Kurniawan,East,Clothing,Cotton T-Shirt,2,60.99 ,Completed,Gift Card,121.98
ORD100354,2024-03-02,CUST1895,Michael Johnson,East,Clothing,Winter Jacket,1,61.02 ,Pending,PayPal,61.02
ORD100531,2024-09-10,CUST1779,Andi Yusuf,East,Home & Kitchen,Cutting Board,2,61.05 ,Completed,Debit Card,122.10
ORD103711,2024-05-14,CUST1853,Robert Smith,East,Sports & Outdoors,Camping Tent,1,61.08 ,Returned,PayPal,61.08
ORD100988,2023-06-15,CUST1251,Nina Salim,East,Sports & Outdoors,Water Bottle,2,61.09 ,Completed,Credit Card,122.18
ORD100718,2023-11-27,CUST1505,Michael Anderson,South,Home & Kitchen,Coffee Maker,2,61.20 ,Completed,PayPal,122.40
ORD103675,2023-05-16,CUST1223,Michael Halim,East,Home & Kitchen,Cutting Board,1,61.21 ,Completed,Gift Card,61.21
ORD100734,2023-03-20,CUST1410,Fajar Hidayat,Midwest,Clothing,Baseball Cap,2,61.26 ,Completed,Gift Card,122.52
ORD104000,2024-02-12,CUST1580,Linda Tan,Midwest,Electronics,Webcam,2,61.31 ,Completed,Credit Card,122.62
ORD102144,2024-08-25,CUST1664,Dewi Nugroho,Midwest,Clothing,Wool Socks,2,61.31 ,Completed,Credit Card,122.62
ORD103687,2024-01-16,CUST1856,Siti Brown,East,Sports & Outdoors,Camping Tent,2,61.32 ,Completed,Credit Card,122.64
ORD102279,2024-09-01,CUST1895,Michael Johnson,East,Clothing,Hoodie,1,61.37 ,Completed,Credit Card,61.37
ORD100564,2024-12-20,CUST1631,Lisa Tan,East,Clothing,Baseball Cap,1,61.42 ,Completed,Debit Card,61.42
ORD102205,2023-04-01,CUST1027,Budi Smith,East,Home & Kitchen,Throw Pillow,1,61.44 ,Completed,PayPal,61.44
ORD103825,2023-10-30,CUST1136,Budi Hidayat,East,Sports & Outdoors,Jump Rope,1,61.44 ,Completed,PayPal,61.44
ORD102078,2023-04-25,CUST1641,Rina Nugroho,Midwest,Sports & Outdoors,Resistance Bands,1,61.47 ,Returned,Gift Card,61.47
ORD102197,2023-03-14,CUST1671,John Taylor,South,Sports & Outdoors,Camping Tent,2,61.48 ,Pending,Gift Card,122.96
ORD100391,2024-10-01,CUST1048,Andi Kurniawan,East,Home & Kitchen,Storage Containers,1,61.57 ,Completed,Credit Card,61.57
ORD100597,2023-05-29,CUST1834,Andi Nugroho,East,Electronics,Bluetooth Speaker,2,61.65 ,Completed,PayPal,123.30
ORD102888,2024-09-02,CUST1290,Lisa Nugroho,East,Home & Kitchen,LED Desk Lamp,1,61.68 ,Completed,Debit Card,61.68
ORD103729,2024-01-30,CUST1149,Sarah Yusuf,Midwest,Electronics,Wireless Earbuds,1,61.79 ,Returned,Debit Card,61.79
ORD101658,2024-10-29,CUST1318,David Smith,South,Electronics,Power Bank,1,61.83 ,Returned,Credit Card,61.83
ORD101638,2023-12-29,CUST1305,Linda Nugroho,East,Home & Kitchen,Coffee Maker,1,61.86 ,Completed,Gift Card,61.86
ORD102940,2023-06-23,CUST1713,Dewi Taylor,East,Sports & Outdoors,Resistance Bands,1,61.90 ,Completed,Debit Card,61.90
ORD103557,2023-11-15,CUST1593,Sarah Taylor,East,Sports & Outdoors,Camping Tent,1,61.96 ,Returned,Debit Card,61.96
ORD103443,2023-02-13,CUST1619,Andi Smith,Midwest,Home & Kitchen,Throw Pillow,4,61.99 ,Completed,Gift Card,247.96
ORD101036,2023-09-13,CUST1604,John Wilson,Midwest,Sports & Outdoors,Hiking Backpack,1,62.08 ,Completed,Credit Card,62.08
ORD103751,2024-11-01,CUST1776,Ahmad Smith,East,Sports & Outdoors,Resistance Bands,2,62.08 ,Completed,Gift Card,124.16
ORD100474,2023-09-02,CUST1860,Rina Nugroho,East,Home & Kitchen,Non-Stick Pan,2,62.11 ,Returned,Credit Card,124.22
ORD103647,2023-08-07,CUST1751,Sarah Brown,East,Home & Kitchen,Non-Stick Pan,1,62.15 ,Completed,PayPal,62.15
ORD103290,2023-04-15,CUST1143,Linda Wijaya,East,Sports & Outdoors,Camping Tent,5,62.15 ,Cancelled,PayPal,310.75
ORD102017,2023-11-04,CUST1558,Sarah Wilson,East,Clothing,Wool Socks,3,62.25 ,Completed,Gift Card,186.75
ORD102071,2023-01-28,CUST1406,Ahmad Wilson,East,Clothing,Cotton T-Shirt,1,62.28 ,Pending,Gift Card,62.28
ORD102294,2024-09-11,CUST1806,Ahmad Hidayat,East,Clothing,Denim Jeans,1,62.58 ,Completed,Gift Card,62.58
ORD100773,2023-05-12,CUST1883,Unknown Customer,South,Sports & Outdoors,Yoga Mat,1,62.60 ,Completed,Gift Card,62.60
ORD103018,2024-06-14,CUST1778,Kevin Wilson,East,Sports & Outdoors,Resistance Bands,1,62.61 ,Completed,Gift Card,62.61
ORD101169,2023-07-06,CUST1720,Rina Salim,East,Clothing,Cotton T-Shirt,1,62.67 ,Completed,Debit Card,62.67
ORD100659,2023-03-20,CUST1438,John Smith,Midwest,Home & Kitchen,Coffee Maker,5,62.70 ,Completed,Credit Card,313.50
ORD103824,2024-07-22,CUST1524,Robert Smith,West,Clothing,Denim Jeans,4,62.83 ,Completed,Debit Card,251.32
ORD101549,2024-02-16,CUST1400,James Yusuf,East,Clothing,Denim Jeans,1,62.90 ,Completed,Credit Card,62.90
ORD102491,2023-10-11,CUST1758,John Tan,Midwest,Electronics,Wireless Mouse,1,62.90 ,Completed,Debit Card,62.90
ORD103228,2024-08-08,CUST1541,Linda Johnson,Midwest,Clothing,Running Shorts,2,62.91 ,Completed,Credit Card,125.82
ORD103271,2023-01-22,CUST1745,Ahmad Halim,East,Home & Kitchen,Throw Pillow,1,62.92 ,Completed,PayPal,62.92
ORD103567,2024-12-26,CUST1640,Unknown Customer,East,Clothing,Denim Jeans,1,62.93 ,Completed,Gift Card,62.93
ORD102832,2023-07-07,CUST1395,Lisa Kurniawan,South,Home & Kitchen,LED Desk Lamp,2,63.00 ,Completed,Credit Card,126.00
ORD100996,2023-06-07,CUST1776,Ahmad Smith,East,Sports & Outdoors,Camping Tent,3,63.04 ,Returned,Gift Card,189.12
ORD102999,2024-08-27,CUST1613,Andi Garcia,East,Electronics,Power Bank,1,63.09 ,Completed,Credit Card,63.09
ORD101483,2024-05-02,CUST1150,Ayu Wijaya,East,Electronics,Laptop Stand,1,63.17 ,Completed,Gift Card,63.17
ORD101103,2023-01-24,CUST1393,Putri Johnson,East,Electronics,Smartphone Case,1,63.23 ,Completed,Debit Card,63.23
ORD103510,2024-07-16,CUST1644,Andi Salim,East,Clothing,Hoodie,4,63.24 ,Completed,Credit Card,252.96
ORD101151,2024-10-22,CUST1017,Michael Lee,South,Home & Kitchen,Blender,4,63.44 ,Completed,Debit Card,253.76
ORD101140,2023-07-01,CUST1482,Sarah Johnson,East,Sports & Outdoors,Hiking Backpack,1,63.46 ,Completed,Debit Card,63.46
ORD100546,2024-10-28,CUST1298,Dewi Anderson,East,Clothing,Denim Jeans,1,63.46 ,Completed,Credit Card,63.46
ORD101288,2023-10-05,CUST1826,Maria Halim,East,Electronics,Webcam,3,63.47 ,Completed,Unknown,190.41
ORD101597,2024-02-10,CUST1832,Rina Pratama,South,Electronics,Webcam,1,63.49 ,Completed,Gift Card,63.49
ORD103953,2024-04-21,CUST1292,Budi Halim,East,Sports & Outdoors,Hiking Backpack,1,63.54 ,Cancelled,Credit Card,63.54
ORD101563,2023-01-10,CUST1159,Unknown Customer,East,Clothing,Running Shorts,2,63.58 ,Completed,Debit Card,127.16
ORD102327,2024-12-26,CUST1780,Lisa Wijaya,East,Sports & Outdoors,Water Bottle,4,63.62 ,Completed,PayPal,254.48
ORD100407,2023-01-24,CUST1186,Andi Anderson,South,Sports & Outdoors,Camping Tent,3,63.72 ,Returned,PayPal,191.16
ORD100729,2024-02-26,CUST1418,Fajar Halim,East,Electronics,Laptop Stand,1,63.76 ,Completed,Gift Card,63.76
ORD103899,2023-04-19,CUST1895,Michael Johnson,East,Sports & Outdoors,Resistance Bands,2,63.86 ,Cancelled,Credit Card,127.72
ORD100759,2023-11-14,CUST1252,Ayu Brown,East,Home & Kitchen,Throw Pillow,1,63.92 ,Completed,Debit Card,63.92
ORD100216,2024-09-12,CUST1356,Ahmad Tan,East,Home & Kitchen,Throw Pillow,1,63.92 ,Pending,Gift Card,63.92
ORD101914,2023-09-23,CUST1838,Budi Chen,Midwest,Home & Kitchen,Throw Pillow,1,63.92 ,Completed,PayPal,63.92
ORD101021,2023-06-15,CUST1673,Ahmad Smith,East,Home & Kitchen,LED Desk Lamp,4,63.94 ,Returned,PayPal,255.76
ORD101598,2023-01-12,CUST1439,Maria Johnson,East,Home & Kitchen,Throw Pillow,1,63.99 ,Cancelled,Credit Card,63.99
ORD102972,2024-07-02,CUST1473,Maria Pratama,East,Sports & Outdoors,Hiking Backpack,3,64.06 ,Completed,Debit Card,192.18
ORD100461,2023-09-10,CUST1648,James Wijaya,East,Clothing,Cotton T-Shirt,2,64.09 ,Completed,PayPal,128.18
ORD103427,2023-08-31,CUST1619,Andi Smith,Midwest,Sports & Outdoors,Resistance Bands,1,64.10 ,Completed,Debit Card,64.10
ORD103582,2023-03-07,CUST1376,Nina Yusuf,Midwest,Sports & Outdoors,Resistance Bands,2,64.12 ,Completed,PayPal,128.24
ORD102995,2023-12-19,CUST1703,Budi Wilson,East,Sports & Outdoors,Water Bottle,1,64.15 ,Completed,Gift Card,64.15
ORD102571,2024-11-30,CUST1398,Nina Kurniawan,East,Sports & Outdoors,Camping Tent,1,64.16 ,Completed,Unknown,64.16
ORD101802,2024-07-17,CUST1087,Linda Tan,East,Sports & Outdoors,Resistance Bands,2,64.17 ,Returned,Credit Card,128.34
ORD103466,2024-11-03,CUST1038,Linda Nugroho,East,Home & Kitchen,Storage Containers,1,64.17 ,Completed,PayPal,64.17
ORD100606,2023-09-03,CUST1079,Siti Sari,East,Home & Kitchen,Storage Containers,4,64.17 ,Completed,Credit Card,256.69
ORD102721,2023-09-12,CUST1496,John Smith,East,Home & Kitchen,Storage Containers,4,64.17 ,Returned,Debit Card,256.69
ORD103479,2023-03-04,CUST1388,Rina Tan,East,Clothing,Wool Socks,2,64.19 ,Completed,PayPal,128.38
ORD102979,2024-12-30,CUST1647,Nina Nugroho,Midwest,Clothing,Hoodie,1,64.21 ,Completed,PayPal,64.21
ORD102456,2024-07-27,CUST1126,Ahmad Garcia,East,Home & Kitchen,Non-Stick Pan,1,64.21 ,Completed,Credit Card,64.21
ORD103720,2024-03-10,CUST1655,John Tan,East,Clothing,Hoodie,4,64.23 ,Completed,Gift Card,256.92
ORD103174,2024-04-01,CUST1562,Robert Tan,East,Home & Kitchen,Storage Containers,1,64.25 ,Completed,PayPal,64.25
ORD101429,2024-01-27,CUST1636,Michael Santos,East,Electronics,Wireless Earbuds,2,64.28 ,Completed,Credit Card,128.56
ORD102472,2023-05-26,CUST1257,Sarah Taylor,East,Electronics,Wireless Mouse,2,64.32 ,Completed,Debit Card,128.64
ORD101454,2023-10-29,CUST1227,David Wijaya,East,Home & Kitchen,Cutting Board,1,64.44 ,Completed,Credit Card,64.44
ORD103617,2023-11-13,CUST1312,Linda Wijaya,Midwest,Sports & Outdoors,Jump Rope,4,64.48 ,Completed,Debit Card,257.92
ORD102292,2023-02-19,CUST1095,Sarah Smith,East,Clothing,Cotton T-Shirt,1,64.54 ,Cancelled,Credit Card,64.54
ORD103355,2024-05-11,CUST1251,Nina Salim,East,Clothing,Running Shorts,1,64.54 ,Returned,Credit Card,64.54
ORD100138,2023-11-25,CUST1889,James Sari,Midwest,Clothing,Denim Jeans,1,64.57 ,Completed,Unknown,64.57
ORD103533,2024-02-27,CUST1894,Putri Anderson,East,Home & Kitchen,Blender,1,64.62 ,Completed,Gift Card,64.62
ORD102052,2024-11-04,CUST1837,Dewi Johnson,East,Home & Kitchen,Blender,1,64.62 ,Completed,Debit Card,64.62
ORD100360,2023-01-26,CUST1041,Michael Wijaya,East,Clothing,Wool Socks,3,64.63 ,Completed,PayPal,193.89
ORD102142,2024-10-20,CUST1106,Lisa Kurniawan,East,Sports & Outdoors,Hiking Backpack,1,64.69 ,Returned,Unknown,64.69
ORD100630,2024-10-13,CUST1659,Kevin Hidayat,Midwest,Sports & Outdoors,Yoga Mat,1,64.78 ,Completed,PayPal,64.78
ORD103123,2024-10-16,CUST1298,Dewi Anderson,East,Home & Kitchen,Throw Pillow,1,65.05 ,Completed,Gift Card,65.05
ORD101050,2023-09-14,CUST1348,Putri Nugroho,East,Clothing,Winter Jacket,4,65.17 ,Completed,PayPal,260.68
ORD101872,2024-09-19,CUST1066,Michael Lee,Midwest,Home & Kitchen,Cutting Board,1,65.24 ,Completed,Debit Card,65.24
ORD101368,2023-04-18,CUST1786,Siti Brown,South,Sports & Outdoors,Water Bottle,3,65.25 ,Completed,Debit Card,195.75
ORD101610,2024-12-04,CUST1471,James Anderson,East,Sports & Outdoors,Hiking Backpack,1,65.34 ,Completed,PayPal,65.34
ORD101315,2023-07-27,CUST1430,Maria Garcia,Midwest,Home & Kitchen,Non-Stick Pan,1,65.37 ,Completed,Credit Card,65.37
ORD103210,2024-10-17,CUST1004,Ahmad Yusuf,South,Clothing,Hoodie,2,65.37 ,Completed,Credit Card,130.74
ORD100747,2024-08-12,CUST1104,Sarah Tan,East,Clothing,Baseball Cap,4,65.39 ,Completed,Debit Card,261.56
ORD101267,2024-03-31,CUST1473,Maria Pratama,East,Sports & Outdoors,Yoga Mat,1,65.40 ,Completed,Debit Card,65.40
ORD103385,2024-05-05,CUST1152,Dewi Yusuf,Midwest,Sports & Outdoors,Camping Tent,1,65.49 ,Completed,Gift Card,65.49
ORD100769,2024-12-24,CUST1217,Michael Santos,East,Sports & Outdoors,Jump Rope,2,65.51 ,Completed,Credit Card,131.02
ORD102445,2024-09-29,CUST1236,Michael Wilson,East,Home & Kitchen,LED Desk Lamp,3,65.52 ,Completed,PayPal,196.56
ORD100608,2024-05-02,CUST1289,Dewi Brown,East,Sports & Outdoors,Hiking Backpack,1,65.54 ,Completed,PayPal,65.54
ORD102330,2023-09-25,CUST1817,Ahmad Hidayat,East,Sports & Outdoors,Resistance Bands,2,65.72 ,Completed,Credit Card,131.44
ORD101428,2023-07-09,CUST1382,David Hidayat,East,Electronics,Wireless Mouse,4,65.72 ,Completed,Debit Card,262.88
ORD100157,2024-03-06,CUST1718,Dewi Lee,East,Clothing,Denim Jeans,4,65.76 ,Completed,Debit Card,263.04
ORD103972,2023-12-18,CUST1029,Nina Smith,Midwest,Sports & Outdoors,Hiking Backpack,2,65.80 ,Completed,PayPal,131.60
ORD103212,2023-04-03,CUST1031,Robert Tan,East,Home & Kitchen,Non-Stick Pan,1,65.82 ,Completed,Gift Card,65.82
ORD100577,2023-02-23,CUST1327,Rina Lee,East,Electronics,Smartphone Case,4,65.85 ,Completed,Debit Card,263.40
ORD103098,2023-02-27,CUST1541,Linda Johnson,Midwest,Sports & Outdoors,Resistance Bands,2,65.94 ,Completed,Debit Card,131.88
ORD100544,2024-03-08,CUST1868,Nina Lee,Midwest,Clothing,Cotton T-Shirt,1,65.98 ,Completed,Debit Card,65.98
ORD101615,2024-05-21,CUST1285,John Kurniawan,Midwest,Home & Kitchen,Non-Stick Pan,5,65.98 ,Completed,PayPal,329.90
ORD100579,2023-04-19,CUST1665,Sarah Halim,East,Home & Kitchen,Non-Stick Pan,4,66.06 ,Completed,Credit Card,264.24
ORD102407,2023-12-26,CUST1089,Dewi Pratama,Midwest,Clothing,Running Shorts,4,66.06 ,Completed,Credit Card,264.24
ORD100611,2024-03-08,CUST1244,Nina Pratama,East,Clothing,Winter Jacket,1,66.07 ,Completed,Gift Card,66.07
ORD102143,2023-11-13,CUST1057,Maria Lee,Midwest,Clothing,Winter Jacket,1,66.10 ,Completed,Gift Card,66.10
ORD101695,2024-05-20,CUST1255,Budi Kurniawan,East,Clothing,Hoodie,2,66.21 ,Returned,PayPal,132.42
ORD103505,2023-01-29,CUST1616,Putri Wijaya,Midwest,Sports & Outdoors,Camping Tent,1,66.23 ,Completed,Gift Card,66.23
ORD102439,2023-07-24,CUST1427,James Halim,Midwest,Clothing,Winter Jacket,1,66.30 ,Completed,Gift Card,66.30
ORD102169,2023-12-09,CUST1630,John Kurniawan,East,Sports & Outdoors,Jump Rope,1,66.33 ,Cancelled,Debit Card,66.33
ORD100392,2024-05-31,CUST1437,John Tan,East,Clothing,Hoodie,4,66.36 ,Completed,Gift Card,265.44
ORD102462,2024-04-18,CUST1074,John Sari,Midwest,Electronics,Wireless Mouse,2,66.39 ,Completed,PayPal,132.78
ORD100194,2023-10-11,CUST1320,Lisa Wijaya,West,Clothing,Baseball Cap,4,66.42 ,Cancelled,PayPal,265.68
ORD101828,2024-11-24,CUST1343,Dewi Sari,East,Electronics,Laptop Stand,1,66.45 ,Completed,Gift Card,66.45
ORD101160,2024-03-10,CUST1464,Dewi Taylor,East,Electronics,Smartphone Case,2,66.45 ,Returned,Debit Card,132.90
ORD100374,2024-11-14,CUST1121,David Nugroho,East,Home & Kitchen,Coffee Maker,1,66.52 ,Completed,Credit Card,66.52
ORD101134,2023-02-10,CUST1438,John Smith,Midwest,Home & Kitchen,Coffee Maker,1,66.54 ,Completed,Debit Card,66.54
ORD102073,2024-04-23,CUST1605,Andi Sari,East,Home & Kitchen,Storage Containers,2,66.54 ,Completed,PayPal,133.08
ORD101129,2023-11-21,CUST1537,Putri Sari,Midwest,Electronics,USB-C Cable,1,66.56 ,Completed,Debit Card,66.56
ORD103770,2023-10-14,CUST1185,David Johnson,Midwest,Clothing,Cotton T-Shirt,2,66.59 ,Completed,PayPal,133.18
ORD100548,2024-12-09,CUST1500,Nina Hidayat,Midwest,Home & Kitchen,LED Desk Lamp,1,66.62 ,Pending,Credit Card,66.62
ORD102335,2023-05-14,CUST1818,Siti Salim,East,Home & Kitchen,Non-Stick Pan,1,66.63 ,Completed,Credit Card,66.63
ORD103386,2024-12-16,CUST1038,Linda Nugroho,East,Home & Kitchen,Coffee Maker,4,66.78 ,Cancelled,PayPal,267.12
ORD102533,2023-05-30,CUST1678,Lisa Brown,Midwest,Home & Kitchen,Coffee Maker,1,66.84 ,Completed,Gift Card,66.84
ORD102399,2024-08-08,CUST1051,Lisa Tan,East,Clothing,Hoodie,3,66.87 ,Pending,Debit Card,200.61
ORD103317,2023-05-23,CUST1353,Andi Halim,East,Electronics,Wireless Earbuds,1,66.92 ,Completed,Debit Card,66.92
ORD101799,2024-10-25,CUST1620,Budi Chen,East,Clothing,Running Shorts,2,67.02 ,Completed,Credit Card,134.04
ORD102505,2023-07-19,CUST1318,David Smith,South,Electronics,Smartphone Case,2,67.06 ,Completed,Debit Card,134.12
ORD103313,2024-07-07,CUST1430,Maria Garcia,Midwest,Clothing,Winter Jacket,1,67.14 ,Cancelled,Gift Card,67.14
ORD103059,2023-08-10,CUST1138,Unknown Customer,East,Sports & Outdoors,Yoga Mat,1,67.16 ,Completed,Credit Card,67.16
ORD102938,2023-04-07,CUST1480,Rina Lee,Midwest,Clothing,Running Shorts,2,67.18 ,Completed,Debit Card,134.36
ORD100023,2023-02-22,CUST1644,Andi Salim,East,Electronics,Wireless Mouse,2,67.21 ,Completed,PayPal,134.42
ORD103574,2024-06-16,CUST1735,Maria Halim,East,Sports & Outdoors,Water Bottle,1,67.28 ,Completed,Gift Card,67.28
ORD100273,2023-07-12,CUST1421,Ayu Lee,East,Home & Kitchen,Cutting Board,1,67.37 ,Completed,PayPal,67.37
ORD101603,2024-02-20,CUST1865,Ayu Salim,East,Home & Kitchen,Throw Pillow,2,67.37 ,Completed,PayPal,134.74
ORD100540,2024-08-13,CUST1586,Putri Smith,Midwest,Home & Kitchen,Non-Stick Pan,1,67.38 ,Completed,Debit Card,67.38
ORD102185,2024-06-01,CUST1387,Budi Pratama,East,Electronics,USB-C Cable,1,67.44 ,Pending,Unknown,67.44
ORD102364,2024-01-06,CUST1350,Linda Salim,East,Clothing,Running Shorts,1,67.45 ,Completed,Credit Card,67.45
ORD102356,2023-01-30,CUST1187,Dewi Anderson,Midwest,Sports & Outdoors,Yoga Mat,4,67.52 ,Completed,Gift Card,270.08
ORD101401,2023-10-22,CUST1167,Putri Hidayat,East,Electronics,Bluetooth Speaker,1,67.60 ,Completed,Debit Card,67.60
ORD102080,2024-05-05,CUST1878,Ayu Sari,East,Home & Kitchen,LED Desk Lamp,1,67.60 ,Completed,Gift Card,67.60
ORD100886,2023-08-19,CUST1400,James Yusuf,East,Sports & Outdoors,Water Bottle,1,67.63 ,Completed,PayPal,67.63
ORD102977,2024-06-06,CUST1370,Unknown Customer,East,Home & Kitchen,Cutting Board,1,67.73 ,Completed,Debit Card,67.73
ORD100683,2023-03-16,CUST1065,Unknown Customer,East,Electronics,Power Bank,1,67.77 ,Completed,Debit Card,67.77
ORD102183,2023-04-04,CUST1248,Andi Pratama,East,Electronics,USB-C Cable,4,67.82 ,Completed,PayPal,271.28
ORD101239,2024-02-03,CUST1246,Ayu Brown,East,Electronics,Smartphone Case,3,67.85 ,Returned,Debit Card,203.55
ORD102108,2024-12-23,CUST1039,Robert Tan,East,Clothing,Wool Socks,2,67.89 ,Returned,Debit Card,135.78
ORD102948,2023-08-20,CUST1678,Lisa Brown,Midwest,Home & Kitchen,Storage Containers,1,67.95 ,Returned,Credit Card,67.95
ORD100973,2024-06-07,CUST1831,Sarah Hidayat,East,Home & Kitchen,Cutting Board,1,67.97 ,Completed,PayPal,67.97
ORD103498,2024-10-11,CUST1858,Maria Hidayat,East,Electronics,Wireless Mouse,3,68.02 ,Completed,Unknown,204.06
ORD102989,2024-02-04,CUST1365,David Chen,Midwest,Home & Kitchen,LED Desk Lamp,1,68.05 ,Returned,Gift Card,68.05
ORD101059,2023-09-25,CUST1085,John Kurniawan,East,Home & Kitchen,Storage Containers,5,68.18 ,Completed,PayPal,340.90
ORD103680,2023-01-15,CUST1142,Kevin Salim,East,Sports & Outdoors,Camping Tent,1,68.23 ,Completed,Debit Card,68.23
ORD103233,2024-06-05,CUST1705,Michael Johnson,Midwest,Electronics,Wireless Earbuds,1,68.24 ,Completed,Gift Card,68.24
ORD103388,2024-04-10,CUST1881,Unknown Customer,East,Clothing,Denim Jeans,1,68.38 ,Completed,Unknown,68.38
ORD100714,2024-03-04,CUST1184,Michael Kurniawan,East,Sports & Outdoors,Yoga Mat,3,68.40 ,Completed,Gift Card,205.20
ORD101584,2023-03-22,CUST1711,Maria Smith,East,Clothing,Wool Socks,1,68.51 ,Completed,Gift Card,68.51
ORD103336,2023-07-30,CUST1137,Budi Wijaya,East,Sports & Outdoors,Jump Rope,1,68.55 ,Completed,Debit Card,68.55
ORD100435,2023-05-13,CUST1636,Michael Santos,East,Clothing,Hoodie,2,68.67 ,Completed,PayPal,137.34
ORD101329,2023-05-20,CUST1028,Maria Garcia,Midwest,Clothing,Wool Socks,4,68.67 ,Completed,PayPal,274.68
ORD103343,2023-12-09,CUST1383,David Garcia,East,Sports & Outdoors,Hiking Backpack,5,68.67 ,Completed,Debit Card,343.35
ORD102702,2023-08-06,CUST1546,John Garcia,East,Electronics,Wireless Earbuds,1,68.68 ,Pending,PayPal,68.68
ORD103581,2023-06-14,CUST1120,Dewi Johnson,Midwest,Clothing,Running Shorts,2,68.72 ,Completed,PayPal,137.44
ORD103730,2024-03-29,CUST1096,Michael Santos,Midwest,Electronics,Power Bank,1,68.76 ,Pending,Debit Card,68.76
ORD102420,2024-01-30,CUST1511,Maria Brown,Midwest,Electronics,Power Bank,1,68.78 ,Completed,Debit Card,68.78
ORD100246,2023-11-28,CUST1501,Fajar Yusuf,East,Clothing,Winter Jacket,1,68.79 ,Completed,Debit Card,68.79
ORD102789,2023-07-22,CUST1342,Putri Anderson,East,Clothing,Cotton T-Shirt,1,68.90 ,Completed,Debit Card,68.90
ORD101857,2023-08-05,CUST1104,Sarah Tan,East,Electronics,Webcam,1,68.92 ,Completed,Debit Card,68.92
ORD100871,2024-03-27,CUST1353,Andi Halim,East,Electronics,Smartphone Case,1,68.96 ,Completed,PayPal,68.96
ORD103423,2024-11-24,CUST1602,Siti Lee,Midwest,Clothing,Hoodie,1,69.01 ,Completed,Gift Card,69.01
ORD102958,2023-09-28,CUST1238,John Pratama,East,Home & Kitchen,Blender,1,69.03 ,Completed,Credit Card,69.03
ORD101506,2024-04-08,CUST1060,Ahmad Wilson,East,Clothing,Baseball Cap,2,69.11 ,Completed,Debit Card,138.22
ORD101926,2024-01-03,CUST1851,Robert Salim,East,Clothing,Hoodie,2,69.14 ,Cancelled,Gift Card,138.28
ORD102081,2024-09-15,CUST1590,Putri Tan,East,Clothing,Baseball Cap,2,69.17 ,Completed,Credit Card,138.34
ORD103991,2023-11-10,CUST1664,Dewi Nugroho,Midwest,Electronics,Laptop Stand,1,69.18 ,Completed,Credit Card,69.18
ORD100875,2023-03-26,CUST1641,Rina Nugroho,Midwest,Sports & Outdoors,Camping Tent,1,69.37 ,Completed,Gift Card,69.37
ORD102375,2023-11-04,CUST1679,Siti Halim,East,Clothing,Running Shorts,3,69.49 ,Completed,Gift Card,208.47
ORD102987,2024-01-09,CUST1824,Linda Chen,East,Sports & Outdoors,Camping Tent,2,69.51 ,Pending,Credit Card,139.02
ORD102668,2024-05-22,CUST1173,John Tan,East,Home & Kitchen,Throw Pillow,2,69.53 ,Completed,Debit Card,139.06
ORD100185,2023-08-04,CUST1084,Ahmad Anderson,East,Electronics,Smartphone Case,3,69.56 ,Completed,PayPal,208.68
ORD100918,2023-08-10,CUST1622,Michael Garcia,East,Home & Kitchen,Non-Stick Pan,1,69.63 ,Completed,Credit Card,69.63
ORD102997,2024-08-10,CUST1491,Rina Taylor,East,Home & Kitchen,Non-Stick Pan,2,69.64 ,Cancelled,PayPal,139.28
ORD103417,2023-08-16,CUST1148,Siti Yusuf,East,Home & Kitchen,Coffee Maker,1,69.67 ,Completed,PayPal,69.67
ORD102024,2023-01-12,CUST1264,Siti Halim,East,Sports & Outdoors,Resistance Bands,1,69.73 ,Completed,Debit Card,69.73
ORD100379,2024-11-26,CUST1875,Fajar Garcia,East,Sports & Outdoors,Water Bottle,1,69.78 ,Completed,Credit Card,69.78
ORD102843,2023-12-26,CUST1627,Sarah Brown,East,Sports & Outdoors,Yoga Mat,1,69.78 ,Completed,Gift Card,69.78
ORD102645,2024-03-11,CUST1543,Ayu Wilson,East,Home & Kitchen,Throw Pillow,1,69.79 ,Completed,Gift Card,69.79
ORD103595,2024-01-11,CUST1275,Andi Johnson,East,Electronics,Wireless Earbuds,5,69.80 ,Completed,PayPal,349.00
ORD100411,2024-12-04,CUST1480,Rina Lee,Midwest,Clothing,Baseball Cap,1,69.85 ,Completed,Gift Card,69.85
ORD100019,2024-08-06,CUST1412,Siti Anderson,East,Home & Kitchen,Coffee Maker,1,69.87 ,Completed,Debit Card,69.87
ORD101261,2024-10-10,CUST1342,Putri Anderson,East,Home & Kitchen,Coffee Maker,1,69.87 ,Completed,Credit Card,69.87
ORD100860,2023-05-29,CUST1224,Ayu Salim,South,Clothing,Denim Jeans,2,69.91 ,Completed,Unknown,139.82
ORD101687,2024-11-10,CUST1386,Lisa Johnson,East,Clothing,Wool Socks,1,69.93 ,Completed,Credit Card,69.93
ORD100840,2024-04-08,CUST1302,Dewi Taylor,Midwest,Clothing,Baseball Cap,2,69.99 ,Completed,Credit Card,139.98
ORD103500,2023-03-05,CUST1468,Michael Tan,East,Clothing,Running Shorts,1,70.03 ,Returned,Credit Card,70.03
ORD102046,2024-06-16,CUST1546,John Garcia,East,Clothing,Cotton T-Shirt,1,70.03 ,Completed,Debit Card,70.03
ORD102025,2023-06-11,CUST1754,Kevin Salim,Midwest,Home & Kitchen,Cutting Board,4,70.03 ,Completed,PayPal,280.12
ORD103506,2023-03-22,CUST1033,Linda Sari,East,Sports & Outdoors,Yoga Mat,1,70.12 ,Completed,Credit Card,70.12
ORD101849,2023-06-30,CUST1309,Unknown Customer,South,Home & Kitchen,Throw Pillow,1,70.12 ,Completed,PayPal,70.12
ORD101365,2024-07-20,CUST1542,Linda Smith,East,Clothing,Winter Jacket,1,70.13 ,Completed,Gift Card,70.13
ORD100904,2023-02-06,CUST1389,Fajar Salim,East,Clothing,Running Shorts,3,70.15 ,Completed,Debit Card,210.45
ORD102057,2024-04-07,CUST1293,Robert Yusuf,South,Electronics,Laptop Stand,3,70.16 ,Cancelled,Credit Card,210.48
ORD102557,2023-06-07,CUST1380,Lisa Brown,Midwest,Clothing,Wool Socks,1,70.17 ,Completed,Credit Card,70.17
ORD100110,2024-12-22,CUST1872,Siti Taylor,East,Electronics,Bluetooth Speaker,2,70.18 ,Completed,Credit Card,140.36
ORD103606,2023-07-16,CUST1522,Rina Tan,East,Sports & Outdoors,Hiking Backpack,1,70.24 ,Completed,PayPal,70.24
ORD101173,2023-09-13,CUST1565,Rina Hidayat,East,Electronics,Power Bank,2,70.28 ,Completed,Credit Card,140.56
ORD101319,2023-01-24,CUST1707,Michael Yusuf,East,Electronics,Power Bank,3,70.28 ,Completed,Debit Card,210.84
ORD100595,2024-09-06,CUST1619,Andi Smith,Midwest,Clothing,Denim Jeans,2,70.30 ,Completed,Gift Card,140.60
ORD100397,2023-03-27,CUST1872,Siti Taylor,East,Electronics,Wireless Mouse,2,70.31 ,Completed,Debit Card,140.62
ORD100432,2023-03-04,CUST1499,David Santos,East,Sports & Outdoors,Camping Tent,1,70.33 ,Completed,Gift Card,70.33
ORD100141,2023-07-01,CUST1031,Robert Tan,East,Clothing,Hoodie,3,70.35 ,Pending,Gift Card,211.05
ORD100148,2023-09-22,CUST1185,David Johnson,Midwest,Home & Kitchen,Coffee Maker,2,70.46 ,Completed,PayPal,140.92
ORD101144,2023-08-31,CUST1599,Siti Kurniawan,Midwest,Electronics,Power Bank,2,70.49 ,Cancelled,Debit Card,140.98
ORD100836,2024-11-08,CUST1778,Kevin Wilson,East,Clothing,Hoodie,2,70.51 ,Completed,Credit Card,141.02
ORD103471,2024-12-13,CUST1078,Rina Santos,East,Electronics,Smartphone Case,2,70.55 ,Completed,Gift Card,141.10
ORD102586,2023-08-08,CUST1071,Kevin Lee,Midwest,Home & Kitchen,Non-Stick Pan,1,70.72 ,Completed,Unknown,70.72
ORD102034,2023-05-16,CUST1074,Unknown Customer,Midwest,Sports & Outdoors,Yoga Mat,1,70.74 ,Completed,Credit Card,70.74
ORD101011,2024-10-21,CUST1735,Maria Halim,East,Sports & Outdoors,Camping Tent,1,70.84 ,Completed,Debit Card,70.84
ORD102663,2023-11-10,CUST1734,Ahmad Wilson,East,Electronics,Laptop Stand,1,70.94 ,Completed,Gift Card,70.94
ORD100274,2023-03-23,CUST1610,Dewi Tan,East,Clothing,Denim Jeans,2,70.98 ,Completed,Gift Card,141.96
ORD103913,2023-01-24,CUST1026,Putri Yusuf,East,Home & Kitchen,Cutting Board,1,71.03 ,Completed,Credit Card,71.03
ORD103237,2023-10-11,CUST1624,Budi Smith,East,Home & Kitchen,Cutting Board,1,71.03 ,Completed,Gift Card,71.03
ORD102191,2024-06-24,CUST1884,Kevin Salim,East,Home & Kitchen,Cutting Board,1,71.03 ,Completed,Debit Card,71.03
ORD103629,2024-05-29,CUST1783,Ayu Taylor,East,Clothing,Hoodie,2,71.08 ,Completed,Credit Card,142.16
ORD101450,2023-03-12,CUST1018,Ahmad Wilson,Midwest,Clothing,Wool Socks,1,71.10 ,Completed,Debit Card,71.10
ORD101395,2024-06-26,CUST1547,Andi Tan,Midwest,Electronics,USB-C Cable,1,71.11 ,Completed,Credit Card,71.11
ORD102973,2024-03-30,CUST1288,Ahmad Halim,East,Sports & Outdoors,Camping Tent,2,71.13 ,Completed,Credit Card,142.26
ORD103886,2024-10-06,CUST1633,James Kurniawan,East,Home & Kitchen,Coffee Maker,3,71.13 ,Completed,Credit Card,213.39
ORD102786,2023-02-06,CUST1509,Fajar Wilson,South,Electronics,Laptop Stand,1,71.14 ,Completed,Gift Card,71.14
ORD101101,2023-02-21,CUST1596,Ayu Garcia,East,Sports & Outdoors,Jump Rope,2,71.17 ,Completed,PayPal,142.34
ORD101030,2023-05-21,CUST1026,Putri Yusuf,East,Home & Kitchen,Blender,2,71.19 ,Returned,Credit Card,142.38
ORD103383,2024-10-01,CUST1791,Kevin Chen,East,Electronics,Wireless Earbuds,1,71.29 ,Completed,Credit Card,71.29
ORD102118,2024-11-07,CUST1623,John Yusuf,East,Clothing,Hoodie,1,71.29 ,Completed,PayPal,71.29
ORD101293,2023-04-05,CUST1145,Linda Smith,East,Electronics,Bluetooth Speaker,1,71.30 ,Returned,Debit Card,71.30
ORD101725,2023-10-24,CUST1606,Lisa Halim,East,Clothing,Baseball Cap,2,71.35 ,Completed,Debit Card,142.70
ORD103305,2024-10-25,CUST1174,Siti Lee,East,Clothing,Denim Jeans,1,71.39 ,Completed,Credit Card,71.39
ORD101246,2024-06-26,CUST1247,Andi Nugroho,East,Home & Kitchen,Throw Pillow,1,71.40 ,Completed,Debit Card,71.40
ORD102012,2024-11-10,CUST1137,Budi Wijaya,East,Sports & Outdoors,Camping Tent,2,71.49 ,Completed,Credit Card,142.98
ORD103014,2024-04-27,CUST1255,Budi Kurniawan,East,Home & Kitchen,Storage Containers,1,71.63 ,Completed,Credit Card,71.63
ORD102350,2023-01-31,CUST1739,Fajar Wilson,East,Sports & Outdoors,Water Bottle,2,71.66 ,Completed,Credit Card,143.32
ORD102730,2024-10-31,CUST1368,Budi Smith,Midwest,Sports & Outdoors,Yoga Mat,1,71.77 ,Completed,PayPal,71.77
ORD103848,2023-10-06,CUST1889,James Sari,Midwest,Clothing,Hoodie,1,71.81 ,Completed,Debit Card,71.81
ORD103896,2024-07-02,CUST1867,Nina Garcia,Midwest,Clothing,Denim Jeans,1,71.89 ,Completed,Gift Card,71.89
ORD103089,2024-10-14,CUST1813,Linda Pratama,East,Electronics,Smartphone Case,2,71.94 ,Completed,Credit Card,143.88
ORD103539,2023-09-25,CUST1066,Michael Lee,Midwest,Sports & Outdoors,Water Bottle,2,71.94 ,Completed,Credit Card,143.88
ORD102204,2024-07-18,CUST1589,Siti Nugroho,East,Home & Kitchen,Coffee Maker,1,72.01 ,Returned,Unknown,72.01
ORD101481,2023-06-10,CUST1222,Dewi Sari,East,Clothing,Hoodie,1,72.07 ,Completed,PayPal,72.07
ORD103333,2024-04-06,CUST1092,Putri Nugroho,East,Clothing,Cotton T-Shirt,1,72.08 ,Cancelled,Credit Card,72.08
ORD100716,2024-02-23,CUST1739,Fajar Wilson,East,Electronics,Bluetooth Speaker,1,72.10 ,Completed,Gift Card,72.10
ORD103167,2024-11-20,CUST1497,David Halim,Midwest,Electronics,Wireless Earbuds,1,72.13 ,Completed,Debit Card,72.13
ORD101706,2024-03-20,CUST1707,Michael Yusuf,East,Home & Kitchen,Coffee Maker,1,72.21 ,Completed,PayPal,72.21
ORD101266,2023-09-04,CUST1319,Rina Santos,East,Clothing,Running Shorts,1,72.35 ,Completed,PayPal,72.35
ORD100566,2023-11-03,CUST1695,James Johnson,East,Clothing,Baseball Cap,3,72.35 ,Completed,Debit Card,217.05
ORD102307,2023-05-02,CUST1233,Michael Lee,East,Home & Kitchen,Non-Stick Pan,1,72.37 ,Completed,Debit Card,72.37
ORD102553,2024-04-24,CUST1541,Linda Johnson,Midwest,Clothing,Winter Jacket,2,72.38 ,Completed,Debit Card,144.76
ORD100756,2023-07-17,CUST1680,Putri Halim,East,Sports & Outdoors,Camping Tent,1,72.43 ,Cancelled,PayPal,72.43
ORD102275,2023-10-06,CUST1292,Budi Halim,East,Home & Kitchen,Throw Pillow,1,72.55 ,Completed,Debit Card,72.55
ORD100995,2024-04-04,CUST1521,John Smith,East,Clothing,Wool Socks,2,72.56 ,Completed,Unknown,145.12
ORD103981,2023-11-13,CUST1200,John Garcia,Midwest,Clothing,Running Shorts,1,72.61 ,Completed,Credit Card,72.61
ORD100013,2024-11-05,CUST1546,John Garcia,East,Electronics,Smartphone Case,1,72.72 ,Completed,Debit Card,72.72
ORD103642,2024-09-03,CUST1774,Maria Wijaya,East,Clothing,Wool Socks,1,72.75 ,Completed,Debit Card,72.75
ORD102181,2023-05-23,CUST1029,Unknown Customer,Midwest,Clothing,Wool Socks,1,72.75 ,Completed,PayPal,72.75
ORD103672,2024-03-12,CUST1795,Michael Chen,Midwest,Clothing,Baseball Cap,1,72.92 ,Pending,Debit Card,72.92
ORD101209,2024-04-17,CUST1233,Michael Lee,East,Sports & Outdoors,Resistance Bands,1,72.97 ,Completed,PayPal,72.97
ORD101333,2024-05-31,CUST1019,Siti Sari,Midwest,Home & Kitchen,Non-Stick Pan,1,73.00 ,Completed,Gift Card,73.00
ORD101445,2023-09-03,CUST1812,Putri Hidayat,Midwest,Home & Kitchen,LED Desk Lamp,2,73.00 ,Completed,Credit Card,146.00
ORD101504,2024-09-22,CUST1332,Siti Johnson,Midwest,Home & Kitchen,Coffee Maker,1,73.04 ,Completed,Debit Card,73.04
ORD103176,2024-01-27,CUST1491,Rina Taylor,East,Sports & Outdoors,Resistance Bands,1,73.06 ,Completed,Credit Card,73.06
ORD101109,2024-08-09,CUST1198,Putri Anderson,East,Home & Kitchen,Storage Containers,1,73.08 ,Completed,Gift Card,73.08
ORD102952,2023-05-10,CUST1897,Linda Kurniawan,South,Electronics,Smartphone Case,2,73.22 ,Completed,PayPal,146.44
ORD103924,2023-06-29,CUST1332,Siti Johnson,Midwest,Sports & Outdoors,Hiking Backpack,1,73.25 ,Completed,Credit Card,73.25
ORD102489,2023-12-11,CUST1190,Lisa Wijaya,Midwest,Electronics,Laptop Stand,1,73.32 ,Completed,Debit Card,73.32
ORD101893,2024-11-27,CUST1765,Ayu Brown,East,Sports & Outdoors,Water Bottle,1,73.38 ,Completed,Debit Card,73.38
ORD101867,2024-05-10,CUST1746,Siti Garcia,East,Electronics,Smartphone Case,1,73.42 ,Completed,PayPal,73.42
ORD100823,2024-08-11,CUST1786,Siti Brown,South,Home & Kitchen,Storage Containers,4,73.44 ,Returned,PayPal,293.76
ORD101390,2024-10-17,CUST1189,Unknown Customer,Midwest,Electronics,Bluetooth Speaker,1,73.54 ,Completed,Gift Card,73.54
ORD101844,2023-08-10,CUST1813,Linda Pratama,East,Electronics,Laptop Stand,1,73.55 ,Completed,Debit Card,73.55
ORD101305,2024-09-14,CUST1145,Linda Smith,East,Clothing,Wool Socks,2,73.55 ,Completed,PayPal,147.10
ORD101462,2024-07-12,CUST1133,Unknown Customer,East,Home & Kitchen,Coffee Maker,1,73.64 ,Completed,Debit Card,73.64
ORD100576,2024-05-05,CUST1648,James Wijaya,East,Clothing,Denim Jeans,1,73.65 ,Completed,Gift Card,73.65
ORD102393,2023-09-06,CUST1550,Nina Anderson,East,Clothing,Baseball Cap,1,73.85 ,Completed,PayPal,73.85
ORD100192,2024-11-18,CUST1562,Robert Tan,East,Sports & Outdoors,Jump Rope,2,73.89 ,Completed,Credit Card,147.78
ORD103876,2023-12-01,CUST1746,Siti Garcia,East,Home & Kitchen,Storage Containers,1,73.90 ,Completed,PayPal,73.90
ORD100225,2023-04-13,CUST1286,Sarah Wilson,South,Sports & Outdoors,Water Bottle,1,73.90 ,Completed,PayPal,73.90
ORD101556,2023-01-02,CUST1673,Ahmad Smith,East,Clothing,Baseball Cap,2,73.93 ,Completed,Gift Card,147.86
ORD101088,2023-04-15,CUST1660,Andi Salim,East,Home & Kitchen,Storage Containers,4,73.93 ,Completed,Gift Card,295.72
ORD103712,2023-05-21,CUST1583,Andi Smith,South,Clothing,Cotton T-Shirt,1,73.98 ,Completed,Gift Card,73.98
ORD103597,2024-12-24,CUST1453,James Tan,Midwest,Clothing,Hoodie,1,74.01 ,Completed,Credit Card,74.01
ORD103519,2024-05-26,CUST1883,Kevin Anderson,South,Clothing,Running Shorts,2,74.07 ,Completed,Unknown,148.14
ORD101386,2023-11-28,CUST1039,Robert Tan,East,Sports & Outdoors,Water Bottle,5,74.10 ,Returned,Gift Card,370.50
ORD100593,2023-01-25,CUST1856,Siti Brown,East,Sports & Outdoors,Water Bottle,1,74.12 ,Completed,Gift Card,74.12
ORD102859,2024-08-22,CUST1730,Linda Kurniawan,East,Home & Kitchen,Storage Containers,1,74.15 ,Completed,Credit Card,74.15
ORD103503,2023-03-15,CUST1129,Budi Wilson,East,Clothing,Running Shorts,1,74.16 ,Completed,Credit Card,74.16
ORD103976,2023-05-03,CUST1485,Dewi Smith,East,Electronics,Wireless Mouse,1,74.23 ,Completed,Debit Card,74.23
ORD103260,2023-02-16,CUST1135,Rina Kurniawan,Midwest,Electronics,Wireless Mouse,1,74.31 ,Completed,Credit Card,74.31
ORD100821,2024-10-28,CUST1837,Dewi Johnson,East,Home & Kitchen,Cutting Board,1,74.31 ,Completed,PayPal,74.31
ORD101805,2023-12-26,CUST1842,Siti Salim,Midwest,Clothing,Winter Jacket,1,74.36 ,Completed,Gift Card,74.36
ORD103356,2023-10-26,CUST1799,Robert Hidayat,Midwest,Clothing,Running Shorts,1,74.44 ,Completed,Gift Card,74.44
ORD101474,2024-12-24,CUST1448,Maria Halim,East,Home & Kitchen,Non-Stick Pan,2,74.53 ,Completed,Gift Card,149.06
ORD101285,2024-12-07,CUST1230,Budi Sari,Midwest,Clothing,Hoodie,1,74.56 ,Completed,Credit Card,74.56
ORD103060,2024-10-17,CUST1591,Fajar Wilson,East,Sports & Outdoors,Jump Rope,2,74.58 ,Completed,Gift Card,149.16
ORD102693,2024-12-26,CUST1768,Rina Nugroho,East,Sports & Outdoors,Yoga Mat,1,74.81 ,Returned,Credit Card,74.81
ORD103301,2024-03-06,CUST1302,Dewi Taylor,Midwest,Electronics,Smartphone Case,1,74.83 ,Completed,Unknown,74.83
ORD103139,2023-06-30,CUST1869,Maria Garcia,East,Home & Kitchen,Non-Stick Pan,2,74.91 ,Completed,PayPal,149.82
ORD102127,2024-01-30,CUST1848,Sarah Nugroho,East,Clothing,Wool Socks,4,74.98 ,Completed,Debit Card,299.92
ORD103875,2024-05-09,CUST1106,Lisa Kurniawan,East,Clothing,Running Shorts,1,75.06 ,Completed,Debit Card,75.06
ORD102187,2024-05-26,CUST1435,Dewi Lee,East,Clothing,Denim Jeans,3,75.08 ,Completed,Unknown,225.24
ORD102617,2024-06-06,CUST1553,Fajar Hidayat,East,Home & Kitchen,Throw Pillow,1,75.09 ,Completed,PayPal,75.09
ORD103842,2023-09-17,CUST1741,Siti Wilson,East,Sports & Outdoors,Yoga Mat,1,75.14 ,Completed,Credit Card,75.14
ORD102744,2024-01-01,CUST1182,Dewi Tan,East,Clothing,Cotton T-Shirt,2,75.23 ,Completed,Unknown,150.46
ORD102437,2023-11-06,CUST1075,Linda Anderson,Midwest,Clothing,Wool Socks,1,75.26 ,Completed,PayPal,75.26
ORD101422,2024-06-03,CUST1035,David Smith,East,Clothing,Hoodie,1,75.31 ,Completed,Gift Card,75.31
ORD102980,2023-06-01,CUST1854,Putri Garcia,Midwest,Home & Kitchen,Storage Containers,1,75.38 ,Completed,Debit Card,75.38
ORD100122,2024-12-25,CUST1654,John Smith,Midwest,Sports & Outdoors,Jump Rope,1,75.40 ,Pending,Debit Card,75.40
ORD100507,2023-06-22,CUST1102,Maria Brown,East,Clothing,Hoodie,3,75.41 ,Completed,Credit Card,226.23
ORD102901,2023-03-15,CUST1611,Maria Sari,East,Clothing,Winter Jacket,2,75.42 ,Completed,Debit Card,150.84
ORD100386,2023-10-19,CUST1400,James Yusuf,East,Home & Kitchen,Cutting Board,2,75.46 ,Completed,Credit Card,150.92
ORD102629,2023-05-31,CUST1668,Siti Brown,East,Home & Kitchen,Non-Stick Pan,2,75.57 ,Completed,Credit Card,151.14
ORD101332,2024-11-17,CUST1187,Dewi Anderson,Midwest,Clothing,Baseball Cap,5,75.57 ,Completed,Credit Card,377.85
ORD101026,2024-02-01,CUST1762,Rina Nugroho,South,Clothing,Baseball Cap,1,75.59 ,Completed,Debit Card,75.59
ORD102876,2024-10-25,CUST1644,Andi Salim,East,Sports & Outdoors,Camping Tent,1,75.62 ,Completed,Debit Card,75.62
ORD101578,2024-05-06,CUST1418,Fajar Halim,East,Sports & Outdoors,Yoga Mat,1,75.66 ,Completed,Debit Card,75.66
ORD102091,2024-09-14,CUST1194,Maria Hidayat,East,Sports & Outdoors,Resistance Bands,1,75.67 ,Completed,PayPal,75.67
ORD103346,2023-01-16,CUST1379,Putri Halim,East,Electronics,Bluetooth Speaker,1,75.70 ,Completed,Gift Card,75.70
ORD101191,2023-04-21,CUST1834,Andi Nugroho,East,Clothing,Baseball Cap,1,75.74 ,Completed,Gift Card,75.74
ORD100677,2024-11-14,CUST1205,David Johnson,East,Sports & Outdoors,Camping Tent,1,75.76 ,Completed,Gift Card,75.76
ORD103682,2023-10-10,CUST1469,Michael Lee,Midwest,Home & Kitchen,Non-Stick Pan,1,75.79 ,Completed,PayPal,75.79
ORD100197,2024-01-08,CUST1137,Budi Wijaya,East,Sports & Outdoors,Hiking Backpack,2,75.79 ,Completed,PayPal,151.58
ORD103102,2024-08-30,CUST1666,Michael Nugroho,Midwest,Home & Kitchen,Blender,1,75.88 ,Completed,Gift Card,75.88
ORD100504,2023-03-20,CUST1222,Dewi Sari,East,Sports & Outdoors,Camping Tent,2,75.89 ,Completed,Debit Card,151.78
ORD102218,2023-07-22,CUST1887,Maria Wilson,East,Electronics,Power Bank,2,75.91 ,Completed,PayPal,151.82
ORD102709,2024-04-24,CUST1790,Andi Salim,East,Clothing,Denim Jeans,1,75.95 ,Completed,Gift Card,75.95
ORD101561,2023-03-10,CUST1179,Unknown Customer,Midwest,Sports & Outdoors,Water Bottle,2,75.97 ,Completed,Gift Card,151.94
ORD102190,2023-04-17,CUST1460,Rina Sari,East,Sports & Outdoors,Jump Rope,1,76.02 ,Completed,Gift Card,76.02
ORD103053,2023-01-31,CUST1150,Ayu Wijaya,East,Clothing,Denim Jeans,1,76.02 ,Completed,PayPal,76.02
ORD103155,2023-01-06,CUST1032,Andi Sari,East,Clothing,Cotton T-Shirt,1,76.05 ,Completed,Debit Card,76.05
ORD100351,2024-08-17,CUST1342,Putri Anderson,East,Clothing,Winter Jacket,2,76.06 ,Cancelled,PayPal,152.12
ORD101193,2024-12-14,CUST1439,Maria Johnson,East,Home & Kitchen,LED Desk Lamp,2,76.06 ,Completed,Credit Card,152.12
ORD102917,2023-04-30,CUST1778,Kevin Wilson,East,Sports & Outdoors,Camping Tent,2,76.08 ,Completed,Debit Card,152.16
ORD103087,2024-06-10,CUST1271,Lisa Chen,East,Home & Kitchen,Coffee Maker,2,76.09 ,Completed,Gift Card,152.18
ORD100350,2024-01-10,CUST1690,Fajar Garcia,East,Home & Kitchen,Coffee Maker,1,76.10 ,Completed,Credit Card,76.10
ORD103562,2024-03-27,CUST1364,David Brown,East,Electronics,Bluetooth Speaker,1,76.12 ,Completed,Gift Card,76.12
ORD103677,2023-03-22,CUST1008,Kevin Chen,East,Electronics,Power Bank,1,76.14 ,Completed,Credit Card,76.14
ORD103915,2023-11-25,CUST1581,Rina Hidayat,East,Clothing,Baseball Cap,1,76.16 ,Completed,Credit Card,76.16
ORD100614,2023-03-27,CUST1132,Robert Tan,East,Sports & Outdoors,Resistance Bands,4,76.22 ,Completed,Gift Card,304.88
ORD100730,2024-08-09,CUST1046,Michael Pratama,Midwest,Home & Kitchen,Cutting Board,2,76.30 ,Cancelled,PayPal,152.60
ORD101155,2023-05-13,CUST1118,Budi Anderson,East,Electronics,Webcam,4,76.30 ,Returned,Credit Card,305.20
ORD103741,2023-08-08,CUST1705,Michael Johnson,Midwest,Sports & Outdoors,Hiking Backpack,1,76.32 ,Completed,Debit Card,76.32
ORD100804,2023-04-04,CUST1467,Andi Smith,Midwest,Clothing,Cotton T-Shirt,1,76.33 ,Completed,Credit Card,76.33
ORD101626,2024-05-24,CUST1896,Andi Taylor,East,Clothing,Denim Jeans,5,76.34 ,Completed,PayPal,381.70
ORD101682,2023-12-05,CUST1537,Putri Sari,Midwest,Home & Kitchen,Cutting Board,2,76.39 ,Completed,Credit Card,152.78
ORD101943,2024-12-05,CUST1247,Andi Nugroho,East,Home & Kitchen,Throw Pillow,1,76.40 ,Completed,Debit Card,76.40
ORD103044,2024-02-21,CUST1217,Michael Santos,East,Clothing,Baseball Cap,2,76.40 ,Completed,PayPal,152.80
ORD101784,2024-11-21,CUST1155,Budi Brown,East,Clothing,Baseball Cap,2,76.42 ,Completed,Debit Card,152.84
ORD101464,2024-05-03,CUST1831,Sarah Hidayat,East,Clothing,Hoodie,1,76.46 ,Cancelled,Gift Card,76.46
ORD102592,2024-04-03,CUST1870,Dewi Chen,East,Clothing,Denim Jeans,5,76.57 ,Completed,PayPal,382.85
ORD102054,2023-01-29,CUST1790,Andi Salim,East,Home & Kitchen,Non-Stick Pan,1,76.66 ,Completed,Credit Card,76.66
ORD102813,2024-06-01,CUST1788,Linda Wijaya,Midwest,Clothing,Running Shorts,3,76.66 ,Completed,Debit Card,229.98
ORD100738,2023-03-27,CUST1173,John Tan,East,Clothing,Baseball Cap,3,76.66 ,Completed,Gift Card,229.98
ORD103771,2024-07-18,CUST1614,Unknown Customer,East,Clothing,Denim Jeans,1,76.69 ,Completed,Gift Card,76.69
ORD103004,2024-08-26,CUST1477,Budi Tan,South,Clothing,Running Shorts,1,76.78 ,Cancelled,Debit Card,76.78
ORD102134,2023-12-07,CUST1638,Maria Kurniawan,East,Sports & Outdoors,Water Bottle,2,76.78 ,Completed,PayPal,153.56
ORD103546,2023-04-02,CUST1457,David Johnson,East,Clothing,Baseball Cap,2,76.80 ,Completed,Unknown,153.60
ORD102475,2023-03-14,CUST1595,Lisa Brown,South,Sports & Outdoors,Water Bottle,1,76.91 ,Completed,PayPal,76.91
ORD103580,2023-08-01,CUST1057,Unknown Customer,Midwest,Sports & Outdoors,Hiking Backpack,1,76.98 ,Completed,PayPal,76.98
ORD101095,2023-01-31,CUST1120,Dewi Johnson,Midwest,Clothing,Wool Socks,1,77.05 ,Completed,PayPal,77.05
ORD100239,2024-05-20,CUST1008,Kevin Chen,East,Clothing,Cotton T-Shirt,2,77.07 ,Completed,Gift Card,154.14
ORD100233,2024-04-23,CUST1029,Nina Smith,Midwest,Electronics,Laptop Stand,2,77.17 ,Pending,Debit Card,154.34
ORD103308,2024-09-16,CUST1630,John Kurniawan,East,Home & Kitchen,Blender,1,77.29 ,Completed,PayPal,77.29
ORD103598,2024-11-04,CUST1777,Ayu Chen,East,Sports & Outdoors,Yoga Mat,2,77.34 ,Returned,Gift Card,154.68
ORD100708,2023-12-10,CUST1289,Dewi Brown,East,Clothing,Cotton T-Shirt,2,77.39 ,Pending,Debit Card,154.78
ORD100343,2023-10-04,CUST1382,David Hidayat,East,Clothing,Running Shorts,5,77.39 ,Completed,PayPal,386.95
ORD101738,2023-02-17,CUST1829,Nina Nugroho,Midwest,Clothing,Winter Jacket,1,77.42 ,Completed,PayPal,77.42
ORD101123,2023-12-15,CUST1808,Michael Kurniawan,Midwest,Sports & Outdoors,Water Bottle,1,77.45 ,Completed,Debit Card,77.45
ORD101759,2024-05-20,CUST1004,Ahmad Yusuf,South,Clothing,Denim Jeans,2,77.49 ,Completed,Credit Card,154.98
ORD101860,2024-02-03,CUST1505,Michael Anderson,South,Home & Kitchen,Non-Stick Pan,1,77.56 ,Completed,PayPal,77.56
ORD102202,2023-07-27,CUST1645,Sarah Chen,Midwest,Sports & Outdoors,Hiking Backpack,1,77.60 ,Completed,PayPal,77.60
ORD102011,2024-02-12,CUST1519,Andi Santos,East,Sports & Outdoors,Water Bottle,1,77.62 ,Completed,Credit Card,77.62
ORD101430,2024-08-31,CUST1173,John Tan,East,Electronics,Smartphone Case,5,77.69 ,Completed,PayPal,388.45
ORD101698,2024-02-08,CUST1881,Ahmad Salim,East,Clothing,Wool Socks,1,77.81 ,Cancelled,PayPal,77.81
ORD100007,2023-09-26,CUST1753,Kevin Lee,East,Clothing,Running Shorts,1,77.87 ,Completed,Gift Card,77.87
ORD101221,2024-02-06,CUST1105,Rina Pratama,Midwest,Clothing,Cotton T-Shirt,4,77.96 ,Returned,PayPal,311.84
ORD103985,2024-05-17,CUST1460,Rina Sari,East,Sports & Outdoors,Jump Rope,2,77.98 ,Completed,PayPal,155.96
ORD103184,2023-08-22,CUST1733,Lisa Sari,East,Sports & Outdoors,Water Bottle,2,78.08 ,Completed,Credit Card,156.16
ORD103718,2024-01-18,CUST1348,Putri Nugroho,East,Electronics,USB-C Cable,1,78.10 ,Completed,Gift Card,78.10
ORD102562,2023-04-03,CUST1468,Michael Tan,East,Clothing,Running Shorts,2,78.10 ,Completed,Unknown,156.20
ORD102385,2023-07-29,CUST1611,Maria Sari,East,Electronics,Bluetooth Speaker,1,78.13 ,Completed,PayPal,78.13
ORD100497,2023-07-29,CUST1142,Kevin Salim,East,Clothing,Hoodie,1,78.17 ,Returned,Credit Card,78.17
ORD100751,2024-03-10,CUST1886,Robert Taylor,East,Home & Kitchen,Throw Pillow,2,78.22 ,Completed,PayPal,156.44
ORD101049,2023-09-20,CUST1219,Linda Yusuf,East,Clothing,Hoodie,1,78.29 ,Completed,Gift Card,78.29
ORD100220,2023-07-24,CUST1275,Andi Johnson,East,Clothing,Wool Socks,1,78.31 ,Completed,Unknown,78.31
ORD101524,2024-01-18,CUST1172,Nina Lee,East,Home & Kitchen,Blender,1,78.32 ,Completed,Gift Card,78.32
ORD100428,2023-11-07,CUST1488,John Taylor,East,Sports & Outdoors,Jump Rope,1,78.32 ,Completed,Debit Card,78.32
ORD101747,2024-08-12,CUST1777,Ayu Chen,East,Sports & Outdoors,Yoga Mat,2,78.41 ,Completed,Credit Card,156.82
ORD101500,2024-02-28,CUST1825,Linda Nugroho,East,Clothing,Denim Jeans,4,78.43 ,Pending,Credit Card,313.72
ORD100872,2023-12-24,CUST1812,Putri Hidayat,Midwest,Electronics,Power Bank,2,78.56 ,Completed,PayPal,157.12
ORD101356,2023-10-07,CUST1741,Siti Wilson,East,Electronics,USB-C Cable,3,78.63 ,Completed,PayPal,235.89
ORD102752,2024-02-08,CUST1030,Sarah Lee,Midwest,Clothing,Wool Socks,1,78.65 ,Completed,Debit Card,78.65
ORD101099,2023-03-18,CUST1064,Unknown Customer,East,Electronics,Bluetooth Speaker,1,78.69 ,Completed,PayPal,78.69
ORD103438,2023-01-27,CUST1176,David Hidayat,Midwest,Clothing,Hoodie,1,78.69 ,Completed,PayPal,78.69
ORD101831,2024-10-05,CUST1735,Maria Halim,East,Home & Kitchen,Blender,1,78.73 ,Completed,Credit Card,78.73
ORD103429,2023-03-05,CUST1670,David Sari,Midwest,Sports & Outdoors,Camping Tent,1,78.79 ,Completed,PayPal,78.79
ORD103740,2024-09-16,CUST1637,Linda Tan,East,Sports & Outdoors,Jump Rope,2,78.82 ,Completed,PayPal,157.64
ORD100679,2023-01-10,CUST1363,Budi Sari,South,Clothing,Running Shorts,1,78.83 ,Pending,Debit Card,78.83
ORD101758,2024-12-02,CUST1628,John Chen,South,Sports & Outdoors,Hiking Backpack,1,78.89 ,Cancelled,PayPal,78.89
ORD101042,2023-07-25,CUST1465,Nina Wilson,Midwest,Home & Kitchen,Blender,3,78.90 ,Completed,Debit Card,236.70
ORD100626,2023-04-17,CUST1857,John Kurniawan,East,Electronics,Bluetooth Speaker,1,78.91 ,Completed,Credit Card,78.91
ORD102790,2024-03-02,CUST1704,Dewi Nugroho,East,Clothing,Cotton T-Shirt,1,78.96 ,Completed,Gift Card,78.96
ORD101280,2023-11-04,CUST1370,Rina Anderson,East,Electronics,Power Bank,3,78.96 ,Completed,Gift Card,236.88
ORD103424,2023-08-18,CUST1391,Siti Pratama,East,Home & Kitchen,Blender,4,79.09 ,Completed,Gift Card,316.36
ORD101708,2024-09-27,CUST1121,David Nugroho,East,Sports & Outdoors,Hiking Backpack,1,79.10 ,Completed,PayPal,79.10
ORD103034,2023-02-17,CUST1151,Ayu Smith,East,Clothing,Hoodie,3,79.14 ,Completed,Credit Card,237.42
ORD103662,2023-05-19,CUST1155,Budi Brown,East,Home & Kitchen,Coffee Maker,2,79.15 ,Returned,Debit Card,158.30
ORD103583,2024-09-01,CUST1895,Michael Johnson,East,Home & Kitchen,Coffee Maker,1,79.20 ,Returned,Gift Card,79.20
ORD103400,2024-05-23,CUST1715,Dewi Tan,East,Sports & Outdoors,Resistance Bands,4,79.22 ,Completed,Credit Card,316.88
ORD100911,2023-12-20,CUST1655,John Tan,East,Home & Kitchen,Non-Stick Pan,1,79.24 ,Completed,Credit Card,79.24
ORD102731,2023-10-27,CUST1552,Andi Sari,Midwest,Sports & Outdoors,Hiking Backpack,1,79.29 ,Pending,PayPal,79.29
ORD102769,2023-05-07,CUST1579,Kevin Tan,East,Sports & Outdoors,Camping Tent,5,79.33 ,Completed,Debit Card,396.65
ORD101683,2023-09-27,CUST1202,Dewi Santos,East,Clothing,Baseball Cap,1,79.34 ,Completed,PayPal,79.34
ORD100217,2024-12-11,CUST1301,Sarah Tan,East,Home & Kitchen,Coffee Maker,2,79.38 ,Completed,Gift Card,158.76
ORD101730,2024-05-19,CUST1833,Putri Yusuf,East,Home & Kitchen,Storage Containers,2,79.45 ,Completed,Debit Card,158.90
ORD103162,2023-10-02,CUST1317,David Halim,South,Sports & Outdoors,Hiking Backpack,1,79.69 ,Completed,Credit Card,79.69
ORD102736,2023-03-16,CUST1280,David Nugroho,Midwest,Home & Kitchen,Throw Pillow,1,79.75 ,Completed,Credit Card,79.75
ORD102048,2023-12-29,CUST1503,Andi Anderson,East,Electronics,Bluetooth Speaker,1,80.03 ,Completed,Debit Card,80.03
ORD102213,2023-09-20,CUST1376,Nina Yusuf,Midwest,Sports & Outdoors,Yoga Mat,1,80.21 ,Cancelled,Gift Card,80.21
ORD100688,2023-06-11,CUST1848,Sarah Nugroho,East,Home & Kitchen,Cutting Board,1,80.23 ,Pending,Credit Card,80.23
ORD103418,2024-04-02,CUST1821,Unknown Customer,Midwest,Electronics,Wireless Mouse,2,80.23 ,Cancelled,Debit Card,160.47
ORD101540,2024-06-01,CUST1754,Kevin Salim,Midwest,Electronics,Power Bank,1,80.31 ,Returned,Debit Card,80.31
ORD102837,2024-01-05,CUST1451,Ahmad Garcia,East,Sports & Outdoors,Camping Tent,1,80.44 ,Completed,Credit Card,80.44
ORD101391,2023-06-25,CUST1569,David Kurniawan,East,Home & Kitchen,LED Desk Lamp,2,80.50 ,Completed,Debit Card,161.00
ORD101038,2023-04-26,CUST1700,Robert Smith,East,Sports & Outdoors,Water Bottle,2,80.52 ,Completed,PayPal,161.04
ORD102411,2024-12-13,CUST1246,Ayu Brown,East,Home & Kitchen,Throw Pillow,1,80.65 ,Returned,Unknown,80.65
ORD101343,2024-07-03,CUST1270,Andi Salim,East,Electronics,Webcam,2,80.67 ,Cancelled,Gift Card,161.34
ORD100982,2023-03-10,CUST1091,Nina Wilson,East,Sports & Outdoors,Resistance Bands,1,80.70 ,Completed,Debit Card,80.70
ORD100882,2023-07-07,CUST1117,Sarah Pratama,East,Electronics,Smartphone Case,1,80.76 ,Completed,PayPal,80.76
ORD102903,2023-05-25,CUST1361,Rina Brown,East,Electronics,Power Bank,2,80.76 ,Completed,PayPal,161.52
ORD100999,2023-12-17,CUST1688,Lisa Sari,East,Sports & Outdoors,Yoga Mat,1,80.88 ,Completed,Debit Card,80.88
ORD100846,2023-12-01,CUST1210,Nina Garcia,East,Sports & Outdoors,Water Bottle,1,80.94 ,Completed,Debit Card,80.94
ORD100974,2024-01-06,CUST1320,Lisa Wijaya,West,Electronics,Smartphone Case,4,81.04 ,Completed,Credit Card,324.16
ORD101887,2024-02-23,CUST1284,Lisa Smith,East,Home & Kitchen,Throw Pillow,1,81.06 ,Completed,PayPal,81.06
ORD103339,2024-11-25,CUST1154,Michael Tan,East,Electronics,Laptop Stand,1,81.27 ,Completed,PayPal,81.27
ORD102276,2024-11-06,CUST1562,Robert Tan,East,Electronics,Laptop Stand,3,81.27 ,Completed,Gift Card,243.80
ORD101908,2023-11-03,CUST1512,Rina Wilson,Midwest,Home & Kitchen,Non-Stick Pan,2,81.31 ,Cancelled,PayPal,162.62
ORD102754,2023-07-01,CUST1814,Michael Taylor,East,Sports & Outdoors,Resistance Bands,1,81.34 ,Completed,Credit Card,81.34
ORD100158,2024-09-15,CUST1289,Dewi Brown,East,Electronics,Bluetooth Speaker,1,81.37 ,Completed,Debit Card,81.37
ORD103441,2023-07-17,CUST1884,Kevin Salim,East,Home & Kitchen,Blender,1,81.65 ,Completed,Debit Card,81.65
ORD101274,2024-12-13,CUST1130,Maria Johnson,East,Electronics,USB-C Cable,2,81.80 ,Completed,PayPal,163.60
ORD100006,2024-01-16,CUST1580,Linda Tan,Midwest,Electronics,Smartphone Case,1,81.85 ,Completed,Credit Card,81.85
ORD101740,2023-01-06,CUST1180,Rina Tan,East,Sports & Outdoors,Camping Tent,1,82.03 ,Completed,PayPal,82.03
ORD103478,2024-10-02,CUST1736,James Nugroho,East,Home & Kitchen,Non-Stick Pan,1,82.07 ,Completed,Gift Card,82.07
ORD100569,2024-07-03,CUST1383,Unknown Customer,East,Home & Kitchen,Blender,1,82.13 ,Completed,Credit Card,82.13
ORD100126,2023-01-21,CUST1166,Ahmad Garcia,East,Sports & Outdoors,Yoga Mat,1,82.20 ,Completed,Credit Card,82.20
ORD100934,2024-10-28,CUST1200,John Garcia,Midwest,Home & Kitchen,Blender,1,82.29 ,Completed,Credit Card,82.29
ORD103511,2024-04-23,CUST1375,Robert Garcia,East,Home & Kitchen,LED Desk Lamp,1,82.55 ,Completed,PayPal,82.55
ORD100868,2023-12-18,CUST1824,Linda Chen,East,Sports & Outdoors,Camping Tent,1,82.70 ,Completed,Debit Card,82.70
ORD102236,2024-12-29,CUST1239,Dewi Wilson,East,Home & Kitchen,LED Desk Lamp,1,82.72 ,Completed,PayPal,82.72
ORD103396,2023-08-31,CUST1422,Budi Pratama,East,Sports & Outdoors,Hiking Backpack,1,82.86 ,Completed,Credit Card,82.86
ORD100250,2024-12-09,CUST1604,John Wilson,Midwest,Home & Kitchen,Coffee Maker,2,82.95 ,Completed,Credit Card,165.90
ORD103763,2023-03-08,CUST1816,John Kurniawan,East,Home & Kitchen,LED Desk Lamp,2,83.04 ,Cancelled,Credit Card,166.08
ORD101013,2023-08-01,CUST1724,James Pratama,East,Sports & Outdoors,Jump Rope,1,83.09 ,Cancelled,PayPal,83.09
ORD101194,2024-07-13,CUST1765,Ayu Brown,East,Electronics,Smartphone Case,1,83.09 ,Completed,Credit Card,83.09
ORD102775,2024-10-12,CUST1571,Nina Nugroho,East,Home & Kitchen,Non-Stick Pan,1,83.12 ,Completed,Debit Card,83.12
ORD101128,2023-02-12,CUST1333,Nina Lee,East,Home & Kitchen,Cutting Board,1,83.17 ,Completed,PayPal,83.17
ORD101513,2023-06-15,CUST1807,Lisa Wilson,Midwest,Home & Kitchen,Throw Pillow,1,83.22 ,Cancelled,Credit Card,83.22
ORD101354,2024-11-11,CUST1223,Michael Halim,East,Electronics,Smartphone Case,2,83.34 ,Completed,Gift Card,166.68
ORD101443,2024-08-10,CUST1459,Rina Smith,East,Electronics,Smartphone Case,3,83.36 ,Pending,Gift Card,250.08
ORD103780,2024-01-21,CUST1342,Putri Anderson,East,Electronics,Webcam,2,83.47 ,Completed,Credit Card,166.94
ORD100365,2023-11-06,CUST1390,Ayu Hidayat,East,Home & Kitchen,Storage Containers,2,83.61 ,Cancelled,Debit Card,167.22
ORD100253,2023-04-17,CUST1590,Putri Tan,East,Home & Kitchen,LED Desk Lamp,1,83.69 ,Completed,PayPal,83.69
ORD100291,2024-05-08,CUST1688,Unknown Customer,East,Sports & Outdoors,Camping Tent,3,83.79 ,Completed,Gift Card,251.37
ORD102532,2023-10-22,CUST1513,Robert Kurniawan,East,Sports & Outdoors,Resistance Bands,2,83.82 ,Completed,PayPal,167.64
ORD100862,2024-05-07,CUST1365,David Chen,Midwest,Electronics,Smartphone Case,1,83.85 ,Completed,Credit Card,83.85
ORD102953,2024-08-21,CUST1824,Linda Chen,East,Sports & Outdoors,Yoga Mat,1,83.86 ,Cancelled,Credit Card,83.86
ORD103553,2024-03-07,CUST1232,Michael Chen,East,Sports & Outdoors,Jump Rope,1,83.99 ,Completed,Gift Card,83.99
ORD103200,2024-05-07,CUST1711,Maria Smith,East,Electronics,USB-C Cable,2,84.04 ,Completed,PayPal,168.08
ORD103221,2023-09-24,CUST1197,Sarah Lee,Midwest,Sports & Outdoors,Water Bottle,2,84.04 ,Completed,PayPal,168.08
ORD103559,2023-03-20,CUST1674,Dewi Lee,East,Sports & Outdoors,Hiking Backpack,3,84.06 ,Completed,Credit Card,252.18
ORD102259,2023-07-21,CUST1011,Dewi Garcia,East,Home & Kitchen,Non-Stick Pan,1,84.09 ,Completed,PayPal,84.09
ORD103347,2024-12-29,CUST1407,Rina Smith,East,Home & Kitchen,Storage Containers,1,84.09 ,Completed,PayPal,84.09
ORD102391,2023-09-13,CUST1263,John Santos,East,Sports & Outdoors,Hiking Backpack,1,84.25 ,Completed,Debit Card,84.25
ORD101298,2023-08-11,CUST1435,Dewi Lee,East,Electronics,Power Bank,1,84.26 ,Completed,Credit Card,84.26
ORD102887,2023-03-31,CUST1846,Kevin Kurniawan,East,Electronics,Power Bank,2,84.31 ,Cancelled,Debit Card,168.62
ORD101125,2023-01-27,CUST1516,Fajar Brown,East,Electronics,Webcam,1,84.39 ,Returned,Gift Card,84.39
ORD103206,2024-10-17,CUST1417,Unknown Customer,East,Electronics,Webcam,1,84.39 ,Completed,PayPal,84.39
ORD102613,2023-12-14,CUST1460,Rina Sari,East,Sports & Outdoors,Resistance Bands,2,84.40 ,Returned,PayPal,168.80
ORD102707,2024-07-10,CUST1652,Ahmad Smith,Midwest,Home & Kitchen,LED Desk Lamp,4,84.43 ,Completed,Credit Card,337.72
ORD101942,2023-01-09,CUST1710,Linda Chen,East,Electronics,Bluetooth Speaker,1,84.46 ,Completed,PayPal,84.46
ORD103392,2024-03-14,CUST1400,James Yusuf,East,Sports & Outdoors,Jump Rope,4,84.69 ,Completed,Debit Card,338.76
ORD103521,2023-01-26,CUST1378,Lisa Salim,East,Sports & Outdoors,Resistance Bands,1,84.72 ,Completed,PayPal,84.72
ORD101132,2024-05-07,CUST1426,Ahmad Johnson,East,Electronics,Laptop Stand,4,84.76 ,Completed,Debit Card,339.04
ORD100707,2023-04-26,CUST1240,Linda Chen,East,Home & Kitchen,Coffee Maker,2,84.92 ,Completed,PayPal,169.84
ORD100484,2023-06-28,CUST1202,Unknown Customer,East,Home & Kitchen,Non-Stick Pan,1,84.99 ,Completed,PayPal,84.99
ORD100845,2023-12-25,CUST1661,Ayu Halim,South,Sports & Outdoors,Camping Tent,1,84.99 ,Completed,Debit Card,84.99
ORD102473,2024-10-10,CUST1889,James Sari,Midwest,Electronics,USB-C Cable,1,85.00 ,Cancelled,Credit Card,85.00
ORD102561,2024-02-07,CUST1649,Rina Wilson,East,Sports & Outdoors,Camping Tent,2,85.02 ,Completed,Debit Card,170.04
ORD103808,2023-02-24,CUST1523,Michael Chen,East,Electronics,Wireless Mouse,1,85.14 ,Completed,Gift Card,85.14
ORD101719,2023-09-01,CUST1414,Ayu Chen,East,Home & Kitchen,Coffee Maker,1,85.27 ,Completed,Credit Card,85.27
ORD100447,2023-12-14,CUST1127,Linda Halim,East,Sports & Outdoors,Resistance Bands,2,85.29 ,Pending,PayPal,170.58
ORD101070,2024-03-05,CUST1417,Andi Hidayat,East,Home & Kitchen,Non-Stick Pan,2,85.39 ,Completed,PayPal,170.78
ORD101833,2023-08-07,CUST1129,Budi Wilson,East,Sports & Outdoors,Resistance Bands,2,85.43 ,Cancelled,Credit Card,170.86
ORD101823,2024-09-10,CUST1350,Linda Salim,East,Electronics,Power Bank,5,85.45 ,Cancelled,Credit Card,427.25
ORD102206,2023-09-26,CUST1800,David Chen,Midwest,Electronics,USB-C Cable,1,85.56 ,Completed,Debit Card,85.56
ORD100410,2023-01-30,CUST1193,Dewi Kurniawan,East,Sports & Outdoors,Water Bottle,2,85.59 ,Completed,Debit Card,171.18
ORD102077,2023-08-28,CUST1581,Unknown Customer,East,Electronics,Wireless Mouse,1,85.63 ,Completed,Credit Card,85.63
ORD101962,2024-03-31,CUST1817,Ahmad Hidayat,East,Home & Kitchen,Storage Containers,1,85.68 ,Completed,Unknown,85.68
ORD103182,2024-03-22,CUST1777,Ayu Chen,East,Home & Kitchen,Blender,1,85.70 ,Completed,Credit Card,85.70
ORD102256,2023-07-18,CUST1214,Ahmad Tan,East,Sports & Outdoors,Jump Rope,1,85.70 ,Completed,Gift Card,85.70
ORD100324,2024-10-16,CUST1188,James Lee,East,Home & Kitchen,Blender,1,85.72 ,Completed,Debit Card,85.72
ORD100085,2023-09-13,CUST1421,Ayu Lee,East,Electronics,Power Bank,1,85.81 ,Completed,Debit Card,85.81
ORD102875,2023-04-30,CUST1808,Michael Kurniawan,Midwest,Sports & Outdoors,Jump Rope,1,85.82 ,Completed,Credit Card,85.82
ORD102418,2023-02-07,CUST1464,Dewi Taylor,East,Sports & Outdoors,Hiking Backpack,1,85.83 ,Completed,Credit Card,85.83
ORD100329,2023-02-26,CUST1367,James Salim,Midwest,Home & Kitchen,LED Desk Lamp,1,86.20 ,Completed,Credit Card,86.20
ORD100629,2024-06-15,CUST1033,Linda Sari,East,Electronics,Wireless Earbuds,4,86.22 ,Cancelled,Debit Card,344.88
ORD101551,2023-06-25,CUST1755,Budi Sari,East,Electronics,Webcam,2,86.29 ,Completed,Debit Card,172.58
ORD101896,2024-05-22,CUST1713,Dewi Taylor,East,Electronics,Wireless Mouse,1,86.44 ,Pending,Debit Card,86.44
ORD102732,2023-07-01,CUST1215,Putri Salim,Midwest,Electronics,Smartphone Case,1,86.48 ,Completed,Debit Card,86.48
ORD102916,2023-06-20,CUST1213,Michael Tan,East,Home & Kitchen,Non-Stick Pan,2,86.48 ,Pending,Gift Card,172.96
ORD103916,2023-06-06,CUST1681,Maria Hidayat,East,Sports & Outdoors,Water Bottle,1,86.62 ,Cancelled,Debit Card,86.62
ORD102689,2024-02-29,CUST1757,Sarah Lee,East,Home & Kitchen,Non-Stick Pan,2,86.68 ,Completed,Unknown,173.36
ORD100281,2023-06-24,CUST1163,Lisa Pratama,East,Sports & Outdoors,Hiking Backpack,2,86.72 ,Returned,PayPal,173.44
ORD101739,2023-05-15,CUST1101,Sarah Smith,West,Sports & Outdoors,Resistance Bands,1,86.76 ,Completed,Credit Card,86.76
ORD102194,2024-02-27,CUST1163,Lisa Pratama,East,Sports & Outdoors,Resistance Bands,1,86.84 ,Completed,Debit Card,86.84
ORD101037,2024-10-18,CUST1764,Andi Yusuf,East,Home & Kitchen,LED Desk Lamp,1,86.87 ,Completed,PayPal,86.87
ORD100362,2024-01-14,CUST1682,Ayu Hidayat,South,Home & Kitchen,Cutting Board,2,86.91 ,Completed,Credit Card,173.82
ORD103048,2024-03-06,CUST1756,Putri Kurniawan,Midwest,Home & Kitchen,LED Desk Lamp,1,87.02 ,Completed,Credit Card,87.02
ORD100370,2023-05-21,CUST1593,Unknown Customer,East,Home & Kitchen,Throw Pillow,2,87.02 ,Completed,Debit Card,174.04
ORD102963,2024-02-29,CUST1220,David Wijaya,Midwest,Sports & Outdoors,Hiking Backpack,2,87.02 ,Completed,PayPal,174.04
ORD101227,2024-03-08,CUST1705,Michael Johnson,Midwest,Electronics,Webcam,5,87.03 ,Completed,Credit Card,435.15
ORD103431,2023-10-15,CUST1562,Robert Tan,East,Home & Kitchen,Blender,2,87.04 ,Completed,Debit Card,174.08
ORD101694,2023-12-13,CUST1783,Ayu Taylor,East,Sports & Outdoors,Camping Tent,1,87.06 ,Completed,Gift Card,87.06
ORD103191,2023-01-15,CUST1414,Ayu Chen,East,Sports & Outdoors,Water Bottle,1,87.11 ,Completed,Debit Card,87.11
ORD103727,2024-08-26,CUST1300,Sarah Taylor,East,Sports & Outdoors,Yoga Mat,4,87.15 ,Completed,PayPal,348.60
ORD100130,2024-01-15,CUST1676,Lisa Wijaya,Midwest,Home & Kitchen,Coffee Maker,1,87.20 ,Cancelled,Debit Card,87.20
ORD100953,2024-05-14,CUST1701,John Santos,Midwest,Sports & Outdoors,Yoga Mat,1,87.22 ,Completed,Credit Card,87.22
ORD101723,2023-02-01,CUST1197,Sarah Lee,Midwest,Home & Kitchen,Storage Containers,1,87.29 ,Completed,Credit Card,87.29
ORD103364,2023-06-22,CUST1697,Michael Sari,East,Sports & Outdoors,Resistance Bands,1,87.39 ,Completed,Credit Card,87.39
ORD103213,2023-01-04,CUST1123,Andi Anderson,East,Electronics,Webcam,2,87.41 ,Cancelled,PayPal,174.82
ORD102215,2024-12-07,CUST1745,Ahmad Halim,East,Electronics,Bluetooth Speaker,3,87.41 ,Completed,Credit Card,262.23
ORD102494,2023-08-25,CUST1016,John Pratama,Midwest,Electronics,Wireless Mouse,1,87.44 ,Completed,Debit Card,87.44
ORD100925,2024-01-13,CUST1303,James Wilson,Midwest,Electronics,Wireless Earbuds,2,87.44 ,Completed,PayPal,174.88
ORD102421,2024-01-27,CUST1861,Ayu Santos,East,Home & Kitchen,Cutting Board,1,87.45 ,Cancelled,Credit Card,87.45
ORD103501,2023-06-14,CUST1174,Siti Lee,East,Home & Kitchen,Coffee Maker,2,87.51 ,Pending,Debit Card,175.02
ORD103387,2023-01-12,CUST1679,Siti Halim,East,Sports & Outdoors,Camping Tent,1,87.54 ,Completed,PayPal,87.54
ORD101903,2023-03-20,CUST1766,Michael Kurniawan,East,Sports & Outdoors,Resistance Bands,3,87.66 ,Completed,Debit Card,262.98
ORD103064,2023-02-02,CUST1631,Lisa Tan,East,Sports & Outdoors,Camping Tent,4,87.68 ,Completed,Credit Card,350.72
ORD100765,2023-02-11,CUST1615,Putri Anderson,South,Home & Kitchen,Cutting Board,4,87.86 ,Pending,PayPal,351.44
ORD101028,2024-10-01,CUST1484,James Anderson,East,Sports & Outdoors,Hiking Backpack,1,88.16 ,Completed,Debit Card,88.16
ORD102337,2023-01-03,CUST1076,Kevin Santos,East,Home & Kitchen,Storage Containers,1,88.30 ,Cancelled,Gift Card,88.30
ORD100133,2023-07-17,CUST1775,Putri Hidayat,East,Sports & Outdoors,Water Bottle,2,88.38 ,Completed,Gift Card,176.76
ORD103721,2024-12-31,CUST1859,Rina Kurniawan,Midwest,Sports & Outdoors,Resistance Bands,4,88.45 ,Completed,Gift Card,353.80
ORD101635,2024-02-23,CUST1747,Dewi Yusuf,East,Electronics,Wireless Mouse,1,88.47 ,Completed,Debit Card,88.47
ORD100721,2023-10-16,CUST1006,James Smith,East,Sports & Outdoors,Yoga Mat,2,88.48 ,Returned,Unknown,176.96
ORD102587,2024-10-15,CUST1146,Ayu Smith,East,Electronics,Wireless Earbuds,2,88.66 ,Completed,Debit Card,177.32
ORD103951,2023-02-11,CUST1520,John Halim,East,Sports & Outdoors,Yoga Mat,1,88.72 ,Completed,PayPal,88.72
ORD101994,2024-12-02,CUST1696,David Hidayat,East,Electronics,USB-C Cable,1,88.74 ,Completed,Debit Card,88.74
ORD101832,2024-05-10,CUST1814,Unknown Customer,East,Electronics,Wireless Earbuds,2,88.75 ,Completed,Credit Card,177.50
ORD101947,2024-12-02,CUST1186,Andi Anderson,South,Sports & Outdoors,Resistance Bands,1,88.81 ,Completed,Debit Card,88.81
ORD102051,2024-07-14,CUST1859,Rina Kurniawan,Midwest,Sports & Outdoors,Yoga Mat,1,88.90 ,Completed,PayPal,88.90
ORD101411,2023-07-30,CUST1211,Sarah Santos,East,Sports & Outdoors,Yoga Mat,1,88.93 ,Completed,Gift Card,88.93
ORD102884,2024-03-25,CUST1267,Maria Anderson,East,Sports & Outdoors,Camping Tent,1,89.04 ,Completed,PayPal,89.04
ORD100971,2024-09-04,CUST1740,Dewi Hidayat,East,Home & Kitchen,LED Desk Lamp,2,89.04 ,Completed,Debit Card,178.08
ORD100785,2023-10-26,CUST1353,Andi Halim,East,Electronics,USB-C Cable,1,89.17 ,Completed,Gift Card,89.17
ORD100658,2024-12-05,CUST1003,Siti Anderson,East,Electronics,Smartphone Case,1,89.21 ,Completed,Unknown,89.21
ORD102784,2024-06-15,CUST1681,Unknown Customer,East,Electronics,Laptop Stand,2,89.27 ,Completed,Unknown,178.54
ORD103394,2024-08-22,CUST1379,Putri Halim,East,Sports & Outdoors,Resistance Bands,1,89.30 ,Completed,Unknown,89.30
ORD101590,2023-02-13,CUST1870,Dewi Chen,East,Electronics,Wireless Earbuds,2,89.31 ,Completed,Gift Card,178.62
ORD102251,2023-11-21,CUST1884,Kevin Salim,East,Home & Kitchen,Throw Pillow,2,89.41 ,Completed,Gift Card,178.82
ORD100582,2023-02-16,CUST1613,Andi Garcia,East,Home & Kitchen,LED Desk Lamp,1,89.49 ,Returned,Credit Card,89.49
ORD101397,2024-12-09,CUST1064,James Lee,East,Home & Kitchen,Non-Stick Pan,1,89.54 ,Completed,Debit Card,89.54
ORD101613,2023-09-22,CUST1835,Nina Wilson,Midwest,Sports & Outdoors,Camping Tent,1,89.54 ,Completed,Unknown,89.54
ORD102633,2024-08-05,CUST1666,Michael Nugroho,Midwest,Electronics,USB-C Cable,1,89.55 ,Completed,PayPal,89.55
ORD100664,2023-02-12,CUST1603,Sarah Anderson,Midwest,Sports & Outdoors,Resistance Bands,1,89.64 ,Completed,Debit Card,89.64
ORD103100,2023-10-21,CUST1569,David Kurniawan,East,Sports & Outdoors,Jump Rope,2,89.86 ,Completed,Gift Card,179.72
ORD103934,2023-02-25,CUST1832,Rina Pratama,South,Electronics,Power Bank,2,90.02 ,Completed,PayPal,180.04
ORD100549,2024-10-18,CUST1122,Sarah Smith,East,Electronics,Bluetooth Speaker,3,90.31 ,Completed,PayPal,270.93
ORD102724,2024-08-16,CUST1386,Lisa Johnson,East,Electronics,Webcam,2,90.35 ,Returned,Debit Card,180.70
ORD103219,2023-07-04,CUST1804,Nina Wilson,East,Electronics,Webcam,2,90.52 ,Completed,Unknown,181.04
ORD102289,2023-05-19,CUST1199,Dewi Chen,Midwest,Home & Kitchen,Storage Containers,1,90.55 ,Completed,Debit Card,90.55
ORD102146,2024-04-09,CUST1668,Siti Brown,East,Sports & Outdoors,Camping Tent,1,90.64 ,Completed,Debit Card,90.64
ORD103389,2024-08-26,CUST1167,Putri Hidayat,East,Electronics,Bluetooth Speaker,2,90.65 ,Completed,Debit Card,181.30
ORD100954,2024-09-10,CUST1465,Nina Wilson,Midwest,Sports & Outdoors,Jump Rope,1,90.91 ,Pending,Credit Card,90.91
ORD102198,2024-09-18,CUST1302,Dewi Taylor,Midwest,Home & Kitchen,Cutting Board,1,90.95 ,Completed,Debit Card,90.95
ORD101980,2023-12-07,CUST1011,Dewi Garcia,East,Sports & Outdoors,Resistance Bands,1,90.95 ,Returned,Unknown,90.95
ORD100786,2024-01-20,CUST1783,Ayu Taylor,East,Electronics,Power Bank,2,90.96 ,Returned,PayPal,181.92
ORD100952,2023-09-19,CUST1032,Andi Sari,East,Sports & Outdoors,Resistance Bands,1,90.98 ,Completed,Gift Card,90.98
ORD101202,2024-08-07,CUST1372,Rina Nugroho,East,Sports & Outdoors,Camping Tent,1,91.11 ,Completed,Debit Card,91.11
ORD102835,2023-11-04,CUST1265,Sarah Johnson,Midwest,Electronics,Wireless Mouse,1,91.13 ,Cancelled,Credit Card,91.13
ORD102097,2024-12-05,CUST1624,Budi Smith,East,Electronics,Smartphone Case,2,91.19 ,Completed,Debit Card,182.38
ORD103075,2023-02-16,CUST1406,Ahmad Wilson,East,Home & Kitchen,Throw Pillow,3,91.21 ,Completed,Credit Card,273.63
ORD101379,2023-05-23,CUST1175,Lisa Kurniawan,East,Electronics,Wireless Earbuds,1,91.47 ,Pending,Unknown,91.47
ORD102883,2024-10-03,CUST1574,Ahmad Hidayat,East,Electronics,USB-C Cable,3,91.57 ,Completed,Gift Card,274.71
ORD103026,2024-06-26,CUST1376,Nina Yusuf,Midwest,Home & Kitchen,Cutting Board,2,91.59 ,Completed,Gift Card,183.18
ORD103660,2023-10-03,CUST1852,Putri Garcia,East,Electronics,Bluetooth Speaker,1,91.69 ,Completed,Credit Card,91.69
ORD103668,2023-02-02,CUST1854,Putri Garcia,Midwest,Home & Kitchen,Storage Containers,1,91.73 ,Completed,Gift Card,91.73
ORD100781,2024-03-23,CUST1050,Sarah Anderson,East,Home & Kitchen,Storage Containers,3,91.98 ,Completed,PayPal,275.94
ORD100451,2024-09-08,CUST1484,James Anderson,East,Electronics,Smartphone Case,1,92.07 ,Cancelled,Credit Card,92.07
ORD103856,2024-02-28,CUST1128,Rina Taylor,East,Sports & Outdoors,Hiking Backpack,2,92.13 ,Returned,PayPal,184.26
ORD102851,2024-01-22,CUST1601,Nina Taylor,East,Sports & Outdoors,Camping Tent,1,92.15 ,Completed,Debit Card,92.15
ORD101035,2024-07-14,CUST1535,Maria Brown,East,Home & Kitchen,Storage Containers,1,92.16 ,Completed,Gift Card,92.16
ORD100436,2024-11-24,CUST1048,Andi Kurniawan,East,Electronics,Laptop Stand,1,92.30 ,Completed,Credit Card,92.30
ORD100096,2024-01-10,CUST1369,Sarah Halim,East,Home & Kitchen,Non-Stick Pan,1,92.35 ,Completed,PayPal,92.35
ORD100125,2024-01-23,CUST1750,Nina Brown,South,Sports & Outdoors,Water Bottle,1,92.39 ,Completed,Gift Card,92.39
ORD101300,2023-06-01,CUST1630,John Kurniawan,East,Home & Kitchen,Throw Pillow,2,92.51 ,Completed,Gift Card,185.02
ORD101605,2023-12-28,CUST1431,Nina Hidayat,East,Sports & Outdoors,Yoga Mat,1,92.53 ,Completed,Credit Card,92.53
ORD102623,2024-05-10,CUST1178,Michael Pratama,Midwest,Sports & Outdoors,Water Bottle,1,92.66 ,Completed,Gift Card,92.66
ORD100620,2024-07-02,CUST1203,Linda Brown,South,Home & Kitchen,Cutting Board,1,92.89 ,Completed,Unknown,92.89
ORD103654,2024-04-12,CUST1605,Andi Sari,East,Home & Kitchen,Coffee Maker,1,92.90 ,Completed,PayPal,92.90
ORD103350,2024-10-13,CUST1778,Kevin Wilson,East,Electronics,Power Bank,1,92.93 ,Completed,Debit Card,92.93
ORD102428,2023-02-15,CUST1678,Lisa Brown,Midwest,Sports & Outdoors,Resistance Bands,1,93.07 ,Completed,Debit Card,93.07
ORD101113,2023-12-10,CUST1163,Lisa Pratama,East,Electronics,Webcam,1,93.11 ,Completed,Gift Card,93.11
ORD101948,2024-04-12,CUST1850,Dewi Wijaya,East,Home & Kitchen,Coffee Maker,1,93.14 ,Completed,Debit Card,93.14
ORD101416,2023-11-28,CUST1422,Budi Pratama,East,Electronics,Wireless Earbuds,2,93.17 ,Completed,PayPal,186.34
ORD101846,2024-03-25,CUST1464,Dewi Taylor,East,Sports & Outdoors,Camping Tent,1,93.21 ,Completed,Credit Card,93.21
ORD101375,2024-08-27,CUST1642,Putri Salim,South,Sports & Outdoors,Water Bottle,2,93.26 ,Pending,Debit Card,186.52
ORD103047,2024-08-15,CUST1833,Putri Yusuf,East,Electronics,USB-C Cable,1,93.27 ,Completed,PayPal,93.27
ORD101585,2023-11-25,CUST1352,Lisa Taylor,East,Home & Kitchen,Storage Containers,1,93.35 ,Cancelled,Gift Card,93.35
ORD103977,2023-04-19,CUST1510,Sarah Halim,South,Home & Kitchen,Blender,1,93.36 ,Completed,Credit Card,93.36
ORD100728,2024-10-05,CUST1676,Lisa Wijaya,Midwest,Electronics,Laptop Stand,1,93.40 ,Cancelled,Gift Card,93.40
ORD103690,2024-06-27,CUST1836,Kevin Salim,East,Home & Kitchen,Non-Stick Pan,3,93.41 ,Completed,Gift Card,280.23
ORD102423,2023-05-01,CUST1838,Budi Chen,Midwest,Electronics,Bluetooth Speaker,2,93.44 ,Completed,PayPal,186.88
ORD102431,2023-09-18,CUST1862,Ahmad Santos,East,Electronics,USB-C Cable,1,93.45 ,Completed,Credit Card,93.45
ORD102492,2023-10-14,CUST1454,Fajar Wijaya,East,Home & Kitchen,LED Desk Lamp,3,93.45 ,Completed,Credit Card,280.35
ORD101172,2024-11-13,CUST1814,Michael Taylor,East,Electronics,Wireless Earbuds,2,93.48 ,Completed,Debit Card,186.96
ORD102665,2023-08-23,CUST1172,Nina Lee,East,Home & Kitchen,Non-Stick Pan,5,93.48 ,Completed,Debit Card,467.40
ORD100086,2024-02-17,CUST1424,Linda Garcia,East,Sports & Outdoors,Camping Tent,2,93.50 ,Completed,Debit Card,187.00
ORD103136,2024-03-04,CUST1061,Robert Chen,East,Home & Kitchen,Blender,4,93.50 ,Completed,PayPal,374.00
ORD101136,2024-01-31,CUST1102,Maria Brown,East,Home & Kitchen,Blender,1,93.53 ,Completed,Gift Card,93.53
ORD103340,2024-07-02,CUST1519,Unknown Customer,East,Home & Kitchen,Coffee Maker,1,93.58 ,Completed,Gift Card,93.58
ORD102773,2024-04-01,CUST1831,Sarah Hidayat,East,Sports & Outdoors,Camping Tent,1,93.63 ,Completed,Debit Card,93.63
ORD100767,2024-04-14,CUST1092,Putri Nugroho,East,Home & Kitchen,Throw Pillow,1,93.68 ,Completed,Gift Card,93.68
ORD100675,2024-02-05,CUST1209,Andi Sari,East,Electronics,Wireless Mouse,3,93.72 ,Completed,Credit Card,281.16
ORD103091,2024-03-30,CUST1133,Andi Hidayat,East,Sports & Outdoors,Jump Rope,1,93.74 ,Completed,Debit Card,93.74
ORD100881,2023-09-17,CUST1423,David Smith,East,Sports & Outdoors,Resistance Bands,2,93.80 ,Completed,Gift Card,187.60
ORD101352,2024-04-30,CUST1238,John Pratama,East,Home & Kitchen,Non-Stick Pan,2,93.81 ,Completed,PayPal,187.62
ORD100042,2024-07-11,CUST1158,Nina Nugroho,East,Home & Kitchen,Non-Stick Pan,1,93.85 ,Completed,Credit Card,93.85
ORD101678,2024-12-04,CUST1282,Sarah Tan,East,Sports & Outdoors,Jump Rope,1,93.88 ,Completed,PayPal,93.88
ORD101697,2024-08-02,CUST1103,Ahmad Salim,South,Sports & Outdoors,Jump Rope,4,93.88 ,Completed,PayPal,375.52
ORD101997,2024-03-24,CUST1777,Ayu Chen,East,Sports & Outdoors,Yoga Mat,1,93.89 ,Completed,Debit Card,93.89
ORD101317,2024-05-06,CUST1387,Budi Pratama,East,Home & Kitchen,Blender,3,93.95 ,Completed,Credit Card,281.85
ORD103069,2024-07-30,CUST1258,Ayu Smith,East,Sports & Outdoors,Jump Rope,1,93.96 ,Completed,Gift Card,93.96
ORD100573,2023-03-26,CUST1444,Robert Tan,East,Sports & Outdoors,Resistance Bands,1,93.98 ,Completed,PayPal,93.98
ORD100993,2023-12-25,CUST1655,John Tan,East,Electronics,Power Bank,1,94.01 ,Completed,Gift Card,94.01
ORD103929,2023-08-08,CUST1817,Unknown Customer,East,Sports & Outdoors,Jump Rope,1,94.08 ,Completed,Credit Card,94.08
ORD103079,2023-11-21,CUST1738,Fajar Halim,East,Sports & Outdoors,Resistance Bands,1,94.24 ,Completed,PayPal,94.24
ORD102873,2024-12-05,CUST1012,Andi Yusuf,East,Home & Kitchen,Coffee Maker,2,94.43 ,Cancelled,Credit Card,188.86
ORD102176,2024-12-23,CUST1071,Kevin Lee,Midwest,Home & Kitchen,Cutting Board,2,94.45 ,Completed,PayPal,188.90
ORD101593,2024-11-25,CUST1150,Ayu Wijaya,East,Electronics,Laptop Stand,1,94.47 ,Completed,Gift Card,94.47
ORD101499,2024-08-13,CUST1380,Lisa Brown,Midwest,Electronics,Power Bank,1,94.55 ,Completed,Credit Card,94.55
ORD102440,2024-08-16,CUST1332,Siti Johnson,Midwest,Electronics,Webcam,5,94.62 ,Completed,Debit Card,473.10
ORD100861,2023-09-25,CUST1196,Putri Pratama,East,Sports & Outdoors,Water Bottle,2,94.77 ,Completed,Debit Card,189.54
ORD100876,2023-07-12,CUST1789,Sarah Nugroho,East,Home & Kitchen,Throw Pillow,1,94.81 ,Returned,Debit Card,94.81
ORD103112,2024-03-19,CUST1407,Rina Smith,East,Electronics,Webcam,4,94.94 ,Cancelled,Gift Card,379.76
ORD101755,2024-01-31,CUST1854,Putri Garcia,Midwest,Home & Kitchen,LED Desk Lamp,3,94.98 ,Completed,Gift Card,284.94
ORD103020,2023-04-04,CUST1333,Nina Lee,East,Electronics,Power Bank,1,95.02 ,Returned,Debit Card,95.02
ORD101713,2023-07-12,CUST1377,Putri Taylor,Midwest,Sports & Outdoors,Camping Tent,4,95.03 ,Completed,PayPal,380.12
ORD100385,2024-05-14,CUST1503,Andi Anderson,East,Sports & Outdoors,Water Bottle,1,95.10 ,Completed,Gift Card,95.10
ORD101335,2023-08-01,CUST1476,Andi Wijaya,East,Home & Kitchen,Non-Stick Pan,1,95.35 ,Cancelled,Credit Card,95.35
ORD100746,2024-07-28,CUST1746,Siti Garcia,East,Home & Kitchen,Blender,1,95.36 ,Completed,PayPal,95.36
ORD100064,2024-02-02,CUST1884,Kevin Salim,East,Sports & Outdoors,Yoga Mat,2,95.38 ,Completed,PayPal,190.76
ORD102610,2024-12-03,CUST1175,Lisa Kurniawan,East,Electronics,Power Bank,1,95.44 ,Completed,Debit Card,95.44
ORD101614,2023-01-23,CUST1144,Unknown Customer,East,Electronics,Smartphone Case,3,95.49 ,Completed,Debit Card,286.47
ORD102706,2023-03-11,CUST1215,Putri Salim,Midwest,Electronics,Laptop Stand,5,95.63 ,Completed,PayPal,478.15
ORD102430,2023-08-10,CUST1244,Nina Pratama,East,Home & Kitchen,Throw Pillow,1,95.68 ,Completed,Debit Card,95.68
ORD101882,2023-08-06,CUST1602,Siti Lee,Midwest,Home & Kitchen,Blender,1,95.79 ,Returned,Debit Card,95.79
ORD101649,2024-08-30,CUST1430,Maria Garcia,Midwest,Sports & Outdoors,Resistance Bands,1,95.85 ,Completed,Credit Card,95.85
ORD101717,2023-03-01,CUST1367,James Salim,Midwest,Sports & Outdoors,Camping Tent,1,96.00 ,Completed,Credit Card,96.00
ORD103947,2024-11-28,CUST1729,Rina Halim,East,Sports & Outdoors,Water Bottle,4,96.00 ,Completed,Gift Card,384.00
ORD100739,2023-11-26,CUST1758,John Tan,Midwest,Home & Kitchen,Throw Pillow,1,96.02 ,Completed,Gift Card,96.02
ORD102766,2024-07-16,CUST1394,Nina Santos,Midwest,Home & Kitchen,Throw Pillow,2,96.03 ,Cancelled,PayPal,192.06
ORD100884,2023-07-08,CUST1111,Siti Halim,East,Electronics,USB-C Cable,1,96.13 ,Completed,Credit Card,96.13
ORD102531,2024-09-25,CUST1099,Sarah Santos,East,Home & Kitchen,Blender,1,96.15 ,Cancelled,Gift Card,96.15
ORD103306,2023-05-18,CUST1060,Ahmad Wilson,East,Sports & Outdoors,Yoga Mat,3,96.17 ,Completed,PayPal,288.51
ORD101634,2024-06-25,CUST1303,James Wilson,Midwest,Electronics,Smartphone Case,1,96.19 ,Completed,Gift Card,96.19
ORD101659,2024-06-30,CUST1548,Andi Tan,Midwest,Sports & Outdoors,Yoga Mat,1,96.21 ,Completed,Credit Card,96.21
ORD102545,2024-03-23,CUST1448,Maria Halim,East,Electronics,Webcam,1,96.24 ,Completed,Credit Card,96.24
ORD100617,2023-10-13,CUST1618,Budi Lee,East,Sports & Outdoors,Water Bottle,2,96.46 ,Completed,PayPal,192.92
ORD102188,2024-10-13,CUST1223,Michael Halim,East,Electronics,Smartphone Case,1,96.64 ,Completed,PayPal,96.64
ORD101297,2024-05-10,CUST1674,Dewi Lee,East,Electronics,Wireless Earbuds,2,96.85 ,Cancelled,PayPal,193.70
ORD101240,2023-01-02,CUST1771,Putri Salim,East,Electronics,Bluetooth Speaker,1,96.87 ,Completed,Gift Card,96.87
ORD102339,2024-04-07,CUST1586,Putri Smith,Midwest,Sports & Outdoors,Camping Tent,1,96.97 ,Completed,Credit Card,96.97
ORD103912,2024-05-09,CUST1359,Ayu Wilson,South,Sports & Outdoors,Jump Rope,1,96.97 ,Completed,Unknown,96.97
ORD103810,2023-12-02,CUST1266,Kevin Nugroho,East,Sports & Outdoors,Water Bottle,1,97.11 ,Cancelled,PayPal,97.11
ORD101808,2023-09-10,CUST1519,Andi Santos,East,Sports & Outdoors,Jump Rope,1,97.15 ,Completed,Credit Card,97.15
ORD103867,2024-07-08,CUST1596,Ayu Garcia,East,Sports & Outdoors,Jump Rope,2,97.16 ,Cancelled,Unknown,194.32
ORD103172,2023-07-27,CUST1177,Ayu Pratama,East,Home & Kitchen,Non-Stick Pan,2,97.27 ,Completed,Credit Card,194.54
ORD101279,2024-02-07,CUST1057,Maria Lee,Midwest,Home & Kitchen,Cutting Board,1,97.36 ,Completed,Credit Card,97.36
ORD102580,2024-01-14,CUST1487,Andi Lee,East,Sports & Outdoors,Resistance Bands,2,97.36 ,Completed,Credit Card,194.72
ORD103596,2023-04-02,CUST1733,Lisa Sari,East,Home & Kitchen,Non-Stick Pan,2,97.46 ,Cancelled,PayPal,194.92
ORD102659,2023-03-09,CUST1423,David Smith,East,Sports & Outdoors,Camping Tent,1,97.50 ,Cancelled,Debit Card,97.50
ORD103437,2024-03-29,CUST1450,David Santos,East,Electronics,Wireless Mouse,1,97.51 ,Completed,Debit Card,97.51
ORD102458,2023-03-25,CUST1257,Sarah Taylor,East,Sports & Outdoors,Water Bottle,1,97.51 ,Completed,PayPal,97.51
ORD101301,2023-08-19,CUST1873,Ayu Anderson,East,Sports & Outdoors,Jump Rope,1,97.51 ,Completed,Gift Card,97.51
ORD103552,2024-06-08,CUST1621,James Wijaya,East,Sports & Outdoors,Camping Tent,1,97.59 ,Completed,Gift Card,97.59
ORD103530,2024-04-20,CUST1435,Dewi Lee,East,Sports & Outdoors,Jump Rope,1,97.69 ,Completed,PayPal,97.69
ORD102161,2023-06-04,CUST1316,Unknown Customer,South,Home & Kitchen,Throw Pillow,1,97.70 ,Completed,Debit Card,97.70
ORD102148,2024-05-30,CUST1264,Siti Halim,East,Sports & Outdoors,Jump Rope,1,97.73 ,Completed,PayPal,97.73
ORD100725,2024-06-12,CUST1508,Budi Garcia,Midwest,Home & Kitchen,Non-Stick Pan,4,97.87 ,Cancelled,PayPal,391.48
ORD101714,2023-09-13,CUST1673,Ahmad Smith,East,Sports & Outdoors,Yoga Mat,1,97.90 ,Completed,Credit Card,97.90
ORD103804,2024-08-19,CUST1672,Ahmad Smith,East,Home & Kitchen,Blender,2,97.92 ,Completed,Debit Card,195.84
ORD102164,2024-06-17,CUST1468,Michael Tan,East,Home & Kitchen,Storage Containers,2,97.95 ,Completed,Gift Card,195.90
ORD102511,2023-02-14,CUST1829,Nina Nugroho,Midwest,Home & Kitchen,LED Desk Lamp,2,97.98 ,Completed,Gift Card,195.96
ORD103011,2023-08-30,CUST1870,Dewi Chen,East,Sports & Outdoors,Water Bottle,2,98.11 ,Cancelled,Gift Card,196.22
ORD100442,2023-03-04,CUST1346,Dewi Taylor,East,Home & Kitchen,Cutting Board,4,98.22 ,Completed,Credit Card,392.88
ORD102367,2023-07-25,CUST1334,Unknown Customer,East,Electronics,Wireless Earbuds,1,98.27 ,Completed,PayPal,98.27
ORD102389,2023-09-21,CUST1835,Nina Wilson,Midwest,Sports & Outdoors,Resistance Bands,1,98.30 ,Completed,Unknown,98.30
ORD100077,2024-11-20,CUST1116,Michael Lee,East,Home & Kitchen,Blender,1,98.34 ,Completed,Debit Card,98.34
ORD101003,2023-06-07,CUST1321,Putri Garcia,Midwest,Electronics,Webcam,1,98.39 ,Completed,Credit Card,98.39
ORD102302,2024-09-15,CUST1596,Ayu Garcia,East,Electronics,Smartphone Case,1,98.43 ,Completed,Gift Card,98.43
ORD103790,2023-10-05,CUST1826,Maria Halim,East,Electronics,Laptop Stand,1,98.55 ,Completed,Credit Card,98.55
ORD103946,2024-06-09,CUST1585,Robert Anderson,East,Home & Kitchen,Cutting Board,1,98.59 ,Completed,Credit Card,98.59
ORD101732,2023-02-14,CUST1239,Dewi Wilson,East,Sports & Outdoors,Resistance Bands,1,98.62 ,Completed,Unknown,98.62
ORD100429,2023-08-03,CUST1195,Unknown Customer,Midwest,Electronics,Wireless Earbuds,2,98.64 ,Completed,PayPal,197.28
ORD103917,2024-09-18,CUST1493,Lisa Kurniawan,East,Home & Kitchen,Cutting Board,1,98.70 ,Returned,Gift Card,98.70
ORD102814,2024-03-18,CUST1191,Putri Yusuf,Midwest,Electronics,Bluetooth Speaker,1,98.77 ,Pending,PayPal,98.77
ORD103352,2023-12-10,CUST1340,Ayu Lee,East,Electronics,Wireless Mouse,1,98.80 ,Completed,PayPal,98.80
ORD103243,2023-11-25,CUST1158,Nina Nugroho,East,Electronics,Bluetooth Speaker,1,98.82 ,Completed,Unknown,98.82
ORD100150,2023-02-25,CUST1512,Rina Wilson,Midwest,Electronics,Webcam,1,98.82 ,Cancelled,PayPal,98.82
ORD100277,2024-04-07,CUST1737,Ahmad Brown,East,Home & Kitchen,Cutting Board,1,98.93 ,Completed,Credit Card,98.93
ORD101451,2024-03-18,CUST1611,Maria Sari,East,Home & Kitchen,Blender,1,99.01 ,Completed,Credit Card,99.01
ORD101424,2024-10-02,CUST1894,Putri Anderson,East,Sports & Outdoors,Yoga Mat,1,99.07 ,Completed,Debit Card,99.07
ORD102560,2024-12-10,CUST1144,Kevin Smith,East,Home & Kitchen,LED Desk Lamp,1,99.12 ,Completed,Credit Card,99.12
ORD103548,2023-09-24,CUST1123,Andi Anderson,East,Sports & Outdoors,Resistance Bands,5,99.19 ,Completed,Credit Card,495.95
ORD100005,2023-05-27,CUST1415,Sarah Salim,East,Home & Kitchen,Storage Containers,1,99.31 ,Cancelled,Gift Card,99.31
ORD103354,2024-01-20,CUST1465,Nina Wilson,Midwest,Sports & Outdoors,Hiking Backpack,2,99.46 ,Completed,Debit Card,198.92
ORD100565,2023-06-29,CUST1623,John Yusuf,East,Electronics,Wireless Mouse,1,99.47 ,Completed,PayPal,99.47
ORD102026,2023-09-13,CUST1710,Linda Chen,East,Sports & Outdoors,Camping Tent,2,99.56 ,Cancelled,Credit Card,199.12
ORD101448,2023-02-21,CUST1491,Rina Taylor,East,Home & Kitchen,Cutting Board,2,99.59 ,Completed,Debit Card,199.18
ORD100736,2024-05-09,CUST1439,Maria Johnson,East,Electronics,USB-C Cable,1,99.62 ,Completed,PayPal,99.62
ORD101114,2024-04-12,CUST1178,Michael Pratama,Midwest,Electronics,Smartphone Case,2,99.62 ,Completed,Credit Card,199.24
ORD101572,2023-06-08,CUST1097,Fajar Anderson,East,Home & Kitchen,Non-Stick Pan,1,99.63 ,Pending,Gift Card,99.63
ORD102861,2024-03-23,CUST1602,Siti Lee,Midwest,Sports & Outdoors,Camping Tent,2,99.71 ,Cancelled,Gift Card,199.42
ORD103714,2023-12-04,CUST1112,Putri Halim,Midwest,Sports & Outdoors,Water Bottle,1,99.79 ,Completed,PayPal,99.79
ORD103775,2023-02-23,CUST1514,Rina Wijaya,Midwest,Home & Kitchen,Coffee Maker,2,99.79 ,Completed,PayPal,199.58
ORD100779,2023-02-09,CUST1469,Michael Lee,Midwest,Electronics,Bluetooth Speaker,1,99.81 ,Completed,Credit Card,99.81
ORD100799,2024-08-21,CUST1233,Michael Lee,East,Electronics,USB-C Cable,1,99.85 ,Completed,Debit Card,99.85
ORD103398,2024-09-27,CUST1838,Budi Chen,Midwest,Sports & Outdoors,Resistance Bands,4,99.85 ,Completed,PayPal,399.40
ORD101632,2023-01-08,CUST1260,Fajar Pratama,East,Sports & Outdoors,Camping Tent,5,99.89 ,Completed,Gift Card,499.45
ORD102620,2024-08-04,CUST1755,Budi Sari,East,Electronics,Bluetooth Speaker,2,99.92 ,Completed,Credit Card,199.84
ORD100092,2024-10-18,CUST1376,Nina Yusuf,Midwest,Home & Kitchen,Non-Stick Pan,1,99.97 ,Pending,PayPal,99.97
ORD102296,2023-04-16,CUST1432,Andi Smith,East,Electronics,Bluetooth Speaker,1,100.08 ,Returned,Credit Card,100.08
ORD100232,2024-01-11,CUST1106,Lisa Kurniawan,East,Home & Kitchen,Storage Containers,3,100.12 ,Returned,Gift Card,300.36
ORD100284,2023-02-03,CUST1151,Ayu Smith,East,Electronics,Laptop Stand,2,100.23 ,Completed,Debit Card,200.46
ORD100025,2024-11-09,CUST1744,Andi Sari,East,Electronics,Smartphone Case,3,100.47 ,Completed,Gift Card,301.41
ORD102109,2024-09-12,CUST1588,David Anderson,East,Electronics,Webcam,1,100.50 ,Completed,Gift Card,100.50
ORD103880,2023-05-24,CUST1015,Michael Tan,East,Electronics,Power Bank,1,100.60 ,Completed,Debit Card,100.60
ORD100263,2024-09-23,CUST1671,John Taylor,South,Electronics,Power Bank,1,100.67 ,Cancelled,Gift Card,100.67
ORD100609,2023-10-25,CUST1153,Fajar Salim,East,Electronics,Webcam,1,100.81 ,Completed,Gift Card,100.81
ORD103450,2024-06-09,CUST1436,Lisa Garcia,East,Electronics,Webcam,1,100.89 ,Completed,PayPal,100.89
ORD101786,2023-02-14,CUST1117,Sarah Pratama,East,Electronics,Laptop Stand,3,100.93 ,Completed,PayPal,302.79
ORD100051,2023-08-24,CUST1427,James Halim,Midwest,Home & Kitchen,Non-Stick Pan,1,101.26 ,Completed,PayPal,101.26
ORD102514,2024-07-24,CUST1543,Ayu Wilson,East,Home & Kitchen,Blender,2,101.48 ,Completed,PayPal,202.96
ORD101286,2024-12-07,CUST1273,Ayu Salim,East,Home & Kitchen,Throw Pillow,1,101.52 ,Completed,Debit Card,101.52
ORD101973,2023-07-23,CUST1169,Lisa Hidayat,Midwest,Electronics,Bluetooth Speaker,3,101.77 ,Completed,Debit Card,305.31
ORD100247,2023-01-01,CUST1839,John Tan,East,Home & Kitchen,Storage Containers,1,101.82 ,Completed,Gift Card,101.82
ORD102803,2023-11-16,CUST1763,Fajar Yusuf,East,Electronics,Laptop Stand,5,101.98 ,Cancelled,Credit Card,509.90
ORD101468,2023-06-14,CUST1836,Kevin Salim,East,Electronics,Wireless Earbuds,2,101.99 ,Completed,Debit Card,203.98
ORD100306,2023-08-11,CUST1388,Rina Tan,East,Home & Kitchen,Cutting Board,1,102.03 ,Completed,Credit Card,102.03
ORD100483,2023-01-31,CUST1006,James Smith,East,Home & Kitchen,Coffee Maker,1,102.03 ,Completed,PayPal,102.03
ORD101825,2023-03-30,CUST1452,Fajar Yusuf,East,Home & Kitchen,Cutting Board,2,102.18 ,Completed,Gift Card,204.36
ORD101268,2024-06-21,CUST1172,Nina Lee,East,Electronics,Smartphone Case,1,102.63 ,Completed,Gift Card,102.63
ORD102413,2023-04-24,CUST1699,John Yusuf,East,Home & Kitchen,Cutting Board,1,102.66 ,Completed,PayPal,102.66
ORD102672,2023-07-01,CUST1394,Nina Santos,Midwest,Home & Kitchen,Blender,2,102.73 ,Completed,Debit Card,205.46
ORD102419,2024-01-23,CUST1070,Kevin Johnson,Midwest,Electronics,Laptop Stand,1,102.77 ,Completed,PayPal,102.77
ORD103611,2024-09-23,CUST1643,Fajar Lee,West,Home & Kitchen,Throw Pillow,1,102.81 ,Completed,Debit Card,102.81
ORD102846,2023-01-02,CUST1012,Andi Yusuf,East,Home & Kitchen,Storage Containers,2,102.93 ,Completed,Gift Card,205.86
ORD100066,2024-09-27,CUST1138,Fajar Anderson,East,Home & Kitchen,Coffee Maker,1,102.95 ,Completed,Debit Card,102.95
ORD100297,2023-07-25,CUST1776,Ahmad Smith,East,Home & Kitchen,LED Desk Lamp,1,103.33 ,Completed,Debit Card,103.33
ORD102661,2024-07-04,CUST1322,Ahmad Wijaya,Midwest,Home & Kitchen,Non-Stick Pan,1,103.34 ,Completed,PayPal,103.34
ORD101495,2023-09-21,CUST1085,John Kurniawan,East,Home & Kitchen,Storage Containers,1,103.41 ,Completed,Debit Card,103.41
ORD101705,2024-05-08,CUST1278,David Salim,East,Home & Kitchen,Non-Stick Pan,1,103.58 ,Completed,PayPal,103.58
ORD103706,2023-01-15,CUST1726,John Tan,East,Home & Kitchen,Coffee Maker,1,103.80 ,Completed,Debit Card,103.80
ORD102201,2023-10-30,CUST1189,Ahmad Kurniawan,Midwest,Electronics,Power Bank,1,103.86 ,Completed,Debit Card,103.86
ORD103998,2023-11-05,CUST1348,Putri Nugroho,East,Home & Kitchen,Storage Containers,1,104.35 ,Completed,Credit Card,104.35
ORD103604,2023-05-03,CUST1891,Sarah Lee,East,Electronics,Bluetooth Speaker,1,104.51 ,Completed,PayPal,104.51
ORD101015,2023-08-05,CUST1345,Michael Santos,East,Electronics,Bluetooth Speaker,5,104.55 ,Completed,Debit Card,522.75
ORD101449,2024-11-09,CUST1084,Ahmad Anderson,East,Electronics,Bluetooth Speaker,2,104.61 ,Completed,Debit Card,209.22
ORD100946,2024-07-07,CUST1168,Linda Nugroho,East,Electronics,Laptop Stand,2,104.61 ,Completed,PayPal,209.22
ORD103801,2023-08-11,CUST1462,Michael Lee,Midwest,Electronics,Webcam,4,104.67 ,Completed,PayPal,418.68
ORD100578,2024-11-16,CUST1372,Rina Nugroho,East,Home & Kitchen,Blender,2,104.74 ,Completed,PayPal,209.48
ORD102481,2023-05-31,CUST1584,John Garcia,East,Home & Kitchen,Non-Stick Pan,5,104.78 ,Completed,PayPal,523.90
ORD103368,2023-01-25,CUST1784,Kevin Kurniawan,West,Home & Kitchen,Throw Pillow,2,104.86 ,Completed,Debit Card,209.72
ORD102467,2023-01-07,CUST1671,John Taylor,South,Electronics,Wireless Mouse,2,104.90 ,Completed,Debit Card,209.80
ORD103673,2024-10-05,CUST1818,Siti Salim,East,Home & Kitchen,Cutting Board,1,104.96 ,Completed,Credit Card,104.96
ORD101079,2023-10-18,CUST1386,Lisa Johnson,East,Home & Kitchen,Cutting Board,1,105.13 ,Cancelled,Credit Card,105.13
ORD103600,2024-03-01,CUST1754,Kevin Salim,Midwest,Electronics,Webcam,2,105.51 ,Completed,Credit Card,211.02
ORD103715,2023-10-18,CUST1803,John Sari,Midwest,Home & Kitchen,Coffee Maker,2,105.52 ,Completed,Gift Card,211.04
ORD103393,2024-10-02,CUST1623,John Yusuf,East,Electronics,USB-C Cable,2,105.66 ,Completed,Debit Card,211.32
ORD101344,2024-01-30,CUST1159,Michael Smith,East,Home & Kitchen,Storage Containers,1,105.72 ,Completed,Debit Card,105.72
ORD102317,2023-05-12,CUST1194,Maria Hidayat,East,Electronics,Laptop Stand,1,105.79 ,Completed,Credit Card,105.79
ORD101798,2024-09-11,CUST1250,Linda Smith,East,Electronics,Webcam,2,105.86 ,Completed,Debit Card,211.72
ORD100310,2023-01-12,CUST1157,Robert Kurniawan,East,Home & Kitchen,Throw Pillow,3,105.96 ,Completed,Credit Card,317.88
ORD100015,2023-06-11,CUST1415,Sarah Salim,East,Home & Kitchen,Cutting Board,4,106.12 ,Completed,Gift Card,424.48
ORD102653,2024-12-12,CUST1757,Sarah Lee,East,Home & Kitchen,Cutting Board,2,106.14 ,Completed,Credit Card,212.28
ORD100801,2023-08-18,CUST1066,Michael Lee,Midwest,Home & Kitchen,Non-Stick Pan,2,106.32 ,Completed,Credit Card,212.64
ORD101954,2023-06-27,CUST1675,Putri Kurniawan,East,Home & Kitchen,LED Desk Lamp,1,106.63 ,Completed,Debit Card,106.63
ORD101106,2023-08-12,CUST1587,Robert Santos,East,Home & Kitchen,Cutting Board,1,106.64 ,Completed,Debit Card,106.64
ORD101993,2023-12-16,CUST1460,Rina Sari,East,Home & Kitchen,Blender,1,106.78 ,Completed,Gift Card,106.78
ORD100168,2023-02-06,CUST1669,Dewi Brown,East,Electronics,Bluetooth Speaker,1,106.83 ,Completed,Credit Card,106.83
ORD103748,2024-02-07,CUST1264,Siti Halim,East,Electronics,Smartphone Case,1,106.83 ,Completed,PayPal,106.83
ORD100136,2023-08-02,CUST1420,Ayu Wijaya,Midwest,Home & Kitchen,Cutting Board,2,106.94 ,Completed,Gift Card,213.88
ORD101522,2023-10-09,CUST1169,Lisa Hidayat,Midwest,Home & Kitchen,Cutting Board,1,106.98 ,Completed,Debit Card,106.98
ORD101737,2024-11-03,CUST1463,Linda Brown,East,Electronics,USB-C Cable,1,107.18 ,Completed,Debit Card,107.18
ORD103377,2024-06-18,CUST1663,Lisa Pratama,East,Electronics,Power Bank,4,107.24 ,Completed,Credit Card,428.96
ORD102015,2024-03-15,CUST1646,Unknown Customer,East,Home & Kitchen,Blender,1,107.46 ,Cancelled,Gift Card,107.46
ORD102357,2024-02-13,CUST1696,David Hidayat,East,Electronics,Smartphone Case,5,107.57 ,Returned,PayPal,537.85
ORD101010,2023-04-21,CUST1037,Lisa Garcia,East,Electronics,Wireless Earbuds,2,107.59 ,Pending,PayPal,215.18
ORD102742,2024-03-20,CUST1026,Putri Yusuf,East,Home & Kitchen,LED Desk Lamp,1,107.68 ,Completed,Debit Card,107.68
ORD101482,2023-01-25,CUST1875,Fajar Garcia,East,Home & Kitchen,Storage Containers,1,108.04 ,Completed,Credit Card,108.04
ORD100963,2023-05-30,CUST1219,Unknown Customer,East,Electronics,Smartphone Case,1,108.09 ,Completed,PayPal,108.09
ORD100798,2024-05-01,CUST1298,Dewi Anderson,East,Home & Kitchen,LED Desk Lamp,2,108.10 ,Completed,Debit Card,216.20
ORD102991,2024-07-22,CUST1585,Robert Anderson,East,Home & Kitchen,LED Desk Lamp,2,108.14 ,Completed,Debit Card,216.28
ORD103322,2023-10-01,CUST1553,Fajar Hidayat,East,Home & Kitchen,Coffee Maker,1,108.21 ,Pending,Gift Card,108.21
ORD100661,2023-12-28,CUST1498,Unknown Customer,East,Home & Kitchen,Blender,5,108.24 ,Completed,Debit Card,541.20
ORD102370,2024-11-25,CUST1878,Ayu Sari,East,Electronics,Smartphone Case,1,108.32 ,Completed,PayPal,108.32
ORD103261,2024-09-20,CUST1545,Rina Yusuf,South,Home & Kitchen,Cutting Board,1,108.34 ,Completed,PayPal,108.34
ORD101884,2023-03-24,CUST1052,Fajar Halim,East,Electronics,Power Bank,1,108.41 ,Completed,PayPal,108.41
ORD101254,2024-03-24,CUST1602,Siti Lee,Midwest,Home & Kitchen,Cutting Board,2,108.42 ,Completed,Gift Card,216.84
ORD103187,2023-09-01,CUST1811,Putri Santos,Midwest,Electronics,Smartphone Case,1,108.50 ,Completed,PayPal,108.50
ORD101830,2023-04-20,CUST1375,Robert Garcia,East,Electronics,Smartphone Case,1,108.69 ,Completed,PayPal,108.69
ORD102616,2023-03-09,CUST1310,Ahmad Halim,Midwest,Electronics,Webcam,4,109.05 ,Completed,Debit Card,436.20
ORD100817,2023-03-11,CUST1836,Kevin Salim,East,Home & Kitchen,LED Desk Lamp,1,109.38 ,Cancelled,Debit Card,109.38
ORD102496,2024-04-20,CUST1058,John Johnson,East,Home & Kitchen,Throw Pillow,1,109.52 ,Completed,PayPal,109.52
ORD102605,2023-10-17,CUST1054,Putri Garcia,East,Electronics,USB-C Cable,5,109.68 ,Completed,Credit Card,548.40
ORD103209,2023-11-16,CUST1423,David Smith,East,Electronics,USB-C Cable,5,109.85 ,Completed,PayPal,549.25
ORD101953,2024-10-20,CUST1679,Siti Halim,East,Electronics,Bluetooth Speaker,1,109.86 ,Completed,Gift Card,109.86
ORD102853,2023-04-26,CUST1893,John Wijaya,East,Home & Kitchen,Cutting Board,1,109.93 ,Completed,Unknown,109.93
ORD103657,2023-02-26,CUST1481,James Chen,East,Home & Kitchen,Coffee Maker,1,110.02 ,Completed,PayPal,110.02
ORD103294,2024-03-01,CUST1699,John Yusuf,East,Home & Kitchen,LED Desk Lamp,1,110.05 ,Completed,Gift Card,110.05
ORD100282,2023-05-15,CUST1456,Kevin Nugroho,East,Home & Kitchen,LED Desk Lamp,1,110.24 ,Pending,Credit Card,110.24
ORD100458,2023-04-28,CUST1540,Dewi Yusuf,East,Home & Kitchen,Cutting Board,1,110.35 ,Pending,PayPal,110.35
ORD101535,2023-11-03,CUST1020,Putri Chen,East,Electronics,Wireless Mouse,4,110.46 ,Completed,Credit Card,441.84
ORD100903,2024-11-06,CUST1443,Andi Hidayat,East,Home & Kitchen,Coffee Maker,1,110.52 ,Completed,Credit Card,110.52
ORD103971,2023-08-12,CUST1486,Sarah Lee,Midwest,Home & Kitchen,LED Desk Lamp,3,110.55 ,Completed,Debit Card,331.65
ORD103000,2024-11-27,CUST1060,Ahmad Wilson,East,Home & Kitchen,Storage Containers,1,110.64 ,Completed,Debit Card,110.64
ORD102862,2024-01-08,CUST1343,Dewi Sari,East,Electronics,Wireless Earbuds,2,110.66 ,Completed,Gift Card,221.32
ORD100907,2024-08-19,CUST1826,Maria Halim,East,Home & Kitchen,Throw Pillow,1,110.75 ,Completed,Gift Card,110.75
ORD101579,2024-05-08,CUST1167,Putri Hidayat,East,Home & Kitchen,Non-Stick Pan,1,110.78 ,Completed,Debit Card,110.78
ORD102383,2023-06-12,CUST1090,Lisa Pratama,East,Home & Kitchen,Blender,2,110.94 ,Completed,Gift Card,221.88
ORD102788,2024-08-24,CUST1354,Fajar Tan,East,Electronics,Laptop Stand,2,110.97 ,Cancelled,Gift Card,221.94
ORD103956,2024-11-07,CUST1688,Lisa Sari,East,Home & Kitchen,Non-Stick Pan,3,111.11 ,Pending,Gift Card,333.33
ORD103001,2024-06-26,CUST1493,Lisa Kurniawan,East,Home & Kitchen,Throw Pillow,2,111.20 ,Completed,Gift Card,222.40
ORD102229,2024-10-20,CUST1236,Michael Wilson,East,Electronics,Bluetooth Speaker,1,111.43 ,Pending,PayPal,111.43
ORD102838,2023-01-10,CUST1098,Sarah Yusuf,South,Home & Kitchen,Blender,1,111.53 ,Completed,PayPal,111.53
ORD101100,2024-10-06,CUST1540,Unknown Customer,East,Electronics,Power Bank,1,111.75 ,Completed,Debit Card,111.75
ORD102539,2023-08-02,CUST1775,Unknown Customer,East,Electronics,USB-C Cable,2,111.83 ,Pending,Gift Card,223.66
ORD100352,2024-05-12,CUST1055,John Salim,East,Electronics,Laptop Stand,1,111.97 ,Completed,Unknown,111.97
ORD102962,2023-04-27,CUST1225,Unknown Customer,Midwest,Electronics,USB-C Cable,1,111.99 ,Cancelled,Debit Card,111.99
ORD100315,2024-07-31,CUST1301,Sarah Tan,East,Home & Kitchen,Non-Stick Pan,1,112.05 ,Completed,Gift Card,112.05
ORD101664,2023-03-12,CUST1179,David Salim,Midwest,Home & Kitchen,Coffee Maker,2,112.14 ,Completed,Debit Card,224.28
ORD101263,2024-10-20,CUST1097,Fajar Anderson,East,Electronics,Wireless Earbuds,1,112.31 ,Cancelled,Gift Card,112.31
ORD100749,2024-07-27,CUST1334,Fajar Santos,East,Home & Kitchen,Storage Containers,1,112.68 ,Completed,Gift Card,112.68
ORD101655,2023-07-15,CUST1502,Rina Kurniawan,East,Home & Kitchen,Cutting Board,2,112.71 ,Completed,Gift Card,225.42
ORD100440,2023-09-30,CUST1349,John Halim,East,Home & Kitchen,Storage Containers,5,113.30 ,Completed,Gift Card,566.50
ORD103325,2023-03-09,CUST1493,Lisa Kurniawan,East,Electronics,Webcam,2,113.39 ,Completed,Gift Card,226.78
ORD103046,2023-11-05,CUST1830,Sarah Anderson,East,Electronics,Wireless Mouse,2,113.46 ,Cancelled,Credit Card,226.92
ORD101616,2024-02-03,CUST1862,Ahmad Santos,East,Home & Kitchen,LED Desk Lamp,3,113.46 ,Completed,Gift Card,340.38
ORD100268,2024-07-28,CUST1544,Ayu Garcia,South,Electronics,Smartphone Case,1,113.75 ,Returned,Credit Card,113.75
ORD103375,2023-09-29,CUST1212,Budi Wilson,East,Electronics,Webcam,3,113.88 ,Completed,Credit Card,341.64
ORD103670,2023-11-08,CUST1885,Lisa Santos,East,Home & Kitchen,Throw Pillow,1,113.92 ,Returned,Debit Card,113.92
ORD101331,2024-02-11,CUST1565,Rina Hidayat,East,Home & Kitchen,Non-Stick Pan,1,114.07 ,Completed,Credit Card,114.07
ORD102195,2023-04-04,CUST1523,Michael Chen,East,Electronics,Bluetooth Speaker,1,114.08 ,Cancelled,Gift Card,114.08
ORD103854,2023-04-01,CUST1396,David Wijaya,East,Home & Kitchen,Coffee Maker,1,114.34 ,Completed,Credit Card,114.34
ORD102579,2023-02-14,CUST1768,Rina Nugroho,East,Home & Kitchen,Non-Stick Pan,1,114.51 ,Completed,Credit Card,114.51
ORD102255,2024-12-26,CUST1490,David Halim,East,Home & Kitchen,Coffee Maker,2,114.64 ,Completed,Gift Card,229.28
ORD100356,2024-05-10,CUST1808,Michael Kurniawan,Midwest,Home & Kitchen,Non-Stick Pan,1,114.70 ,Completed,Debit Card,114.70
ORD103457,2024-01-16,CUST1060,Ahmad Wilson,East,Electronics,Webcam,1,114.90 ,Completed,PayPal,114.90
ORD103265,2023-02-07,CUST1005,Unknown Customer,East,Electronics,Webcam,1,114.97 ,Completed,PayPal,114.97
ORD102849,2024-05-11,CUST1076,Kevin Santos,East,Home & Kitchen,Coffee Maker,1,115.09 ,Completed,Gift Card,115.09
ORD103860,2024-04-15,CUST1638,Maria Kurniawan,East,Electronics,Laptop Stand,2,115.10 ,Completed,Credit Card,230.20
ORD103696,2024-09-22,CUST1766,Michael Kurniawan,East,Home & Kitchen,Coffee Maker,2,115.34 ,Completed,PayPal,230.68
ORD100387,2023-12-20,CUST1640,Siti Smith,East,Home & Kitchen,Cutting Board,1,115.42 ,Pending,Gift Card,115.42
ORD101539,2024-08-18,CUST1240,Linda Chen,East,Home & Kitchen,Throw Pillow,3,115.54 ,Completed,Gift Card,346.62
ORD101777,2024-12-28,CUST1227,David Wijaya,East,Home & Kitchen,Blender,4,115.54 ,Completed,Debit Card,462.16
ORD101330,2023-01-03,CUST1194,Maria Hidayat,East,Home & Kitchen,Storage Containers,1,115.62 ,Completed,Gift Card,115.62
ORD101916,2023-07-20,CUST1255,Budi Kurniawan,East,Electronics,Laptop Stand,2,115.73 ,Cancelled,Credit Card,231.46
ORD100028,2024-05-05,CUST1731,Robert Anderson,South,Electronics,Laptop Stand,1,115.78 ,Completed,Debit Card,115.78
ORD100106,2023-04-17,CUST1009,James Anderson,Midwest,Home & Kitchen,Coffee Maker,1,115.80 ,Completed,PayPal,115.80
ORD102333,2024-05-15,CUST1403,Michael Johnson,South,Home & Kitchen,Storage Containers,2,115.80 ,Completed,Gift Card,231.60
ORD103030,2023-03-04,CUST1169,Lisa Hidayat,Midwest,Home & Kitchen,Throw Pillow,1,115.87 ,Completed,Gift Card,115.87
ORD103032,2023-07-05,CUST1633,James Kurniawan,East,Home & Kitchen,Storage Containers,1,115.88 ,Completed,Gift Card,115.88
ORD101586,2023-02-21,CUST1407,Rina Smith,East,Electronics,Wireless Mouse,2,115.95 ,Completed,PayPal,231.90
ORD101716,2024-05-13,CUST1076,Kevin Santos,East,Electronics,Smartphone Case,1,115.99 ,Completed,Credit Card,115.99
ORD100526,2023-04-22,CUST1600,Maria Wijaya,East,Home & Kitchen,LED Desk Lamp,2,116.06 ,Completed,Unknown,232.12
ORD100262,2024-12-02,CUST1073,Ayu Pratama,East,Home & Kitchen,Throw Pillow,2,116.16 ,Returned,Credit Card,232.32
ORD103960,2024-02-19,CUST1350,Linda Salim,East,Home & Kitchen,Coffee Maker,1,116.23 ,Completed,Gift Card,116.23
ORD103555,2023-03-04,CUST1621,James Wijaya,East,Home & Kitchen,Storage Containers,1,116.26 ,Completed,Gift Card,116.26
ORD103428,2024-05-31,CUST1263,John Santos,East,Home & Kitchen,Cutting Board,2,116.26 ,Cancelled,Unknown,232.52
ORD103403,2023-08-17,CUST1266,Kevin Nugroho,East,Home & Kitchen,Blender,2,116.28 ,Completed,Debit Card,232.56
ORD100657,2024-02-07,CUST1103,Ahmad Salim,South,Home & Kitchen,Non-Stick Pan,1,116.40 ,Completed,Debit Card,116.40
ORD102443,2023-02-08,CUST1079,Siti Sari,East,Electronics,Bluetooth Speaker,1,116.42 ,Cancelled,Debit Card,116.42
ORD103709,2024-04-21,CUST1423,David Smith,East,Home & Kitchen,Coffee Maker,1,116.52 ,Completed,Gift Card,116.52
ORD100590,2024-01-22,CUST1412,Siti Anderson,East,Electronics,Smartphone Case,1,116.54 ,Completed,Credit Card,116.54
ORD100467,2023-05-08,CUST1615,Putri Anderson,South,Home & Kitchen,Cutting Board,1,116.55 ,Completed,PayPal,116.55
ORD102965,2023-05-18,CUST1808,Michael Kurniawan,Midwest,Home & Kitchen,Coffee Maker,1,116.58 ,Completed,Credit Card,116.58
ORD102139,2024-12-23,CUST1340,Ayu Lee,East,Electronics,Smartphone Case,1,116.66 ,Completed,Credit Card,116.66
ORD103708,2023-03-25,CUST1564,Maria Chen,West,Electronics,USB-C Cable,3,116.66 ,Completed,Unknown,349.98
ORD102543,2023-01-29,CUST1548,Andi Tan,Midwest,Home & Kitchen,Storage Containers,2,116.71 ,Completed,Credit Card,233.42
ORD100002,2024-02-14,CUST1339,Siti Hidayat,East,Home & Kitchen,Coffee Maker,2,116.75 ,Completed,Gift Card,233.50
ORD103153,2024-04-09,CUST1267,Maria Anderson,East,Electronics,Webcam,2,117.03 ,Completed,Gift Card,234.06
ORD102415,2023-07-18,CUST1006,James Smith,East,Home & Kitchen,Cutting Board,1,117.08 ,Completed,Credit Card,117.08
ORD102765,2023-02-02,CUST1253,Ahmad Garcia,East,Home & Kitchen,Throw Pillow,1,117.23 ,Completed,Debit Card,117.23
ORD101247,2023-07-01,CUST1734,Ahmad Wilson,East,Home & Kitchen,Blender,2,117.42 ,Completed,PayPal,234.84
ORD102879,2023-08-30,CUST1761,Ahmad Johnson,East,Electronics,Wireless Mouse,1,118.07 ,Completed,Debit Card,118.07
ORD102305,2023-10-08,CUST1211,Sarah Santos,East,Electronics,Smartphone Case,1,118.36 ,Completed,Unknown,118.36
ORD101542,2024-06-15,CUST1068,Linda Nugroho,East,Home & Kitchen,LED Desk Lamp,3,118.45 ,Completed,Credit Card,355.35
ORD101393,2024-01-10,CUST1465,Nina Wilson,Midwest,Home & Kitchen,Blender,1,118.49 ,Completed,Unknown,118.49
ORD100727,2023-04-09,CUST1612,Budi Nugroho,East,Home & Kitchen,Storage Containers,2,118.51 ,Completed,Debit Card,237.02
ORD100127,2024-03-17,CUST1095,Sarah Smith,East,Home & Kitchen,Storage Containers,1,118.67 ,Returned,PayPal,118.67
ORD101220,2023-10-02,CUST1829,Nina Nugroho,Midwest,Electronics,Webcam,1,118.74 ,Completed,PayPal,118.74
ORD102779,2023-09-10,CUST1448,Maria Halim,East,Electronics,Smartphone Case,1,118.80 ,Returned,Gift Card,118.80
ORD100647,2023-11-27,CUST1229,Kevin Anderson,East,Electronics,Wireless Earbuds,1,118.82 ,Cancelled,Gift Card,118.82
ORD101490,2024-05-30,CUST1452,Fajar Yusuf,East,Home & Kitchen,Throw Pillow,1,118.83 ,Cancelled,Gift Card,118.83
ORD102546,2023-05-05,CUST1261,Robert Taylor,East,Home & Kitchen,Throw Pillow,5,118.89 ,Completed,Debit Card,594.45
ORD103697,2024-08-08,CUST1281,Ahmad Hidayat,East,Home & Kitchen,Coffee Maker,1,119.14 ,Completed,Credit Card,119.14
ORD102232,2023-10-09,CUST1809,Kevin Smith,East,Home & Kitchen,Throw Pillow,1,119.15 ,Completed,Debit Card,119.15
ORD103105,2023-01-20,CUST1196,Putri Pratama,East,Electronics,Webcam,3,119.29 ,Completed,Credit Card,357.87
ORD102212,2023-09-02,CUST1297,Nina Wilson,East,Electronics,Laptop Stand,2,119.49 ,Completed,PayPal,238.98
ORD102477,2023-02-15,CUST1560,Fajar Hidayat,East,Home & Kitchen,LED Desk Lamp,2,119.54 ,Completed,PayPal,239.08
ORD103965,2023-04-22,CUST1554,Dewi Tan,East,Electronics,USB-C Cable,1,119.61 ,Completed,Debit Card,119.61
ORD101258,2023-02-04,CUST1150,Ayu Wijaya,East,Electronics,Laptop Stand,1,119.65 ,Completed,Gift Card,119.65
ORD102669,2024-12-02,CUST1703,Budi Wilson,East,Home & Kitchen,Throw Pillow,1,119.79 ,Completed,Gift Card,119.79
ORD102631,2023-09-15,CUST1417,Andi Hidayat,East,Home & Kitchen,Throw Pillow,2,119.99 ,Completed,Debit Card,239.98
ORD100660,2023-05-31,CUST1838,Budi Chen,Midwest,Electronics,Power Bank,1,120.31 ,Completed,Credit Card,120.31
ORD100709,2024-06-07,CUST1605,Andi Sari,East,Electronics,Bluetooth Speaker,2,120.50 ,Completed,Debit Card,241.00
ORD102285,2023-12-29,CUST1896,Andi Taylor,East,Electronics,Bluetooth Speaker,2,120.60 ,Cancelled,Credit Card,241.20
ORD102886,2023-04-02,CUST1462,Michael Lee,Midwest,Electronics,Wireless Mouse,2,121.54 ,Completed,Gift Card,243.08
ORD102036,2024-06-06,CUST1876,John Hidayat,East,Electronics,Smartphone Case,1,121.86 ,Completed,Credit Card,121.86
ORD101229,2024-03-05,CUST1629,James Tan,Midwest,Electronics,Laptop Stand,1,121.87 ,Completed,Debit Card,121.87
ORD102003,2024-07-11,CUST1819,Lisa Salim,East,Electronics,Wireless Mouse,5,121.92 ,Completed,PayPal,609.60
ORD101562,2024-11-08,CUST1006,James Smith,East,Electronics,Smartphone Case,1,122.04 ,Returned,PayPal,122.04
ORD100831,2023-07-28,CUST1373,James Smith,East,Electronics,Smartphone Case,2,122.21 ,Completed,Debit Card,244.42
ORD101712,2023-11-21,CUST1094,Siti Garcia,East,Electronics,Smartphone Case,1,122.24 ,Completed,Gift Card,122.24
ORD101032,2024-03-06,CUST1304,Michael Wilson,East,Electronics,Webcam,1,122.70 ,Completed,Debit Card,122.70
ORD101617,2023-08-07,CUST1030,Sarah Lee,Midwest,Electronics,Webcam,2,123.09 ,Completed,PayPal,246.18
ORD103504,2023-05-28,CUST1764,Andi Yusuf,East,Electronics,Power Bank,3,123.30 ,Completed,PayPal,369.90
ORD103803,2023-03-15,CUST1276,Rina Nugroho,East,Electronics,Bluetooth Speaker,2,123.60 ,Completed,Credit Card,247.20
ORD100501,2024-02-13,CUST1206,Siti Wilson,East,Electronics,Smartphone Case,1,123.73 ,Completed,PayPal,123.73
ORD100814,2024-05-06,CUST1109,Rina Halim,Midwest,Electronics,USB-C Cable,1,124.03 ,Returned,Gift Card,124.03
ORD102864,2023-12-26,CUST1243,James Hidayat,Midwest,Electronics,Laptop Stand,1,124.25 ,Completed,Credit Card,124.25
ORD103995,2023-02-16,CUST1113,Dewi Nugroho,Midwest,Electronics,Power Bank,1,124.62 ,Completed,Credit Card,124.62
ORD101544,2023-10-01,CUST1345,Michael Santos,East,Electronics,USB-C Cable,1,124.62 ,Returned,PayPal,124.62
ORD101775,2024-07-26,CUST1145,Linda Smith,East,Electronics,Wireless Mouse,1,124.80 ,Completed,Debit Card,124.80
ORD103678,2023-12-12,CUST1075,Linda Anderson,Midwest,Electronics,Laptop Stand,1,125.01 ,Completed,Credit Card,125.01
ORD102933,2023-10-13,CUST1356,Ahmad Tan,East,Electronics,Laptop Stand,2,125.41 ,Returned,Gift Card,250.82
ORD100839,2024-01-10,CUST1679,Siti Halim,East,Electronics,Laptop Stand,1,125.43 ,Completed,Credit Card,125.43
ORD101250,2023-04-13,CUST1614,Putri Lee,East,Electronics,USB-C Cable,1,125.53 ,Completed,Gift Card,125.53
ORD100097,2024-03-09,CUST1040,Lisa Garcia,East,Electronics,Webcam,1,125.87 ,Completed,Credit Card,125.87
ORD100478,2024-10-14,CUST1105,Rina Pratama,Midwest,Electronics,Bluetooth Speaker,1,126.18 ,Completed,Debit Card,126.18
ORD103360,2023-02-05,CUST1691,Dewi Anderson,East,Electronics,USB-C Cable,1,126.55 ,Completed,PayPal,126.55
ORD103124,2024-07-24,CUST1167,Putri Hidayat,East,Electronics,Webcam,1,126.58 ,Pending,Debit Card,126.58
ORD102931,2023-10-26,CUST1856,Unknown Customer,East,Electronics,Power Bank,5,126.65 ,Completed,Gift Card,633.25
ORD101248,2024-04-01,CUST1553,Fajar Hidayat,East,Electronics,Laptop Stand,1,127.07 ,Completed,Unknown,127.07
ORD102303,2023-10-04,CUST1445,Kevin Anderson,East,Electronics,USB-C Cable,1,127.19 ,Completed,Gift Card,127.19
ORD103996,2023-02-05,CUST1248,Andi Pratama,East,Electronics,Webcam,3,127.33 ,Completed,Debit Card,381.99
ORD102152,2024-03-24,CUST1736,James Nugroho,East,Electronics,Webcam,2,127.39 ,Completed,Debit Card,254.78
ORD100488,2024-06-04,CUST1744,Andi Sari,East,Electronics,Wireless Mouse,1,127.45 ,Completed,Debit Card,127.45
ORD101130,2024-01-28,CUST1089,Dewi Pratama,Midwest,Electronics,Laptop Stand,1,127.49 ,Completed,Credit Card,127.49
ORD101919,2024-09-24,CUST1156,Sarah Tan,East,Electronics,Webcam,2,127.56 ,Returned,Credit Card,255.12
ORD100962,2023-11-07,CUST1807,Lisa Wilson,Midwest,Electronics,Bluetooth Speaker,1,128.11 ,Cancelled,PayPal,128.11
ORD103962,2024-02-09,CUST1591,Fajar Wilson,East,Electronics,Power Bank,1,128.70 ,Pending,Gift Card,128.70
ORD102347,2023-08-21,CUST1662,Siti Lee,Midwest,Electronics,Power Bank,2,128.89 ,Completed,Debit Card,257.78
ORD100221,2024-07-08,CUST1109,Rina Halim,Midwest,Electronics,Bluetooth Speaker,1,128.99 ,Returned,Unknown,128.99
ORD100453,2023-02-15,CUST1500,Nina Hidayat,Midwest,Electronics,Bluetooth Speaker,1,129.09 ,Completed,Debit Card,129.09
ORD101514,2024-05-23,CUST1137,Budi Wijaya,East,Electronics,Bluetooth Speaker,1,129.42 ,Completed,Credit Card,129.42
ORD102074,2024-10-31,CUST1771,Putri Salim,East,Electronics,Wireless Mouse,1,129.57 ,Completed,Debit Card,129.57
ORD103969,2023-03-31,CUST1860,Unknown Customer,East,Electronics,Bluetooth Speaker,1,129.57 ,Completed,Unknown,129.57
ORD101820,2024-12-01,CUST1232,Michael Chen,East,Electronics,Smartphone Case,2,129.86 ,Completed,PayPal,259.72
ORD100642,2023-12-03,CUST1321,Putri Garcia,Midwest,Electronics,Wireless Earbuds,1,130.03 ,Completed,Debit Card,130.03
ORD100280,2023-05-07,CUST1465,Nina Wilson,Midwest,Electronics,Power Bank,3,130.06 ,Completed,Gift Card,390.18
ORD102941,2024-02-04,CUST1514,Rina Wijaya,Midwest,Electronics,Power Bank,1,130.75 ,Completed,Credit Card,130.75
ORD100572,2023-06-09,CUST1134,Dewi Anderson,East,Electronics,Bluetooth Speaker,1,130.98 ,Completed,Credit Card,130.98
ORD100580,2024-04-30,CUST1456,Kevin Nugroho,East,Electronics,Bluetooth Speaker,2,131.29 ,Pending,PayPal,262.58
ORD101432,2023-04-02,CUST1012,Andi Yusuf,East,Electronics,Wireless Mouse,1,131.34 ,Completed,Unknown,131.34
ORD101055,2024-03-21,CUST1216,Robert Anderson,East,Electronics,Smartphone Case,1,131.43 ,Completed,PayPal,131.43
ORD101327,2024-06-15,CUST1779,Andi Yusuf,East,Electronics,Wireless Mouse,2,132.28 ,Completed,Debit Card,264.56
ORD103118,2024-02-20,CUST1283,Michael Brown,Midwest,Electronics,Smartphone Case,2,132.61 ,Completed,Credit Card,265.22
ORD101328,2023-11-06,CUST1128,Rina Taylor,East,Electronics,USB-C Cable,4,133.03 ,Completed,Gift Card,532.12
ORD100980,2023-08-01,CUST1720,Rina Salim,East,Electronics,Webcam,1,133.34 ,Completed,Debit Card,133.34
ORD100644,2024-08-28,CUST1122,Sarah Smith,East,Electronics,Wireless Mouse,1,133.78 ,Completed,Credit Card,133.78
ORD102409,2023-04-26,CUST1765,Ayu Brown,East,Electronics,Smartphone Case,3,134.08 ,Completed,Debit Card,402.24
ORD102424,2023-07-21,CUST1569,Unknown Customer,East,Electronics,Wireless Mouse,3,134.17 ,Pending,Gift Card,402.51
ORD103246,2024-04-10,CUST1819,Lisa Salim,East,Electronics,USB-C Cable,2,134.29 ,Completed,Gift Card,268.58
ORD101012,2023-07-11,CUST1067,Nina Halim,East,Electronics,Wireless Earbuds,1,134.37 ,Completed,Gift Card,134.37
ORD101455,2024-08-01,CUST1428,Andi Chen,East,Electronics,Smartphone Case,2,134.43 ,Completed,Gift Card,268.86
ORD102574,2024-12-06,CUST1885,Lisa Santos,East,Electronics,USB-C Cable,1,134.48 ,Completed,PayPal,134.48
ORD102254,2023-02-10,CUST1247,Andi Nugroho,East,Electronics,Wireless Earbuds,2,134.74 ,Completed,PayPal,269.48
ORD101296,2024-10-06,CUST1003,Siti Anderson,East,Electronics,Power Bank,3,134.85 ,Completed,PayPal,404.55
ORD100062,2024-01-25,CUST1730,Linda Kurniawan,East,Electronics,Bluetooth Speaker,4,135.19 ,Completed,PayPal,540.76
ORD100742,2024-06-19,CUST1303,James Wilson,Midwest,Electronics,Webcam,2,135.48 ,Completed,Debit Card,270.96
ORD100997,2023-08-14,CUST1201,Linda Johnson,East,Electronics,Webcam,1,135.84 ,Completed,Debit Card,135.84
ORD103879,2023-05-15,CUST1054,Putri Garcia,East,Electronics,Power Bank,3,135.85 ,Completed,Debit Card,407.55
ORD103183,2024-05-22,CUST1251,Nina Salim,East,Electronics,Laptop Stand,2,136.03 ,Completed,Debit Card,272.06
ORD100543,2023-08-19,CUST1385,Michael Lee,East,Electronics,Laptop Stand,1,136.82 ,Completed,Credit Card,136.82
ORD103768,2023-12-17,CUST1893,John Wijaya,East,Electronics,Smartphone Case,3,137.03 ,Cancelled,Credit Card,411.09
ORD100906,2023-03-18,CUST1116,Michael Lee,East,Electronics,Smartphone Case,2,137.25 ,Completed,Credit Card,274.50
ORD101624,2024-03-02,CUST1321,Putri Garcia,Midwest,Electronics,Power Bank,1,137.60 ,Completed,Gift Card,137.60
ORD102038,2023-06-27,CUST1508,Budi Garcia,Midwest,Electronics,Webcam,1,137.63 ,Returned,PayPal,137.63
ORD100456,2024-05-02,CUST1572,Maria Yusuf,East,Electronics,USB-C Cable,1,137.64 ,Completed,Credit Card,137.64
ORD102041,2023-03-22,CUST1517,Siti Nugroho,East,Electronics,Wireless Earbuds,3,137.94 ,Returned,Gift Card,413.82
ORD100530,2023-01-08,CUST1778,Kevin Wilson,East,Electronics,Wireless Earbuds,1,138.03 ,Completed,Credit Card,138.03
ORD100722,2023-09-27,CUST1865,Ayu Salim,East,Electronics,Wireless Mouse,1,138.15 ,Completed,PayPal,138.15
ORD100914,2024-04-17,CUST1174,Unknown Customer,East,Electronics,Laptop Stand,1,138.35 ,Completed,Gift Card,138.35
ORD101498,2024-12-03,CUST1779,Andi Yusuf,East,Electronics,Wireless Mouse,1,138.80 ,Completed,Gift Card,138.80
ORD103165,2024-04-29,CUST1351,David Chen,Midwest,Electronics,Smartphone Case,2,139.18 ,Completed,Credit Card,278.36
ORD102096,2024-08-31,CUST1490,David Halim,East,Electronics,Laptop Stand,1,139.49 ,Completed,Credit Card,139.49
ORD100717,2024-11-21,CUST1521,John Smith,East,Electronics,Smartphone Case,1,139.70 ,Completed,Gift Card,139.70
ORD101154,2024-12-04,CUST1155,Budi Brown,East,Electronics,USB-C Cable,3,140.19 ,Returned,Gift Card,420.57
ORD100322,2024-12-02,CUST1069,James Tan,East,Electronics,Webcam,2,140.45 ,Completed,Unknown,280.90
ORD102478,2024-10-18,CUST1432,Andi Smith,East,Electronics,Webcam,2,140.59 ,Completed,PayPal,281.18
ORD101378,2023-09-29,CUST1546,John Garcia,East,Electronics,Webcam,2,140.72 ,Completed,Credit Card,281.44
ORD100853,2024-10-07,CUST1685,Budi Kurniawan,South,Electronics,USB-C Cable,1,140.89 ,Returned,Credit Card,140.89
ORD102904,2023-08-09,CUST1344,Ahmad Salim,South,Electronics,Smartphone Case,1,141.27 ,Completed,Gift Card,141.27
ORD102830,2023-07-21,CUST1752,Linda Smith,Midwest,Electronics,USB-C Cable,5,141.43 ,Completed,Debit Card,707.15
ORD102877,2023-01-24,CUST1308,Robert Yusuf,East,Electronics,Smartphone Case,1,141.75 ,Completed,Credit Card,141.75
ORD103905,2023-09-29,CUST1346,Dewi Taylor,East,Electronics,Laptop Stand,1,141.84 ,Completed,Credit Card,141.84
ORD100619,2024-06-21,CUST1414,Ayu Chen,East,Electronics,Power Bank,2,142.03 ,Completed,Debit Card,284.06
ORD103707,2024-07-19,CUST1397,Maria Anderson,East,Electronics,Wireless Earbuds,1,142.73 ,Completed,PayPal,142.73
ORD103145,2023-05-24,CUST1641,Rina Nugroho,Midwest,Electronics,Webcam,2,143.10 ,Completed,PayPal,286.20
ORD100001,2023-11-14,CUST1206,Siti Wilson,East,Electronics,USB-C Cable,1,143.35 ,Completed,Gift Card,143.35
ORD101184,2023-08-23,CUST1650,Dewi Lee,East,Electronics,Power Bank,2,143.88 ,Completed,Debit Card,287.76
ORD103925,2023-05-16,CUST1790,Andi Salim,East,Electronics,Laptop Stand,2,144.61 ,Completed,Credit Card,289.22
ORD102067,2023-09-26,CUST1217,Michael Santos,East,Electronics,Wireless Earbuds,1,144.77 ,Completed,Debit Card,144.77
ORD100665,2024-11-28,CUST1112,Putri Halim,Midwest,Electronics,Wireless Mouse,4,144.88 ,Completed,Debit Card,579.52
ORD102070,2023-08-18,CUST1307,Lisa Santos,South,Electronics,Wireless Earbuds,1,145.10 ,Completed,Gift Card,145.10
ORD102114,2024-10-25,CUST1565,Rina Hidayat,East,Electronics,Laptop Stand,2,145.47 ,Completed,Debit Card,290.94
ORD100532,2023-01-04,CUST1625,Lisa Pratama,East,Electronics,Laptop Stand,1,145.86 ,Completed,Gift Card,145.86
ORD101532,2024-12-30,CUST1420,Ayu Wijaya,Midwest,Electronics,Wireless Earbuds,1,145.96 ,Completed,Gift Card,145.96
ORD103978,2024-12-04,CUST1845,David Nugroho,West,Electronics,USB-C Cable,2,145.98 ,Completed,Credit Card,291.96
ORD103342,2023-09-30,CUST1078,Rina Santos,East,Electronics,USB-C Cable,2,146.05 ,Completed,PayPal,292.10
ORD101852,2024-05-13,CUST1236,Michael Wilson,East,Electronics,Wireless Earbuds,2,146.05 ,Completed,PayPal,292.10
ORD102480,2023-01-02,CUST1891,Sarah Lee,East,Electronics,Wireless Earbuds,1,146.14 ,Completed,Debit Card,146.14
ORD102503,2024-11-15,CUST1122,Sarah Smith,East,Electronics,Webcam,2,146.24 ,Completed,Debit Card,292.48
ORD100697,2023-11-09,CUST1286,Sarah Wilson,South,Electronics,USB-C Cable,2,146.55 ,Completed,PayPal,293.10
ORD102974,2023-12-28,CUST1519,Andi Santos,East,Electronics,Smartphone Case,1,146.62 ,Completed,Debit Card,146.62
ORD103154,2023-11-28,CUST1043,Michael Wilson,East,Electronics,Bluetooth Speaker,1,146.69 ,Completed,Gift Card,146.69
ORD100039,2024-03-09,CUST1836,Kevin Salim,East,Electronics,USB-C Cable,2,146.74 ,Completed,Credit Card,293.48
ORD101168,2023-03-23,CUST1252,Ayu Brown,East,Electronics,Wireless Mouse,2,146.76 ,Pending,Unknown,293.52
ORD101398,2024-12-03,CUST1051,Lisa Tan,East,Electronics,Bluetooth Speaker,2,146.89 ,Completed,Debit Card,293.78
ORD103021,2023-03-08,CUST1644,Andi Salim,East,Electronics,Wireless Earbuds,5,147.11 ,Completed,Credit Card,735.55
ORD103097,2024-01-24,CUST1392,Nina Garcia,East,Electronics,Webcam,1,147.37 ,Completed,Credit Card,147.37
ORD101033,2024-07-08,CUST1488,John Taylor,East,Electronics,Wireless Mouse,1,147.44 ,Completed,PayPal,147.44
ORD101257,2024-10-31,CUST1065,Lisa Tan,East,Electronics,Power Bank,2,148.00 ,Completed,PayPal,296.00
ORD102960,2023-04-13,CUST1475,Ayu Taylor,South,Electronics,Laptop Stand,2,148.37 ,Completed,PayPal,296.74
ORD103884,2023-10-08,CUST1876,John Hidayat,East,Electronics,Power Bank,4,148.55 ,Completed,Unknown,594.20
ORD101912,2024-07-21,CUST1634,James Sari,East,Electronics,Power Bank,2,149.71 ,Pending,Debit Card,299.42
,,,,,,,,,,,
,,,,,,,,,,,
,,,,,,,,,,,
,,,,,,,,,,,
,,,,,,,,,,,
,,,,,,,,,,,
,,,,,,,,,,,
,,,,,,,,,,,
,,,,,,,,,,,
,,,,,,,,,,,
,,,,,,,,,,,
,,,,,,,,,,,
,,,,,,,,,,,
,,,,,,,,,,,
,,,,,,,,,,,
,,,,,,,,,,,
,,,,,,,,,,,
,,,,,,,,,,,
,,,,,,,,,,,
