order_id,order_date,customer_id,customer_name,region,category,product_name,quantity,unit_price,order_status,payment_method
ORD100016,11/23/2023,CUST1353,Andi Halim,,Sports & Outdoors,Water Bottle,2,28.97,Completed,Credit Card
ORD102704,3/14/2023,CUST1478,Lisa Kurniawan,East,Toys,Building Blocks,2,46.3,Returned,Credit Card
ORD103490,4/10/2024,CUST1531,Ahmad Halim,Mid-West,Beauty,Moisturizer,1,35.09,Completed,Gift Card
ORD101567,8/22/2024,CUST1390,Ayu Hidayat,SOUTH,Sports & Outdoors,Camping Tent,2,12.94,Completed,Debit Card
ORD101096,21-Feb-24,CUST1563,James Yusuf,SOUTH,sports & outdoors,Hiking Backpack,1,23.12,Completed,PayPal
ORD101473,8/18/2024,CUST1052,Fajar Halim,Midwest,Beauty,Sunscreen SPF50,1,33.88,Completed,Gift Card
ORD103111,8/15/2024,CUST1726,John Tan,south,books,Fiction Novel,2,10.88,Completed,Gift Card
ORD100537,1/28/2024,CUST1445,Kevin Anderson,WEST,Beauty,Moisturizer,1,21.46,Completed,PayPal
ORD102413,24-Apr-23,CUST1699,John Yusuf,MIDWEST,Home & Kitchen,Cutting Board,1,102.66,Completed,PayPal
ORD103151,11-Aug-23,CUST1708,Ayu Smith,South,sports & outdoors,Resistance Bands,1,56.4,Completed,PayPal
ORD102767,9/22/2023,CUST1868,Nina Lee,midwest,Books,Business Strategy Book,1,18.14,Completed,Credit Card
ORD101868,15-Mar-24,CUST1211,,south,Clothing,Winter Jacket,2,35.68,Completed,Gift Card
ORD100749,7/27/2024,CUST1334,Fajar Santos,east,Home & Kitchen,Storage Containers,1,112.68,Completed,Gift Card
ORD101857,8/5/2023,CUST1104,Sarah Tan,East ,Electronics,Webcam,1,68.92,Completed,Debit Card
ORD100800,23-Jan-24,CUST1352,Lisa Taylor,MIDWEST,Beauty,Shampoo,2,23.18,Cancelled,
ORD101695,20-May-24,CUST1255,Budi Kurniawan, West,Clothing,Hoodie,2,66.21,Returned,PayPal
ORD102093,1/25/2024,CUST1824,Linda Chen,east,Sports & Outdoors,Camping Tent,1,,Cancelled,PayPal
ORD101296,10/6/2024,CUST1003,Siti Anderson,East,Electronics,Power Bank,3,134.85,Completed,PayPal
ORD103842,9/17/2023,CUST1741,Siti Wilson,midwest,Sports & Outdoors,Yoga Mat,1,75.14,Completed,Credit Card
ORD102931,10/26/2023,CUST1856,,SOUTH,electronics,Power Bank,5,126.65,Completed,Gift Card
ORD102954,8/19/2023,CUST1210,Nina Garcia,West,Sports & Outdoors,Hiking Backpack,1,49.73,Returned,Credit Card
ORD103824,7/22/2024,CUST1524,Robert Smith,west,clothing,Denim Jeans,4,62.83,Completed,Debit Card
ORD101074,4/12/2024,CUST1689,Siti Tan,EAST,Beauty,Face Mask Set,1,39.05,Completed,Debit Card
ORD101777,12/28/2024,CUST1227,David Wijaya,EAST,home & kitchen,Blender,4,115.54,completed,Debit Card
ORD102224,5-May-23,CUST1588,David Anderson,South,sports & outdoors,Camping Tent,1,30.3,Completed,Debit Card
ORD103815,7/4/2024,CUST1265,Sarah Johnson,south,Clothing,Hoodie,1,46.19,Completed,Debit Card
ORD101819,2/9/2023,CUST1343,Dewi Sari,EAST,Books,Self-Help Guide,1,25.66,Completed,Credit Card
ORD100756,7/17/2023,CUST1680,Putri Halim,East,SPORTS & OUTDOORS,Camping Tent,1,72.43,Cancelled,PayPal
ORD101910,4/8/2023,CUST1887,Maria Wilson,SOUTH,TOYS,Board Game,1,58.15,Completed,PayPal
ORD100326,7/7/2024,CUST1182,Dewi Tan,east,Beauty,Lip Balm,2,7.83,Completed,PayPal
ORD103238,4/16/2023,CUST1254,Nina Garcia,MIDWEST,TOYS,RC Car,1,9.57,Completed,
ORD102634,5/24/2023,CUST1757,Sarah Lee,East,Clothing,Cotton T-Shirt,1,54.55,Completed,Debit Card
ORD103616,2/26/2024,CUST1128,Rina Taylor,SOUTH,Beauty,Moisturizer,1,25.47,Completed,Debit Card
ORD101939,11/15/2023,CUST1806,Ahmad Hidayat,Mid-West,Home & Kitchen,Coffee Maker,2,52.95,Cancelled,Gift Card
ORD103226,9/7/2024,CUST1206,Siti Wilson,WEST,Beauty,Shampoo,2,$44.80 ,Completed,PayPal
ORD102507,9/23/2023,CUST1645,Sarah Chen,WEST,Toys,Board Game,1,58.26,Completed,Debit Card
ORD100857,1/17/2023,CUST1370,Rina Anderson,WEST,Toys,Puzzle 1000pc,1,25.68,Completed,Debit Card
ORD102423,5/1/2023,CUST1838,Budi Chen,South,ELECTRONICS,Bluetooth Speaker,2,93.44,Completed,PayPal
ORD100333,9/25/2024,CUST1753,Kevin Lee,East ,clothing,Running Shorts,2,24.84,Completed,PayPal
ORD102984,17/09/2023,CUST1615,Putri Anderson, West,clothing,Hoodie,2,,Completed,PayPal
ORD100087,3/6/2023,CUST1867,Nina Garcia,SOUTH,Beauty,Moisturizer,2,10.48,Completed,Gift Card
ORD100619,6/21/2024,CUST1414,Ayu Chen,South ,ELECTRONICS,Power Bank,2,142.03,Completed,Debit Card
ORD101200,2-Nov-23,CUST1608,Dewi Lee,midwest,Beauty,Sunscreen SPF50,2,15.43,Completed,Debit Card
ORD102675,10/16/2024,CUST1764,,Mid-West,Clothing,Running Shorts,2,,Completed,Debit Card
ORD101810,23-May-23,CUST1267,Maria Anderson,South ,Toys,Puzzle 1000pc,1,19.86,Completed,Gift Card
ORD103211,24/03/2024,CUST1073,Ayu Pratama,east, Sports & Outdoors ,Yoga Mat,1,38.17,Completed,PayPal
ORD102968,2/26/2023,CUST1301,Sarah Tan,MIDWEST,Clothing,Cotton T-Shirt,4,38.53,returned,
ORD101747,12-Aug-24,CUST1777,Ayu Chen,West,Sports & Outdoors,Yoga Mat,2,78.41,Completed,Credit Card
ORD101057,8/18/2024,CUST1415,Sarah Salim,South,Home & Kitchen,Cutting Board,1,24.42,Completed,PayPal
ORD102202,7/27/2023,CUST1645,Sarah Chen,Mid-West,SPORTS & OUTDOORS,Hiking Backpack,1,77.6,Completed,PayPal
ORD100963,5/30/2023,CUST1219,,South,ELECTRONICS,Smartphone Case,1,108.09,completed,PayPal
ORD103047,15-Aug-24,CUST1833,Putri Yusuf,South ,Electronics,USB-C Cable,1,93.27,Completed,PayPal
ORD100885,2/14/2023,CUST1515,John Salim,WEST,Toys,Puzzle 1000pc,2,46.65,Completed,PayPal
ORD100774,5/29/2024,CUST1435,Dewi Lee,East ,Home & Kitchen,LED Desk Lamp,1,44.1,Completed,Gift Card
ORD102021,5/9/2024,CUST1009,James Anderson,SOUTH,books,Fiction Novel,1,30.52,Completed,Gift Card
ORD101064,15-Feb-23,CUST1041,Michael Wijaya,South,Books,Children's Book,1,15.77,Completed,Credit Card
ORD103120,8/17/2024,CUST1373,James Smith, West, Electronics ,Bluetooth Speaker,1,55.87,Completed,Credit Card
ORD103935,10/2/2023,CUST1579,Kevin Tan,south,Books,Business Strategy Book,1,14.66,Completed,Debit Card
ORD101568,9/11/2024,CUST1138,Fajar Anderson,midwest,Beauty,Moisturizer,2,42.89,Completed,PayPal
ORD101083,1-Sep-23,CUST1765,Ayu Brown,EAST,Electronics,Laptop Stand,1,42.48,Completed,Gift Card
ORD101724,11/14/2024,CUST1104,Sarah Tan,WEST,Beauty,Moisturizer,1,15.78,completed,Debit Card
ORD101525,4/2/2024,CUST1361,Rina Brown,WEST,Beauty,Lip Balm,4,17.42,completed,Gift Card
ORD100968,4/4/2023,CUST1804,Nina Wilson,SOUTH,Books,Cookbook,3,12.43,Completed,Debit Card
ORD100805,10/11/2024,CUST1488,John Taylor,EAST,sports & outdoors,Yoga Mat,,58.85,Completed,Gift Card
ORD102286,15/02/2024,CUST1092,Putri Nugroho,east,books,Self-Help Guide,4,22.9,Completed,Debit Card
ORD100293,7/11/2023,CUST1384,Siti Pratama, West, Beauty ,Sunscreen SPF50,1,9.13,Completed,Debit Card
ORD101453,9/26/2023,CUST1543,Ayu Wilson,East ,Home & Kitchen,Storage Containers,1,27.08,Completed,PayPal
ORD100092,10/18/2024,CUST1376,Nina Yusuf,south,home & kitchen,Non-Stick Pan,1,99.97,Pending,PayPal
ORD102537,11/23/2024,CUST1112,Putri Halim,MIDWEST,Sports & Outdoors,Jump Rope,1,55.69,Completed,PayPal
ORD100953,5/14/2024,CUST1701,John Santos,South,Sports & Outdoors,Yoga Mat,1,87.22,Completed,Credit Card
ORD103891,24-Mar-24,CUST1433,Sarah Tan,south,Toys,Action Figure,4,10.95,completed,Debit Card
ORD100049,9/3/2023,CUST1772,Ahmad Hidayat, West,Sports & Outdoors,Water Bottle,2,,Completed,Debit Card
ORD103312,12/12/2023,CUST1123,Andi Anderson,WEST,Sports & Outdoors,Jump Rope,1,15.05,Completed,Debit Card
ORD102089,21/11/2023,CUST1477,Budi Tan,,Beauty,Shampoo,2,34.91,Completed,Credit Card
ORD100297,7/25/2023,CUST1776,Ahmad Smith,WEST,Home & Kitchen,LED Desk Lamp,1,103.33,Completed,Debit Card
ORD100909,22/10/2023,CUST1725,Nina Pratama, West,Sports & Outdoors,Hiking Backpack,2,52.61,Completed,Credit Card
ORD101412,5/9/2023,CUST1410,Fajar Hidayat,WEST,Books,Cookbook,1,27.73,Completed,Credit Card
ORD103444,12/4/2023,CUST1191,Putri Yusuf,midwest,Electronics,Bluetooth Speaker,1,56.08,Completed,Gift Card
ORD100309,26/01/2024,CUST1640,Siti Smith,South ,Home & Kitchen,LED Desk Lamp,2,16.26,Completed,PayPal
ORD100691,2/6/2023,CUST1490,David Halim,East,Clothing,Hoodie,2,55.25,Completed,PayPal
ORD100641,4/28/2023,CUST1660,Andi Salim,South,Books,Self-Help Guide,1,24.48,Completed,Debit Card
ORD101194,7/13/2024,CUST1765,Ayu Brown,Midwest,Electronics,Smartphone Case,,,Completed,Credit Card
ORD103179,7/10/2023,CUST1577,John Anderson,EAST,Electronics,Bluetooth Speaker,4,33.56,completed,PayPal
ORD101761,10/22/2024,CUST1147,Sarah Wilson, West,Toys,Puzzle 1000pc,1,23.36,Completed,PayPal
ORD103172,7/27/2023,CUST1177,Ayu Pratama,MIDWEST,Home & Kitchen,Non-Stick Pan,2,97.27,Completed,Credit Card
ORD103543,8/17/2023,CUST1205,David Johnson,South,CLOTHING,Winter Jacket,1,31.36,Completed,Debit Card
ORD101187,6/7/2024,CUST1626,Fajar Pratama,Mid-West,Sports & Outdoors,Yoga Mat,1,40.06,Completed,Credit Card
ORD102428,2/15/2023,CUST1678,Lisa Brown,WEST,sports & outdoors,Resistance Bands,1,93.07,Completed,Debit Card
ORD102848,5/6/2024,CUST1761,Ahmad Johnson,west,Books,Children's Book,1,10.77,Completed,PayPal
ORD101768,9/19/2023,CUST1049,,EAST,Clothing,Winter Jacket,1,58.08,Completed,Credit Card
ORD102473,10/10/2024,CUST1889,James Sari,west,electronics,USB-C Cable,,85,Cancelled,Credit Card
ORD102193,6/11/2024,CUST1476,Andi Wijaya,East,Beauty,Lip Balm,1,27.92,Cancelled,PayPal
ORD101967,8/31/2023,CUST1178,Michael Pratama, West,Toys,RC Car,1,27.52,Cancelled,Gift Card
ORD102971,2/20/2023,CUST1443,Andi Hidayat,Midwest,home & kitchen,Blender,1,37.44,Completed,Debit Card
ORD101952,5/13/2024,CUST1002,Sarah Kurniawan,Midwest,Toys,Action Figure,2,24.75,Completed,PayPal
ORD101414,9/10/2023,CUST1898,Ahmad Nugroho,SOUTH,Electronics,Bluetooth Speaker,1,21.9,Completed,Credit Card
ORD103327,6/16/2024,CUST1471,James Anderson,East,Toys,Board Game,1,34.54,Completed,Credit Card
ORD101312,9/29/2024,CUST1445,Kevin Anderson,East,clothing,Wool Socks,2,27.25,Cancelled,Gift Card
ORD100272,11/22/2023,CUST1536,Maria Hidayat,west,Clothing,Running Shorts,2,58.04,Completed,Credit Card
ORD100754,3/26/2023,CUST1029,Nina Smith,west,books,Cookbook,1,10.73,Completed,Credit Card
ORD101877,2/24/2024,CUST1689,Siti Tan,WEST,Clothing,Winter Jacket,1,14.73,Completed,Debit Card
ORD100539,9/23/2023,CUST1575,Michael Halim,west,toys,Board Game,2,56.98,Completed,Credit Card
ORD102649,5-Dec-23,CUST1228,Dewi Santos,midwest,Sports & Outdoors,Resistance Bands,1,35.69,Completed,PayPal
ORD101356,10/7/2023,CUST1741,Siti Wilson,East,Electronics,USB-C Cable,3,78.63,Completed,PayPal
ORD100052,27/12/2023,CUST1657,Lisa Brown,south,Beauty,Lip Balm,3,30.64,completed,Gift Card
ORD100854,1-Apr-24,CUST1699,John Yusuf,WEST,Home & Kitchen,Blender,1,35.06,Completed,Debit Card
ORD101236,6/1/2024,CUST1381,Putri Nugroho,Mid-West,sports & outdoors,Yoga Mat,1,13.05,completed,PayPal
ORD103365,4/14/2024,CUST1653,Michael Chen,west,Toys,Board Game,1,47.79,Cancelled,Credit Card
ORD103125,19-Dec-24,CUST1638,Maria Kurniawan,SOUTH,BEAUTY,Lip Balm,3,30.85,Completed,Debit Card
ORD101837,7-Aug-23,CUST1826,Maria Halim,South,Books,Cookbook,4,25.75,Completed,Debit Card
ORD100224,3/10/2023,CUST1265,Sarah Johnson,midwest,Clothing,Winter Jacket,2,54.57,Completed,Debit Card
ORD101079,10/18/2023,CUST1386,Lisa Johnson,SOUTH,Home & Kitchen,Cutting Board,1,105.13,Cancelled,Credit Card
ORD100899,2/10/2023,CUST1116,Michael Lee,South,Beauty,Shampoo,1,27.84,Completed,Gift Card
ORD102267,8/25/2023,CUST1366,David Anderson,East,Beauty,Sunscreen SPF50,1,20.31,Completed,PayPal
ORD102550,10/31/2023,CUST1665,Sarah Halim,South,Beauty,Lip Balm,1,38.72,Completed,PayPal
ORD103098,27-Feb-23,CUST1541,Linda Johnson,Mid-West,sports & outdoors,Resistance Bands,2,65.94,Completed,Debit Card
ORD103578,1/27/2023,CUST1766,Michael Kurniawan,West,Beauty,Sunscreen SPF50,1,37.47,Pending,
ORD103088,9/26/2024,CUST1244,Nina Pratama,MIDWEST,Home & Kitchen,Cutting Board,2,27.07,Completed,Gift Card
ORD103343,12/9/2023,CUST1383,David Garcia,west,Sports & Outdoors,Hiking Backpack,5,68.67,Completed,Debit Card
ORD102271,19-Oct-23,CUST1721,Nina Wijaya,west,Toys,Puzzle 1000pc,2,38.02,Returned,Gift Card
ORD102396,29-Jul-24,CUST1682,Ayu Hidayat,South ,Toys,RC Car,2,28.56,Completed,Credit Card
ORD101948,12-Apr-24,CUST1850,Dewi Wijaya,East,home & kitchen,Coffee Maker,1,93.14,completed,Debit Card
ORD102862,1/8/2024,CUST1343,Dewi Sari,MIDWEST,Electronics,Wireless Earbuds,2,110.66,Completed,Gift Card
ORD102779,9/10/2023,CUST1448,Maria Halim,MIDWEST,Electronics,Smartphone Case,1,118.8,Returned,Gift Card
ORD100417,6/22/2024,CUST1520,John Halim,West,TOYS,RC Car,1,47.25,completed,PayPal
ORD100706,3/4/2023,CUST1450,David Santos,east,BOOKS,Self-Help Guide,1,15.4,Returned,Debit Card
ORD103065,21/02/2024,CUST1117,Sarah Pratama,SOUTH,home & kitchen,Cutting Board,1,35.34,Pending,PayPal
ORD100234,12/22/2023,CUST1766,Michael Kurniawan,SOUTH,Beauty,Sunscreen SPF50,5,37.89,Completed,PayPal
ORD103620,15-Sep-23,CUST1766,Michael Kurniawan,EAST,Toys,Board Game,1,13.49,Cancelled,PayPal
ORD103583,9/1/2024,CUST1895,Michael Johnson,,Home & Kitchen,Coffee Maker,1,79.2,Returned,Gift Card
ORD102359,2-May-23,CUST1067,Nina Halim,SOUTH,Toys,Building Blocks,2,26.69,Cancelled,Gift Card
ORD103884,10/8/2023,CUST1876,John Hidayat,West,Electronics,Power Bank,4,148.55,Completed,
ORD101537,1/23/2024,CUST1895,Michael Johnson,midwest,Home & Kitchen,Throw Pillow,1,56.32,Cancelled,PayPal
ORD103215,12/2/2024,CUST1217,Michael Santos,East,Beauty,Shampoo,1,18.15,returned,
ORD102258,10-Jul-24,CUST1234,Nina Salim,East,beauty,Lip Balm,3,39.9,Completed,Debit Card
ORD103329,12/14/2024,CUST1210,Nina Garcia,South ,Beauty,Face Mask Set,1,17.36,Returned,PayPal
ORD101640,12/29/2023,CUST1150,Ayu Wijaya,West,Beauty,Moisturizer,1,43.39,Returned,PayPal
ORD102350,1/31/2023,CUST1739,Fajar Wilson,WEST,Sports & Outdoors,Water Bottle,2,71.66,Completed,Credit Card
ORD102561,2/7/2024,CUST1649,Rina Wilson,west,sports & outdoors,Camping Tent,2,85.02,Completed,Debit Card
ORD101515,4/3/2024,CUST1609,Rina Chen,east,Toys,RC Car,1,47.76,completed,Credit Card
ORD101235,5-Apr-24,CUST1144,Kevin Smith,Midwest,Books,Children's Book,1,18.05,Completed,Debit Card
ORD102247,6/3/2023,CUST1220,David Wijaya,Mid-West,Toys,Action Figure,1,19.13,Completed,Gift Card
ORD103685,10/29/2024,CUST1815,Budi Garcia,south,Books,Business Strategy Book,1,27.57,Completed,Gift Card
ORD102486,11/23/2023,CUST1641,Rina Nugroho,Mid-West,Beauty,Moisturizer,4,44.32,Completed,PayPal
ORD101774,1/9/2024,CUST1722,Sarah Wilson,midwest,Clothing,Winter Jacket,1,42.12,Returned,PayPal
ORD100118,6/30/2023,CUST1866,Dewi Lee,midwest,Toys,Board Game,1,51.32,Completed,Debit Card
ORD103244,10/16/2023,CUST1861,Ayu Santos,East ,toys,RC Car,2,38.75,Completed,PayPal
ORD103309,11/1/2024,CUST1527,Rina Anderson,Mid-West,BEAUTY,Shampoo,1,39.98,Completed,Credit Card
ORD100237,10/26/2024,CUST1245,Dewi Yusuf,MIDWEST,Books,Business Strategy Book,2,13.51,Completed,Debit Card
ORD100399,8/21/2024,CUST1243,James Hidayat,,Books,Fiction Novel,1,29.31,Completed,PayPal
ORD100988,15-Jun-23,CUST1251,Nina Salim,east,sports & outdoors,Water Bottle,2,61.09,Completed,Credit Card
ORD101853,9-May-24,CUST1148,Siti Yusuf,east,Toys,Action Figure,1,23.21,Returned,Gift Card
ORD100065,11/3/2023,CUST1064,James Lee,Mid-West,Clothing,Running Shorts,4,13.17,Completed,Credit Card
ORD102757,12/13/2023,CUST1153,Fajar Salim,east,Home & Kitchen,Throw Pillow,3,37.23,Completed,Gift Card
ORD101997,24-Mar-24,CUST1777,Ayu Chen,East,sports & outdoors,Yoga Mat,1,93.89,Completed,Debit Card
ORD103424,18/08/2023,CUST1391,Siti Pratama,east,Home & Kitchen,Blender,4,79.09,Completed,Gift Card
ORD103786,1/31/2024,CUST1786,Siti Brown,WEST,Toys,Building Blocks,1,52.11,completed,PayPal
ORD100187,4/6/2024,CUST1841,Putri Anderson,South ,Clothing,Hoodie,1,26.63,Completed,Gift Card
ORD102970,2/4/2023,CUST1229,Kevin Anderson,EAST,Home & Kitchen,Throw Pillow,3,27.26,completed,Credit Card
ORD103224,18-Oct-24,CUST1496,John Smith,East ,Clothing,Denim Jeans,1,21.84,Completed,Gift Card
ORD102815,1/17/2023,CUST1555,Andi Hidayat,midwest,Toys,Action Figure,5,48.39,Completed,Debit Card
ORD101906,11/20/2023,CUST1190,Lisa Wijaya,Midwest,Sports & Outdoors,Camping Tent,5,22.34,Completed,Gift Card
ORD100350,1/10/2024,CUST1690,Fajar Garcia,East ,Home & Kitchen,Coffee Maker,1,76.1,Completed,Credit Card
ORD100427,7/9/2023,CUST1271,Lisa Chen,west,Home & Kitchen,Throw Pillow,1,26.05,completed,Debit Card
ORD100203,9/22/2023,CUST1040,Lisa Garcia,east, Books ,Cookbook,5,9.62,Returned,Gift Card
ORD103804,8/19/2024,CUST1672,Ahmad Smith,EAST,Home & Kitchen,Blender,2,97.92,Completed,Debit Card
ORD100159,1/3/2023,CUST1212,Budi Wilson,midwest,Beauty,Lip Balm,1,33.1,Completed,Credit Card
ORD103586,3-Jan-23,CUST1140,Maria Wijaya,South ,Toys,RC Car,1,,Completed,PayPal
ORD101560,16-May-23,CUST1175,Lisa Kurniawan,South ,Toys,Board Game,1,13.5,Completed,Credit Card
ORD101276,4/12/2024,CUST1352,Lisa Taylor, West,BEAUTY,Sunscreen SPF50,1,36.75,Completed,Gift Card
ORD103123,10/16/2024,CUST1298,Dewi Anderson,East ,home & kitchen,Throw Pillow,1,65.05,Completed,Gift Card
ORD100536,4/1/2024,CUST1089,Dewi Pratama,south,Home & Kitchen,Throw Pillow,1,18.33,Returned,Gift Card
ORD100140,2/3/2023,CUST1852,Putri Garcia,east,Clothing,Baseball Cap,1,51.51,Completed,Debit Card
ORD103984,13/12/2024,CUST1890,Ahmad Sari,East ,Sports & Outdoors,Jump Rope,1,16.11,Completed,Debit Card
ORD103806,24-Apr-24,CUST1070,Kevin Johnson,midwest,SPORTS & OUTDOORS,Hiking Backpack,2,27.72,Completed,PayPal
ORD102700,7/18/2023,CUST1675,Putri Kurniawan,SOUTH,Toys,RC Car,2,48.39,Completed,Gift Card
ORD101391,6/25/2023,CUST1569,David Kurniawan,MIDWEST,Home & Kitchen,LED Desk Lamp,2,80.5,Completed,Debit Card
ORD101635,2/23/2024,CUST1747,Dewi Yusuf,east,Electronics,Wireless Mouse,1,88.47,Completed,Debit Card
ORD102479,7/12/2023,CUST1214,Ahmad Tan,EAST,Beauty,Shampoo,1,38.24,Completed,Gift Card
ORD101198,14/03/2023,CUST1390,Ayu Hidayat,Midwest,BEAUTY,Moisturizer,2,11.64,Completed,Gift Card
ORD102669,12/2/2024,CUST1703,Budi Wilson,East,Home & Kitchen,Throw Pillow,1,119.79,Completed,Gift Card
ORD100813,25/01/2023,CUST1677,Fajar Anderson,MIDWEST,Beauty,Face Mask Set,1,24.5,Completed,Gift Card
ORD100721,16-Oct-23,CUST1006,James Smith,midwest,Sports & Outdoors,Yoga Mat,2,88.48,Returned,
ORD103170,2/8/2023,CUST1607,Fajar Kurniawan,South,Home & Kitchen,Non-Stick Pan,2,19.44,Returned,Credit Card
ORD100449,1/14/2024,CUST1133,Andi Hidayat,South,Sports & Outdoors,Water Bottle,1,19.59,Completed,Gift Card
ORD103646,10/10/2024,CUST1229,Kevin Anderson,MIDWEST,Sports & Outdoors,Resistance Bands,4,33.83,Completed,Debit Card
ORD100320,4/10/2023,CUST1816,John Kurniawan,Midwest,Sports & Outdoors,Camping Tent,2,56.08,Returned,Debit Card
ORD101299,1/28/2023,CUST1726,John Tan,south,Clothing,Winter Jacket,3,19.13,Completed,PayPal
ORD102749,10/22/2023,CUST1026,Putri Yusuf,, Books ,Children's Book,1,26.97,Completed,PayPal
ORD101174,12/9/2024,CUST1662,Siti Lee,South ,Toys,Action Figure,1,59.93,Completed,Gift Card
ORD102897,3/3/2024,CUST1621,James Wijaya,east,Books,Cookbook,1,29.02,Completed,Gift Card
ORD103573,9/22/2024,CUST1373,James Smith, West,Toys,Board Game,1,50.72,Completed,Debit Card
ORD102319,1/9/2024,CUST1319,Rina Santos,West,home & kitchen,Non-Stick Pan,1,59.27,completed,Gift Card
ORD100616,3/29/2023,CUST1479,Nina Nugroho,South,Beauty,Sunscreen SPF50,4,24.14,Completed,Credit Card
ORD102288,1/18/2023,CUST1611,Maria Sari,WEST,TOYS,Puzzle 1000pc,1,53.39,Completed,Credit Card
ORD102405,1/12/2023,CUST1126,Ahmad Garcia,South,Clothing,Cotton T-Shirt,1,60.85,Completed,PayPal
ORD101433,22-May-24,CUST1761,Ahmad Johnson,East ,books,Children's Book,1,10.19,Completed,Credit Card
ORD100381,12/31/2023,CUST1285,John Kurniawan,Mid-West,Toys,Action Figure,1,26.67,Completed,Gift Card
ORD100182,7/10/2024,CUST1188,James Lee, West,Books,Fiction Novel,4,23.41,Completed,Credit Card
ORD103005,9/23/2024,CUST1499,David Santos,South ,sports & outdoors,Resistance Bands,1,15.13,Completed,Debit Card
ORD100587,31-Oct-24,CUST1888,Putri Tan,East ,Toys,Action Figure,1,53.88,Completed,PayPal
ORD101117,12/12/2024,CUST1641,Rina Nugroho,South,Books,Business Strategy Book,1,26.03,Completed,Credit Card
ORD100660,5/31/2023,CUST1838,Budi Chen,west,Electronics,Power Bank,1,120.31,Completed,Credit Card
ORD103989,6/18/2023,CUST1696,David Hidayat,West,Books,Business Strategy Book,1,15.22,Pending,PayPal
ORD101538,1-Sep-24,CUST1723,Ayu Wijaya,East,Home & Kitchen,Coffee Maker,1,53.35,Completed,Debit Card
ORD102316,2/26/2023,CUST1847,Dewi Smith,east,Books,Children's Book,1,32.37,Completed,Debit Card
ORD100886,8/19/2023,CUST1400,James Yusuf,Midwest, Sports & Outdoors ,Water Bottle,1,67.63,Completed,PayPal
ORD100758,28-Aug-24,CUST1186,Andi Anderson,WEST,Beauty,Moisturizer,,25.19,completed,Credit Card
ORD101333,5/31/2024,CUST1019,Siti Sari,South , Home & Kitchen ,Non-Stick Pan,1,73,Completed,Gift Card
ORD103466,11/3/2024,CUST1038,Linda Nugroho,MIDWEST,Home & Kitchen,Storage Containers,1,,Completed,PayPal
ORD100152,10/10/2024,CUST1162,Siti Smith, West, Sports & Outdoors ,Yoga Mat,1,23.05,Completed,Gift Card
ORD100110,12/22/2024,CUST1872,Siti Taylor,WEST,Electronics,Bluetooth Speaker,2,70.18,completed,Credit Card
ORD103362,1/6/2024,CUST1033,Linda Sari,Mid-West,Books,Self-Help Guide,1,25.01,Completed,Credit Card
ORD100823,8/11/2024,CUST1786,Siti Brown,south,Home & Kitchen,Storage Containers,4,73.44,Returned,PayPal
ORD100125,23-Jan-24,CUST1750,Nina Brown,South ,sports & outdoors,Water Bottle,1,92.39,Completed,Gift Card
ORD100071,4/19/2023,CUST1576,Linda Pratama,Mid-West,Beauty,Lip Balm,2,21.3,Completed,Debit Card
ORD102435,3/26/2023,CUST1169,Lisa Hidayat,west,Toys,Puzzle 1000pc,1,53.2,Completed,Gift Card
ORD103392,3/14/2024,CUST1400,James Yusuf,South , Sports & Outdoors ,Jump Rope,4,84.69,Completed,Debit Card
ORD101535,11/3/2023,CUST1020,Putri Chen,west,Electronics,Wireless Mouse,4,110.46,Completed,Credit Card
ORD101390,10/17/2024,CUST1189,,south,Electronics,Bluetooth Speaker,1,73.54,Completed,Gift Card
ORD103973,10/3/2024,CUST1724,James Pratama,Mid-West,Books,Children's Book,1,15.58,Pending,PayPal
ORD101099,3/18/2023,CUST1064,,south,Electronics,Bluetooth Speaker,1,78.69,Completed,PayPal
ORD102703,7/31/2024,CUST1507,Andi Brown,East,Toys,Action Figure,1,38.12,completed,Credit Card
ORD102425,5/22/2024,CUST1706,Putri Hidayat,South ,Books,Children's Book,1,28.76,Completed,Credit Card
ORD100766,11/4/2023,CUST1410,Fajar Hidayat,west,Books,Fiction Novel,1,29.24,Cancelled,PayPal
ORD101488,2/7/2023,CUST1432,Andi Smith,south,toys,Board Game,1,30.29,Completed,Gift Card
ORD101370,19/05/2024,CUST1725,Nina Pratama,South ,Toys,Building Blocks,1,52.5,Completed,Credit Card
ORD100421,2/17/2024,CUST1021,David Wijaya, West,toys,Puzzle 1000pc,2,22.75,Completed,PayPal
ORD100625,1/26/2024,CUST1382,David Hidayat, West,Clothing,Winter Jacket,1,14.79,Completed,Gift Card
ORD102866,12/4/2023,CUST1687,,East ,Books,Self-Help Guide,2,19.73,Completed,PayPal
ORD101990,,CUST1773,Andi Nugroho,Midwest,Sports & Outdoors,Resistance Bands,2,32.18,Completed,Debit Card
ORD103672,3/12/2024,CUST1795,Michael Chen,South ,Clothing,Baseball Cap,1,72.92,Pending,Debit Card
ORD100366,3/3/2024,CUST1655,John Tan,EAST,toys,Board Game,1,59.23,Completed,PayPal
ORD103516,6/4/2024,CUST1072,Nina Salim,East ,Toys,Building Blocks,1,50.19,Completed,PayPal
ORD103926,21-Apr-23,CUST1638,Maria Kurniawan,SOUTH,Electronics,Webcam,1,16.62,Returned,Debit Card
ORD102719,8/26/2023,CUST1322,Ahmad Wijaya,south,beauty,Lip Balm,1,7.88,Completed,Debit Card
ORD102301,6/21/2024,CUST1098,Sarah Yusuf,south,sports & outdoors,Resistance Bands,2,13.09,Pending,Gift Card
ORD102053,8-Oct-24,CUST1563,James Yusuf,South ,toys,Puzzle 1000pc,4,45.45,Completed,Gift Card
ORD103771,18-Jul-24,CUST1614,,east, Clothing ,Denim Jeans,1,76.69,Completed,Gift Card
ORD102051,7/14/2024,CUST1859,Rina Kurniawan,MIDWEST,sports & outdoors,Yoga Mat,1,88.9,Completed,PayPal
ORD101878,2/8/2023,CUST1755,Budi Sari,SOUTH,Books,Children's Book,1,30.47,Completed,Debit Card
ORD100426,2/7/2024,CUST1016,John Pratama,west,Electronics,Wireless Mouse,1,27.81,Completed,Gift Card
ORD103072,12/31/2023,CUST1006,James Smith,South ,Electronics,Bluetooth Speaker,5,45.14,Cancelled,Debit Card
ORD100946,7/7/2024,CUST1168,Linda Nugroho,WEST,Electronics,Laptop Stand,2,104.61,Completed,PayPal
ORD100341,3/31/2024,CUST1496,John Smith,east,Books,Fiction Novel,3,16.18,Completed,Debit Card
ORD102617,6/6/2024,CUST1553,Fajar Hidayat,South ,HOME & KITCHEN,Throw Pillow,1,$75.09 ,Completed,PayPal
ORD101674,4/23/2023,CUST1444,Robert Tan,South,Home & Kitchen,Non-Stick Pan,1,32,Completed,PayPal
ORD102067,9/26/2023,CUST1217,Michael Santos,West,Electronics,Wireless Earbuds,1,144.77,Completed,Debit Card
ORD103461,16-Mar-23,CUST1451,Ahmad Garcia,midwest,Beauty,Moisturizer,1,33.54,Pending,Debit Card
ORD102743,19-Sep-23,CUST1260,Fajar Pratama,MIDWEST,Sports & Outdoors,Hiking Backpack,1,17.95,Completed,Credit Card
ORD100683,3/16/2023,CUST1065,,East,Electronics,Power Bank,1,67.77,Completed,Debit Card
ORD103192,6/15/2024,CUST1106,Lisa Kurniawan,South,Sports & Outdoors,Resistance Bands,,43.25,Completed,Credit Card
ORD101830,4/20/2023,CUST1375,Robert Garcia,west,Electronics,Smartphone Case,1,108.69,Completed,PayPal
ORD102115,2/17/2023,CUST1414,Ayu Chen,WEST,clothing,Hoodie,4,12.85,Completed,Credit Card
ORD102011,2/12/2024,CUST1519,Andi Santos,west,Sports & Outdoors,Water Bottle,1,77.62,Completed,Credit Card
ORD101320,22-Mar-23,CUST1436,Lisa Garcia,South ,books,Cookbook,1,31.17,Completed,Debit Card
ORD102162,6-Apr-23,CUST1216,Robert Anderson,EAST,Sports & Outdoors,Resistance Bands,2,,Returned,PayPal
ORD100180,6/10/2024,CUST1181,Maria Smith,west,Beauty,Moisturizer,1,13.87,Completed,Credit Card
ORD101704,,CUST1398,Nina Kurniawan,Midwest,Electronics,Smartphone Case,1,70.07,Completed,PayPal
ORD101496,18/09/2023,CUST1474,Kevin Sari,MIDWEST,Sports & Outdoors,Jump Rope,4,58.43,Completed,Credit Card
ORD103165,4/29/2024,CUST1351,David Chen,South ,ELECTRONICS,Smartphone Case,2,139.18,Completed,Credit Card
ORD103166,12/21/2023,CUST1527,Rina Anderson, West,Beauty,Face Mask Set,1,7.84,Completed,Gift Card
ORD103659,6/23/2023,CUST1153,Fajar Salim,West, Toys ,Puzzle 1000pc,1,30.89,Completed,PayPal
ORD100030,10/22/2023,CUST1416,,south,BEAUTY,Lip Balm,1,31.17,Completed,Credit Card
ORD100690,16/03/2023,CUST1337,, West,TOYS,Building Blocks,3,41.84,Completed,Credit Card
ORD102003,7/11/2024,CUST1819,Lisa Salim,South ,electronics,Wireless Mouse,5,121.92,Completed,PayPal
ORD101428,7/9/2023,CUST1382,David Hidayat,midwest,Electronics,Wireless Mouse,4,65.72,Completed,Debit Card
ORD101358,9/26/2023,CUST1305,Linda Nugroho,EAST,Electronics,Bluetooth Speaker,2,33.15,Completed,Credit Card
ORD102458,25-Mar-23,CUST1257,Sarah Taylor,South ,sports & outdoors,Water Bottle,1,97.51,Completed,PayPal
ORD101590,2/13/2023,CUST1870,Dewi Chen,South ,ELECTRONICS,Wireless Earbuds,2,89.31,completed,Gift Card
ORD101347,9/4/2024,CUST1634,James Sari,midwest,Books,Self-Help Guide,1,13.46,Completed,Credit Card
ORD103519,5/26/2024,CUST1883,Kevin Anderson,South, Clothing ,Running Shorts,2,74.07,Completed,
ORD100171,9/17/2024,CUST1760,Ayu Kurniawan,EAST,Beauty,Lip Balm,3,33.92,Completed,Credit Card
ORD100474,9/2/2023,CUST1860,Rina Nugroho,East ,Home & Kitchen,Non-Stick Pan,2,62.11,Returned,Credit Card
ORD103954,3/15/2024,CUST1753,,Mid-West,Sports & Outdoors,Hiking Backpack,3,45.06,Completed,PayPal
ORD103892,2/10/2023,CUST1768,Rina Nugroho,Mid-West,BEAUTY,Moisturizer,1,33.21,Completed,Debit Card
ORD102911,18/10/2024,CUST1501,Fajar Yusuf,midwest,Toys,RC Car,1,32.83,Completed,Gift Card
ORD103121,11/4/2023,CUST1061,Robert Chen,EAST,Toys,RC Car,1,22.23,completed,PayPal
ORD103216,2/22/2023,CUST1322,Ahmad Wijaya,Midwest,Sports & Outdoors,Water Bottle,1,60.51,Completed,Credit Card
ORD103067,4/28/2024,CUST1056,Rina Smith, West,SPORTS & OUTDOORS,Water Bottle,1,50.78,Completed,Credit Card
ORD103637,1/25/2024,CUST1772,Ahmad Hidayat,east, beauty ,Moisturizer,1,12.3,Completed,Gift Card
ORD101842,1/25/2024,CUST1683,Putri Lee,south,Beauty,Moisturizer,4,27.12,completed,Gift Card
ORD102129,2-Jun-24,CUST1473,Maria Pratama,SOUTH,Toys,Action Figure,2,31.69,Cancelled,Gift Card
ORD103026,26-Jun-24,CUST1376,Nina Yusuf,South,HOME & KITCHEN,Cutting Board,2,91.59,Completed,Gift Card
ORD102893,12/14/2023,CUST1135,Rina Kurniawan, West,Toys,RC Car,1,54.52,Completed,Gift Card
ORD102385,7/29/2023,CUST1611,Maria Sari,EAST,ELECTRONICS,Bluetooth Speaker,1,78.13,Completed,PayPal
ORD101650,,CUST1616,Putri Wijaya,Mid-West,Electronics,Power Bank,1,91.79,Completed,PayPal
ORD102389,9/21/2023,CUST1835,Nina Wilson,Midwest,Sports & Outdoors,Resistance Bands,1,98.3,Completed,
ORD100361,7/5/2024,CUST1785,Maria Nugroho,East,Home & Kitchen,Non-Stick Pan,1,19.69,cancelled,Credit Card
ORD103220,7/13/2024,CUST1445,Kevin Anderson,South,Books,Children's Book,4,26.2,Completed,Credit Card
ORD100482,9/30/2024,CUST1224,Ayu Salim, West,Electronics,USB-C Cable,2,24.24,Completed,Gift Card
ORD102363,25-Jan-23,CUST1575,Michael Halim,midwest,BEAUTY,Sunscreen SPF50,2,41.95,Completed,PayPal
ORD100541,2/9/2024,CUST1373,James Smith,West,Toys,Puzzle 1000pc,1,59.11,Completed,Gift Card
ORD103163,10/22/2023,CUST1888,Putri Tan,Mid-West,toys,RC Car,2,20.21,Completed,Credit Card
ORD103455,6/8/2024,CUST1555,Andi Hidayat,South,Beauty,Shampoo,4,38.45,Pending,Credit Card
ORD101129,21-Nov-23,CUST1537,Putri Sari,South ,Electronics,USB-C Cable,1,66.56,Completed,Debit Card
ORD103318,10/23/2023,CUST1163,Lisa Pratama,South ,Toys,RC Car,1,28.79,Completed,PayPal
ORD100701,8/9/2024,CUST1738,Fajar Halim,South ,Beauty,Face Mask Set,1,39.92,completed,Debit Card
ORD101713,7/12/2023,CUST1377,Putri Taylor,Mid-West, Sports & Outdoors ,Camping Tent,4,95.03,Completed,PayPal
ORD100086,17/02/2024,CUST1424,Linda Garcia,East,Sports & Outdoors,Camping Tent,2,93.5,Completed,Debit Card
ORD102949,10/30/2023,CUST1622,Michael Garcia,,Toys,Action Figure,2,,Completed,PayPal
ORD102464,10/25/2024,CUST1814,Michael Taylor, West,Books,Business Strategy Book,5,22.94,Completed,PayPal
ORD101156,9/29/2024,CUST1541,Linda Johnson,west,toys,Board Game,1,31.96,Completed,PayPal
ORD102209,1/5/2024,CUST1728,Siti Santos,SOUTH,Electronics,Webcam,2,32.16,Completed,Credit Card
ORD103610,5/24/2024,CUST1484,James Anderson,Midwest,Books,Cookbook,1,26.72,Completed,PayPal
ORD101894,15/01/2024,CUST1073,Ayu Pratama,west,beauty,Shampoo,2,33.49,Completed,Gift Card
ORD102772,12-Aug-24,CUST1211,Sarah Santos,Mid-West,Beauty,Face Mask Set,1,36.39,cancelled,PayPal
ORD100454,11/14/2024,CUST1780,Lisa Wijaya,South ,clothing,Winter Jacket,1,10.05,Completed,Debit Card
ORD101571,10/9/2023,CUST1799,Robert Hidayat,Midwest,sports & outdoors,Yoga Mat,2,,Completed,PayPal
ORD100068,7/31/2024,CUST1836,Kevin Salim,Midwest,Toys,Board Game,2,43.26,Completed,PayPal
ORD101457,4/2/2023,CUST1130,Maria Johnson,EAST, Books ,Children's Book,1,12.72,Completed,Debit Card
ORD100403,14/06/2023,CUST1842,Siti Salim,midwest,Toys,Puzzle 1000pc,1,9.98,Returned,Debit Card
ORD100533,9/25/2024,CUST1716,Budi Salim,Mid-West, Toys ,Puzzle 1000pc,5,8888,Completed,Gift Card
ORD100548,12/9/2024,CUST1500,Nina Hidayat, West,Home & Kitchen,LED Desk Lamp,1,66.62,Pending,Credit Card
ORD101732,2/14/2023,CUST1239,Dewi Wilson,Mid-West,sports & outdoors,Resistance Bands,1,98.62,completed,
ORD102832,7/7/2023,CUST1395,Lisa Kurniawan,South,Home & Kitchen,LED Desk Lamp,2,63,completed,Credit Card
ORD103660,10/3/2023,CUST1852,Putri Garcia,south,electronics,Bluetooth Speaker,1,91.69,Completed,Credit Card
ORD100611,3/8/2024,CUST1244,Nina Pratama,east, clothing ,Winter Jacket,1,66.07,Completed,Gift Card
ORD102168,10/28/2024,CUST1681,Maria Hidayat,south,CLOTHING,Cotton T-Shirt,one,23.99,Completed,Credit Card
ORD101663,8/1/2024,CUST1572,Maria Yusuf,east,Toys,Puzzle 1000pc,5,51.6,Cancelled,Debit Card
ORD102782,12/30/2024,CUST1095,Sarah Smith,West,Toys,Puzzle 1000pc,3,11.45,Completed,Gift Card
ORD102020,10/18/2024,CUST1781,Andi Yusuf,Midwest,Toys,Puzzle 1000pc,1,19.09,completed,Debit Card
ORD102232,10/9/2023,CUST1809,Kevin Smith,east,Home & Kitchen,Throw Pillow,1,119.15,Completed,Debit Card
ORD103408,17-Aug-23,CUST1865,Ayu Salim,SOUTH,Electronics,Laptop Stand,1,20.46,Completed,Gift Card
ORD100343,10/4/2023,CUST1382,David Hidayat,WEST,clothing,Running Shorts,5,77.39,Completed,PayPal
ORD101787,9/4/2024,CUST1685,Budi Kurniawan,SOUTH,Home & Kitchen,Throw Pillow,2,13.37,Completed,PayPal
ORD100259,25-Feb-23,CUST1668,Siti Brown,East ,Toys,Action Figure,1,35.49,Completed,Credit Card
ORD101816,12/31/2023,CUST1746,Siti Garcia,Midwest,SPORTS & OUTDOORS,Hiking Backpack,2,53.63,Completed,Debit Card
ORD102774,12/18/2024,CUST1249,Kevin Taylor,East,Beauty,Lip Balm,3,15.66,Completed,PayPal
ORD103297,2/3/2023,CUST1826,Maria Halim,East,Home & Kitchen,Coffee Maker,1,47.19,Completed,Debit Card
ORD102256,7/18/2023,CUST1214,Ahmad Tan,south,Sports & Outdoors,Jump Rope,1,85.7,Completed,Gift Card
ORD101781,22-Nov-24,CUST1878,Ayu Sari,WEST,Home & Kitchen,Non-Stick Pan,2,58.8,Completed,PayPal
ORD100145,5/8/2024,CUST1608,Dewi Lee,Midwest,Books,Self-Help Guide,2,31.78,Completed,Debit Card
ORD102418,7-Feb-23,CUST1464,Dewi Taylor,SOUTH,Sports & Outdoors,Hiking Backpack,1,85.83,Completed,Credit Card
ORD101297,5/10/2024,CUST1674,Dewi Lee,east,ELECTRONICS,Wireless Earbuds,two,96.85,Cancelled,PayPal
ORD101451,3/18/2024,CUST1611,Maria Sari,Mid-West,home & kitchen,Blender,1,99.01,completed,Credit Card
ORD100554,12/9/2024,CUST1143,Linda Wijaya,MIDWEST, Books ,Children's Book,1,29.53,Completed,PayPal
ORD100020,2/8/2024,CUST1696,David Hidayat,West,Books,Fiction Novel,1,28.56,Completed,Debit Card
ORD102448,1/1/2023,CUST1136,Budi Hidayat,east,Electronics,Power Bank,1,25.07,returned,PayPal
ORD102898,2/19/2024,CUST1834,Andi Nugroho,midwest,Books,Fiction Novel,2,19.23,Completed,Gift Card
ORD103477,1/24/2023,CUST1491,Rina Taylor,east,Beauty,Shampoo,1,22.24,Cancelled,Credit Card
ORD101598,1/12/2023,CUST1439,Maria Johnson,East,Home & Kitchen,Throw Pillow,one,63.99,Cancelled,Credit Card
ORD103788,25-Apr-24,CUST1716,Budi Salim,EAST,Toys,Puzzle 1000pc,1,25.05,Cancelled,Credit Card
ORD102873,12/5/2024,CUST1012,Andi Yusuf,WEST,home & kitchen,Coffee Maker,2,94.43,Cancelled,Credit Card
ORD102170,10/16/2023,CUST1561,Nina Santos,,Toys,Building Blocks,2,41.55,Completed,Debit Card
ORD103758,8/9/2023,CUST1582,Michael Lee,EAST,clothing,Denim Jeans,2,50.53,completed,
ORD101556,1/2/2023,CUST1673,Ahmad Smith,EAST,Clothing,Baseball Cap,2,73.93,Completed,Gift Card
ORD102431,9/18/2023,CUST1862,Ahmad Santos,East ,electronics,USB-C Cable,1,93.45,Completed,Credit Card
ORD103302,7/2/2023,CUST1243,James Hidayat,Mid-West,Books,Children's Book,1,8.91,Pending,Credit Card
ORD102357,2/13/2024,CUST1696,David Hidayat,west,Electronics,Smartphone Case,5,107.57,returned,PayPal
ORD103425,12/31/2023,CUST1798,Siti Anderson, West,Clothing,Winter Jacket,2,31.55,Completed,Gift Card
ORD102139,23-Dec-24,CUST1340,Ayu Lee,south,Electronics,Smartphone Case,1,116.66,Completed,Credit Card
ORD101474,12/24/2024,CUST1448,Maria Halim,midwest,Home & Kitchen,Non-Stick Pan,2,74.53,Completed,Gift Card
ORD100941,2/12/2024,CUST1064,James Lee,West,beauty,Shampoo,1,28.83,Completed,Credit Card
ORD103038,9/27/2023,CUST1650,Dewi Lee,West, Toys ,RC Car,1,9.06,Completed,PayPal
ORD101280,4-Nov-23,CUST1370,Rina Anderson,MIDWEST,Electronics,Power Bank,3,78.96,completed,Gift Card
ORD100558,30-May-23,CUST1655,John Tan,MIDWEST,ELECTRONICS,Laptop Stand,2,33.9,Cancelled,PayPal
ORD100338,12/23/2023,CUST1184,Michael Kurniawan,EAST,Beauty,Lip Balm,2,10.9,Completed,PayPal
ORD103585,2/10/2024,CUST1120,Dewi Johnson,Midwest,Books,Children's Book,2,8.98,Completed,Gift Card
ORD102853,4/26/2023,CUST1893,John Wijaya,east,Home & Kitchen,Cutting Board,1,109.93,Completed,
ORD102510,8/19/2024,CUST1667,Robert Halim,South,toys,RC Car,1,30.06,Completed,Credit Card
ORD101244,7-Aug-23,CUST1144,Kevin Smith,Midwest,sports & outdoors,Water Bottle,1,55.05,Returned,Credit Card
ORD101946,7/24/2024,CUST1174,Siti Lee,midwest,Electronics,Laptop Stand,1,44.62,Completed,Credit Card
ORD100672,11/17/2024,CUST1054,Putri Garcia, West,TOYS,Board Game,2,49.49,Completed,Gift Card
ORD101561,3/10/2023,CUST1179,,MIDWEST,Sports & Outdoors,Water Bottle,2,75.97,Completed,Gift Card
ORD103633,4/30/2023,CUST1147,Sarah Wilson,South,Sports & Outdoors,Camping Tent,1,50.01,completed,PayPal
ORD103928,5/12/2024,CUST1395,Lisa Kurniawan,WEST,Home & Kitchen,Blender,1,21.34,Completed,
ORD101909,10/22/2024,CUST1764,Andi Yusuf, West,Toys,Puzzle 1000pc,2,40.02,Completed,Debit Card
ORD102071,1/28/2023,CUST1406,Ahmad Wilson,East,Clothing,Cotton T-Shirt,1,62.28,Pending,Gift Card
ORD101770,6/12/2024,CUST1043,Michael Wilson,East ,Books,Fiction Novel,1,24.38,Returned,Gift Card
ORD102231,11/9/2024,CUST1461,Dewi Brown,Midwest, Electronics ,USB-C Cable,3,16.29,Completed,Gift Card
ORD101008,13/09/2024,CUST1266,Kevin Nugroho,East ,clothing,Wool Socks,1,43.65,Completed,Debit Card
ORD100741,2/9/2023,CUST1124,Siti Wijaya,South,Clothing,Denim Jeans,1,22.23,Cancelled,Gift Card
ORD103126,8/26/2024,CUST1885,Lisa Santos,SOUTH,Sports & Outdoors,Yoga Mat,1,54.25,Completed,Gift Card
ORD103307,20-Aug-24,CUST1221,Siti Chen,WEST,Home & Kitchen,Storage Containers,1,33.04,Completed,Gift Card
ORD102250,7/7/2024,CUST1711,Maria Smith,SOUTH,Beauty,Lip Balm,1,32.99,Completed,Gift Card
ORD101011,10/21/2024,CUST1735,Maria Halim,South,Sports & Outdoors,Camping Tent,1,70.84,Completed,Debit Card
ORD100461,9/10/2023,CUST1648,James Wijaya,Midwest,Clothing,Cotton T-Shirt,2,64.09,Completed,PayPal
ORD102171,7/4/2023,CUST1466,,,electronics,Wireless Mouse,1,45.5,Completed,Gift Card
ORD102160,10/25/2024,CUST1373,James Smith,SOUTH,Books,Business Strategy Book,1,28.15,Completed,Debit Card
ORD102939,1/5/2023,CUST1816,John Kurniawan,EAST,TOYS,RC Car,1,27.83,Completed,PayPal
ORD102037,9/17/2024,CUST1353,Andi Halim,WEST,Electronics,Laptop Stand,1,17.33,Pending,Credit Card
ORD103655,5/2/2024,CUST1270,Andi Salim,East ,Sports & Outdoors,Camping Tent,1,55.61,Completed,PayPal
ORD102393,9/6/2023,CUST1550,Nina Anderson,west,Clothing,Baseball Cap,1,73.85,Completed,PayPal
ORD100056,,CUST1415,Sarah Salim,west,Sports & Outdoors,Hiking Backpack,1,82.78,Completed,Credit Card
ORD100280,5/7/2023,CUST1465,Nina Wilson,midwest,ELECTRONICS,Power Bank,3,130.06,Completed,Gift Card
ORD103187,9/1/2023,CUST1811,Putri Santos,midwest,Electronics,Smartphone Case,1,108.5,completed,PayPal
ORD100445,6/16/2024,CUST1037,,south,Books,Self-Help Guide,1,21.17,pending,Debit Card
ORD101502,20/08/2024,CUST1350,Linda Salim,EAST,Beauty,Moisturizer,1,14.22,Completed,PayPal
ORD100275,7/17/2023,CUST1396,David Wijaya,west,SPORTS & OUTDOORS,Camping Tent,2,50.35,Completed,Gift Card
ORD100353,3/31/2023,CUST1689,Siti Tan, West,Beauty,Moisturizer,1,30.74,Completed,PayPal
ORD102903,5/25/2023,CUST1361,Rina Brown,South,Electronics,Power Bank,2,80.76,Completed,PayPal
ORD102813,6/1/2024,CUST1788,Linda Wijaya,SOUTH,clothing,Running Shorts,3,76.66,Completed,Debit Card
ORD103537,1/16/2023,CUST1605,Andi Sari,WEST, Home & Kitchen ,Storage Containers,2,41.93,Completed,PayPal
ORD102770,14-Jan-24,CUST1764,Andi Yusuf,East ,Beauty,Face Mask Set,4,24.98,Completed,PayPal
ORD101815,9/7/2023,CUST1373,,EAST,Books,Children's Book,1,20.73,Completed,Gift Card
ORD100106,4/17/2023,CUST1009,James Anderson,SOUTH,Home & Kitchen,Coffee Maker,1,115.8,Completed,PayPal
ORD101153,4/26/2024,CUST1058,John Johnson,East ,books,Cookbook,1,23.91,Completed,Gift Card
ORD100332,8/5/2023,CUST1345,Michael Santos,South,Toys,Building Blocks,1,,Completed,Gift Card
ORD100735,11/28/2023,CUST1602,Siti Lee,WEST,Toys,Board Game,2,33.88,Completed,Credit Card
ORD100799,8/21/2024,CUST1233,Michael Lee,midwest,Electronics,USB-C Cable,1,99.85,completed,Debit Card
ORD102936,4/8/2024,CUST1654,John Smith,SOUTH,sports & outdoors,Hiking Backpack,1,34.35,Completed,Credit Card
ORD103368,1/25/2023,CUST1784,Kevin Kurniawan,west,Home & Kitchen,Throw Pillow,2,104.86,completed,Debit Card
ORD100395,21-Oct-23,CUST1649,Rina Wilson,SOUTH,Cloths,Baseball Cap,2,40.98,Completed,Debit Card
ORD103156,9-Oct-24,CUST1507,Andi Brown,West,Cloths,Running Shorts,2,21.76,completed,Debit Card
ORD101289,7/9/2023,CUST1633,James Kurniawan,EAST,Home & Kitchen,Storage Containers,1,37.45,Completed,PayPal
ORD102344,6/10/2023,CUST1713,Dewi Taylor,SOUTH,Clothing,Baseball Cap,1,10.27,Cancelled,Credit Card
ORD102746,9/7/2024,CUST1729,Rina Halim,east,Clothing,Hoodie,1,26.74,Completed,Credit Card
ORD101978,9/14/2023,CUST1735,,East ,Beauty,Shampoo,2,36.91,Completed,Credit Card
ORD100780,19-Mar-24,CUST1022,Andi Anderson,Midwest,Clothing,Wool Socks,1,36.51,Pending,PayPal
ORD102744,1/1/2024,CUST1182,Dewi Tan,West,clothing,Cotton T-Shirt,2,75.23,Completed,
ORD101605,12/28/2023,CUST1431,Nina Hidayat,west,Sports & Outdoors,Yoga Mat,1,92.53,Completed,Credit Card
ORD103103,1/7/2023,CUST1180,Rina Tan,WEST,Beauty,Face Mask Set,1,27.18,Pending,PayPal
ORD101037,18-Oct-24,CUST1764,Andi Yusuf,west, home & kitchen ,LED Desk Lamp,1,$86.87 ,Completed,PayPal
ORD100693,23-Mar-24,CUST1630,John Kurniawan,WEST,Home & Kitchen,Blender,1,8888,Returned,PayPal
ORD100891,28/12/2024,CUST1307,Lisa Santos,South ,Clothing,Cotton T-Shirt,3,47.38,cancelled,PayPal
ORD102946,8/27/2023,CUST1193,Dewi Kurniawan,Mid-West,Clothing,Denim Jeans,5,37.16,Completed,Debit Card
ORD100904,2/6/2023,CUST1389,Fajar Salim,South ,Clothing,Running Shorts,3,70.15,Completed,Debit Card
ORD100550,10/22/2024,CUST1813,Linda Pratama,South ,BOOKS,Cookbook,2,10.08,Completed,Debit Card
ORD102339,4/7/2024,CUST1586,Putri Smith, West, Sports & Outdoors ,Camping Tent,1,96.97,Completed,Credit Card
ORD101831,10/5/2024,CUST1735,Maria Halim,EAST,Home & Kitchen,Blender,1,78.73,Completed,Credit Card
ORD103942,1/10/2024,CUST1139,Maria Brown,WEST,Beauty,Moisturizer,1,40.99,Returned,PayPal
ORD102123,4/22/2024,CUST1119,Andi Kurniawan,south,Beauty,Shampoo,1,43.21,Completed,Debit Card
ORD103495,10/14/2024,CUST1360,Michael Santos,South ,Home & Kitchen,LED Desk Lamp,1,44.28,Completed,Gift Card
ORD102214,3/19/2023,CUST1366,David Anderson,west, beauty ,Lip Balm,1,11.48,Cancelled,PayPal
ORD100486,5/14/2023,CUST1899,Maria Hidayat,,Beauty,Moisturizer,1,41.74,Completed,PayPal
ORD101677,5/25/2023,CUST1295,Robert Taylor,South ,Beauty,Face Mask Set,1,41.77,Completed,PayPal
ORD101998,6/17/2023,CUST1416,Robert Nugroho,midwest,books,Cookbook,1,31.49,Completed,PayPal
ORD102676,1/16/2024,CUST1425,Linda Anderson,WEST,Clothing,Denim Jeans,1,16.6,Returned,PayPal
ORD100851,2/13/2023,CUST1499,David Santos,South ,Books,Business Strategy Book,1,29.59,Completed,Credit Card
ORD103530,4/20/2024,CUST1435,Dewi Lee,EAST,Sports & Outdoors,Jump Rope,1,97.69,Completed,PayPal
ORD100393,8/7/2023,CUST1560,Fajar Hidayat, West,Clothing,Cotton T-Shirt,2,46.5,Completed,Gift Card
ORD100490,3/28/2023,CUST1862,Ahmad Santos,east,HOME & KITCHEN,Blender,1,54.68,Completed,Debit Card
ORD100156,11/8/2024,CUST1384,Siti Pratama,East,beauty,Face Mask Set,3,11.12,Completed,Credit Card
ORD101366,,CUST1407,Rina Smith, West,Books,Children's Book,2,13.8,Returned,PayPal
ORD102678,22-Dec-23,CUST1087,Linda Tan,West,Books,Children's Book,1,13.43,Completed,Credit Card
ORD101364,7/11/2024,CUST1201,Linda Johnson,midwest,beauty,Shampoo,2,6.22,Completed,Credit Card
ORD101707,2/18/2023,CUST1289,Dewi Brown,East,BOOKS,Business Strategy Book,1,23.12,Cancelled,PayPal
ORD102512,3/26/2024,CUST1862,Ahmad Santos,South,Beauty,Face Mask Set,1,30.64,Completed,Gift Card
ORD101860,2/3/2024,CUST1505,Michael Anderson,West,Home & Kitchen,Non-Stick Pan,1,77.56,Completed,PayPal
ORD101814,5/21/2024,CUST1670,David Sari, West,Books,Children's Book,1,25.03,Completed,Gift Card
ORD100730,8/9/2024,CUST1046,Michael Pratama,,Home & Kitchen,Cutting Board,2,76.3,Cancelled,PayPal
ORD102476,11/20/2024,CUST1246,Ayu Brown,MIDWEST,Electronics,Webcam,4,24.69,Cancelled,Credit Card
ORD102155,13-Aug-24,CUST1085,John Kurniawan,East, Toys ,Board Game,2,57.62,Completed,Debit Card
ORD102309,2/1/2023,CUST1833,Putri Yusuf,EAST,Home & Kitchen,LED Desk Lamp,1,23.73,Completed,Gift Card
ORD103889,8/16/2023,CUST1316,Michael Wilson,West,Sports & Outdoors,Camping Tent,1,59.99,Completed,Gift Card
ORD103338,10/12/2023,CUST1213,Michael Tan,Mid-West,Clothing,Wool Socks,1,13.85,Completed,Gift Card
ORD102443,2/8/2023,CUST1079,Siti Sari,Mid-West,Electronics,Bluetooth Speaker,1,116.42,Cancelled,Debit Card
ORD100665,11/28/2024,CUST1112,Putri Halim, West,Electronics,Wireless Mouse,4,144.88,Completed,Debit Card
ORD103801,8/11/2023,CUST1462,Michael Lee,Midwest,Electronics,Webcam,4,104.67,Completed,PayPal
ORD102804,8/26/2024,CUST1485,Dewi Smith,Midwest,Books,Business Strategy Book,1,16.28,Completed,Gift Card
ORD102023,6/1/2023,CUST1850,Dewi Wijaya,EAST,Beauty,Moisturizer,1,23.54,Completed,Credit Card
ORD101737,11/3/2024,CUST1463,Linda Brown,west,Electronics,USB-C Cable,1,107.18,Completed,Debit Card
ORD103638,8/12/2024,CUST1178,Michael Pratama,west,Beauty,Face Mask Set,4,39.69,Completed,Debit Card
ORD102575,2-Apr-23,CUST1089,Dewi Pratama,West,HOME & KITCHEN,Throw Pillow,1,31.29,Completed,PayPal
ORD102198,9/18/2024,CUST1302,Dewi Taylor,MIDWEST,home & kitchen,Cutting Board,1,90.95,Completed,Debit Card
ORD102922,29/03/2023,CUST1308,Robert Yusuf,Mid-West,Books,Fiction Novel,1,27.19,Completed,PayPal
ORD102290,1/30/2024,CUST1074,John Sari,MIDWEST,SPORTS & OUTDOORS,Camping Tent,1,13.12,Completed,Gift Card
ORD101893,11/27/2024,CUST1765,Ayu Brown,MIDWEST,Sports & Outdoors,Water Bottle,1,73.38,Completed,Debit Card
ORD103457,16-Jan-24,CUST1060,Ahmad Wilson,East,Electronics,Webcam,1,114.9,Completed,PayPal
ORD103061,4/20/2023,CUST1794,Robert Halim, West,home & kitchen,LED Desk Lamp,3,51.05,Completed,Gift Card
ORD103470,2/2/2024,CUST1693,Lisa Santos,West,Sports & Outdoors,Yoga Mat,2,38.45,Completed,Gift Card
ORD100734,3/20/2023,CUST1410,Fajar Hidayat,Midwest,clothing,Baseball Cap,2,61.26,Completed,Gift Card
ORD102313,5/20/2024,CUST1719,,west,Home & Kitchen,Storage Containers,5,26.08,Cancelled,PayPal
ORD101624,3/2/2024,CUST1321,Putri Garcia,west,Electronics,Power Bank,1,137.6,Completed,Gift Card
ORD101079,10/18/2023,CUST1386,Lisa Johnson,SOUTH,Home & Kitchen,Cutting Board,1,105.13,cancelled,Credit Card
ORD103355,5/11/2024,CUST1251,Nina Salim,east,Clothing,Running Shorts,1,64.54,returned,Credit Card
ORD100262,12/2/2024,CUST1073,Ayu Pratama,SOUTH,home & kitchen,Throw Pillow,2,116.16,Returned,Credit Card
ORD100084,21-Dec-24,CUST1287,John Pratama,WEST,Books,Business Strategy Book,1,15.7,Completed,Debit Card
ORD101490,30-May-24,CUST1452,Fajar Yusuf,EAST,Home & Kitchen,Throw Pillow,1,118.83,Cancelled,Gift Card
ORD101446,8/16/2024,CUST1258,Ayu Smith,East,Electronics,Webcam,,49.25,Returned,Credit Card
ORD101260,17/08/2024,CUST1223,Michael Halim,MIDWEST,BEAUTY,Shampoo,2,8.22,Completed,Debit Card
ORD101564,6-Sep-23,CUST1779,Andi Yusuf,WEST,Sports & Outdoors,Yoga Mat,1,26.53,Completed,PayPal
ORD101209,4/17/2024,CUST1233,Michael Lee,South,Sports & Outdoors,Resistance Bands,1,72.97,completed,PayPal
ORD100301,4/26/2024,CUST1479,Nina Nugroho,Mid-West,electronics,Wireless Mouse,1,24.68,Completed,PayPal
ORD103735,1/31/2023,CUST1339,Siti Hidayat,Midwest,books,Fiction Novel,1,28.9,Cancelled,Debit Card
ORD100153,11/23/2024,CUST1329,Andi Tan,West,Toys,Action Figure,1,57.12,Completed,PayPal
ORD100236,7/28/2024,CUST1007,Budi Garcia, West,Books,Self-Help Guide,,20.46,Completed,PayPal
ORD101493,9/13/2024,CUST1128,Rina Taylor,South ,Clothing,Winter Jacket,2,16.54,Completed,Credit Card
ORD102206,9/26/2023,CUST1800,David Chen,midwest,Electronics,USB-C Cable,1,85.56,Completed,Debit Card
ORD100189,7/12/2024,CUST1160,James Nugroho, West,Books,Cookbook,1,28.65,Completed,PayPal
ORD103925,16/05/2023,CUST1790,Andi Salim,West,Electronics,Laptop Stand,2,144.61,Completed,Credit Card
ORD103285,7/9/2023,CUST1402,Rina Nugroho,East ,Clothing,Baseball Cap,1,43.3,Completed,Credit Card
ORD101443,8/10/2024,CUST1459,Rina Smith,east,Electronics,Smartphone Case,3,83.36,pending,Gift Card
ORD101844,8/10/2023,CUST1813,Linda Pratama,east,electronics,Laptop Stand,1,73.55,Completed,Debit Card
ORD102718,23/05/2023,CUST1843,Siti Hidayat,WEST,Books,Business Strategy Book,1,15.89,Completed,Credit Card
ORD102924,5/3/2024,CUST1118,Budi Anderson,West,Sports & Outdoors,Jump Rope,4,52.86,Pending,Debit Card
ORD101016,5-Jul-24,CUST1748,Robert Salim,SOUTH,toys,Building Blocks,1,56.61,Pending,Gift Card
ORD103381,4-Nov-23,CUST1032,Andi Sari,midwest,BOOKS,Self-Help Guide,1,28.36,Returned,Gift Card
ORD100535,9/13/2024,CUST1674,Dewi Lee,SOUTH,Toys,Building Blocks,1,,Completed,PayPal
ORD102942,10/3/2023,CUST1436,Lisa Garcia,EAST,Beauty,Moisturizer,1,10.25,completed,Gift Card
ORD102440,16/08/2024,CUST1332,Siti Johnson,midwest,Electronics,Webcam,5,94.62,Completed,Debit Card
ORD102259,7/21/2023,CUST1011,Dewi Garcia,west,Home & Kitchen,Non-Stick Pan,1,84.09,Completed,PayPal
ORD102439,7/24/2023,CUST1427,James Halim,midwest,Clothing,Winter Jacket,1,66.3,Completed,Gift Card
ORD100525,14/06/2024,CUST1659,Kevin Hidayat,South,Beauty,Lip Balm,1,23.28,Returned,Gift Card
ORD101065,30-Jul-24,CUST1281,Ahmad Hidayat,South ,books,Cookbook,2,32.93,Completed,Gift Card
ORD102806,10/12/2024,CUST1210,Nina Garcia,MIDWEST,Books,Business Strategy Book,2,14.35,Pending,Credit Card
ORD103803,3/15/2023,CUST1276,Rina Nugroho,WEST, electronics ,Bluetooth Speaker,2,123.6,Completed,Credit Card
ORD100781,3/23/2024,CUST1050,Sarah Anderson,south,Home & Kitchen,Storage Containers,3,91.98,Completed,PayPal
ORD101041,4/24/2023,CUST1469,Michael Lee,,Books,Self-Help Guide,1,30.28,cancelled,PayPal
ORD101854,7/10/2024,CUST1702,Ahmad Salim,East,Clothing,Winter Jacket,1,45.54,Completed,PayPal
ORD100561,12/24/2024,CUST1742,James Brown, West,Beauty,Face Mask Set,1,6.98,Completed,Gift Card
ORD101981,26/04/2023,CUST1411,Ahmad Garcia,west,Toys,Building Blocks,1,48.45,Completed,Credit Card
ORD101675,8/19/2024,CUST1658,Robert Chen,MIDWEST,Sports & Outdoors,Hiking Backpack,1,58.48,Completed,PayPal
ORD103398,9/27/2024,CUST1838,Budi Chen,west,Sports & Outdoors,Resistance Bands,4,99.85,completed,PayPal
ORD102063,17/08/2024,CUST1094,Siti Garcia,East,Toys,Action Figure,1,30.79,Completed,PayPal
ORD101337,1/17/2023,CUST1638,Maria Kurniawan,east,Toys,Puzzle 1000pc,2,50.28,Completed,Gift Card
ORD100226,7-Oct-24,CUST1009,James Anderson,,Clothing,Running Shorts,4,34.73,Completed,Debit Card
ORD101214,10/12/2024,CUST1252,Ayu Brown,MIDWEST,Toys,Building Blocks,1,52.84,Completed,Gift Card
ORD103836,8-Nov-24,CUST1507,Andi Brown,West,Electronics,Wireless Earbuds,2,24.72,Completed,
ORD101905,6/23/2024,CUST1351,David Chen,Midwest,Books,Business Strategy Book,3,23.6,Completed,
ORD102629,5/31/2023,CUST1668,Siti Brown,MIDWEST,Home & Kitchen,Non-Stick Pan,2,75.57,Completed,Credit Card
ORD100977,4/8/2023,CUST1164,Kevin Tan,South,Electronics,Power Bank,1,17.82,Completed,Gift Card
ORD103276,12/12/2024,CUST1801,John Brown,East ,Beauty,Face Mask Set,1,29.81,Completed,PayPal
ORD102835,4-Nov-23,CUST1265,Sarah Johnson,South,electronics,Wireless Mouse,1,91.13,Cancelled,Credit Card
ORD101616,2/3/2024,CUST1862,Ahmad Santos,midwest,Home & Kitchen,LED Desk Lamp,3,113.46,Completed,Gift Card
ORD100360,1/26/2023,CUST1041,Michael Wijaya,EAST,CLOTHING,Wool Socks,-3,64.63,Completed,PayPal
ORD102569,12/20/2024,CUST1685,Budi Kurniawan,WEST,Books,Cookbook,1,32.8,Completed,PayPal
ORD100724,9/9/2023,CUST1325,Ayu Kurniawan,East,Clothing,Baseball Cap,1,28.87,Completed,Gift Card
ORD101669,11/10/2024,CUST1206,Siti Wilson, West,Toys,Building Blocks,1,22.3,Completed,Credit Card
ORD100966,7/29/2024,CUST1443,Andi Hidayat,South,BOOKS,Fiction Novel,1,11.77,Completed,PayPal
ORD102867,2/4/2023,CUST1145,Linda Smith,WEST,Sports & Outdoors,Hiking Backpack,2,,Completed,Credit Card
ORD101170,6/10/2023,CUST1341,Fajar Wijaya, West,Clothing,Wool Socks,3,15.48,Cancelled,Gift Card
ORD102688,19-Aug-23,CUST1734,Ahmad Wilson,Midwest,Clothing,Wool Socks,1,22.57,Completed,PayPal
ORD102230,1-Aug-23,CUST1273,Ayu Salim,East ,Beauty,Shampoo,1,36.74,Completed,PayPal
ORD103034,17/02/2023,CUST1151,Ayu Smith,MIDWEST,Clothing,Hoodie,3,79.14,Completed,Credit Card
ORD102328,2/15/2024,CUST1441,Fajar Hidayat,East ,books,Cookbook,1,24.85,Completed,Gift Card
ORD100057,5/26/2024,CUST1057,Maria Lee,West,Beauty,Moisturizer,1,10.34,Cancelled,Debit Card
ORD100115,14-Oct-23,CUST1421,Ayu Lee,East,Books,Children's Book,2,33.61,Completed,Gift Card
ORD101150,8/31/2023,CUST1721,Nina Wijaya,midwest,Home & Kitchen,LED Desk Lamp,4,22.08,Completed,Gift Card
ORD101261,10/10/2024,CUST1342,Putri Anderson,west,home & kitchen,Coffee Maker,1,,Completed,Credit Card
ORD103619,12/20/2024,CUST1243,James Hidayat, West,Books,Fiction Novel,1,32.21,Completed,Gift Card
ORD101270,7/1/2024,CUST1051,Lisa Tan, West,toys,RC Car,1,51.53,Completed,PayPal
ORD100064,2/2/2024,CUST1884,Kevin Salim,Mid-West,Sports & Outdoors,Yoga Mat,2,95.38,Completed,PayPal
ORD102524,12/11/2024,CUST1067,Nina Halim,West,books,Children's Book,1,9.09,Completed,Debit Card
ORD101820,12/1/2024,CUST1232,Michael Chen,SOUTH,Electronics,Smartphone Case,2,129.86,Completed,PayPal
ORD101120,29-Nov-24,CUST1697,Michael Sari,south,Books,Fiction Novel,1,30.99,Completed,PayPal
ORD103048,3/6/2024,CUST1756,Putri Kurniawan,MIDWEST,Home & Kitchen,LED Desk Lamp,1,87.02,Completed,Credit Card
ORD102377,17/04/2024,CUST1372,Rina Nugroho,Mid-West,Books,Self-Help Guide,1,10.09,Cancelled,Credit Card
ORD102973,3/30/2024,CUST1288,Ahmad Halim,WEST,Sports & Outdoors,Camping Tent,2,71.13,Completed,Credit Card
ORD101133,21/11/2023,CUST1286,Sarah Wilson,SOUTH,Books,Self-Help Guide,3,31.02,Completed,Debit Card
ORD100705,8/21/2023,CUST1282,Sarah Tan,south,Home & Kitchen,Throw Pillow,1,18.16,Completed,PayPal
ORD102191,24/06/2024,CUST1884,Kevin Salim,south,HOME & KITCHEN,Cutting Board,1,,Completed,Debit Card
ORD101983,13-Dec-23,CUST1334,Fajar Santos,SOUTH,Toys,Building Blocks,3,22.08,Returned,Gift Card
ORD103547,5/18/2024,CUST1647,Nina Nugroho,SOUTH,Sports & Outdoors,Resistance Bands,1,28.46,Pending,Credit Card
ORD102622,9/24/2024,CUST1882,Putri Smith,West,Clothing,Wool Socks,2,,Returned,PayPal
ORD102409,4/26/2023,CUST1765,Ayu Brown,SOUTH,Electronics,Smartphone Case,3,134.08,Completed,Debit Card
ORD103636,12/5/2023,CUST1196,Putri Pratama,south,sports & outdoors,Water Bottle,1,21.09,Cancelled,Credit Card
ORD101798,11-Sep-24,CUST1250,Linda Smith,south,ELECTRONICS,Webcam,2,105.86,Completed,Debit Card
ORD101380,8/15/2023,CUST1547,Andi Tan,Midwest,Toys,RC Car,,48.54,Completed,PayPal
ORD101485,11/24/2023,CUST1839,John Tan,South,Toys,Action Figure,1,52.67,Completed,Debit Card
ORD102948,8/20/2023,CUST1678,Lisa Brown,WEST,Home & Kitchen,Storage Containers,1,67.95,Returned,Credit Card
ORD101678,12/4/2024,CUST1282,Sarah Tan,EAST,sports & outdoors,Jump Rope,1,93.88,Completed,PayPal
ORD100933,10/4/2024,CUST1168,Linda Nugroho,West,Sports & Outdoors,Water Bottle,2,52.11,Completed,Debit Card
ORD101957,2/25/2024,CUST1543,Ayu Wilson,east,Toys,RC Car,1,21.85,Completed,PayPal
ORD102300,11/20/2023,CUST1465,Nina Wilson,south,Toys,Board Game,1,9.49,Cancelled,Debit Card
ORD103380,12/23/2023,CUST1260,Fajar Pratama,WEST,Beauty,Lip Balm,1,17.71,Completed,Credit Card
ORD100887,2/28/2023,CUST1294,James Yusuf,,Books,Cookbook,1,11.43,Completed,Credit Card
ORD103249,2/14/2023,CUST1341,Fajar Wijaya,WEST,Toys,Building Blocks,4,27.13,Completed,
ORD102046,6/16/2024,CUST1546,John Garcia,South ,clothing,Cotton T-Shirt,1,70.03,Completed,Debit Card
ORD103212,4/3/2023,CUST1031,Robert Tan,SOUTH,Home & Kitchen,Non-Stick Pan,1,65.82,Completed,Gift Card
ORD100575,10/8/2023,CUST1234,Nina Salim,South,Electronics,Smartphone Case,,57.15,Pending,PayPal
ORD103835,7/31/2023,CUST1312,Linda Wijaya,Mid-West,Beauty,Sunscreen SPF50,1,22.6,Completed,Gift Card
ORD100177,7/28/2023,CUST1699,John Yusuf,EAST,Home & Kitchen,Non-Stick Pan,1,24.09,Completed,Credit Card
ORD100814,6-May-24,CUST1109,Rina Halim,WEST,Electronics,USB-C Cable,1,124.03,Returned,Gift Card
ORD102381,25-Jul-24,CUST1372,Rina Nugroho,East ,Sports & Outdoors,Water Bottle,2,54.47,Returned,PayPal
ORD100763,10/6/2024,CUST1674,Dewi Lee,Midwest,Books,Fiction Novel,1,27.51,Completed,Credit Card
ORD100330,7-Nov-24,CUST1207,Maria Taylor,East ,Clothing,Winter Jacket,1,59.91,Completed,Gift Card
ORD103919,31/03/2023,CUST1562,Robert Tan,MIDWEST,Home & Kitchen,Cutting Board,1,47.88,Completed,PayPal
ORD103738,4/17/2023,CUST1657,Lisa Brown,,Books,Cookbook,1,25.52,Completed,Gift Card
ORD101397,9-Dec-24,CUST1064,James Lee,East ,Home & Kitchen,Non-Stick Pan,1,89.54,Completed,Debit Card
ORD102852,10/23/2024,CUST1398,Nina Kurniawan, West,Sports & Outdoors,Resistance Bands,1,16.7,Completed,Debit Card
ORD101733,1/2/2024,CUST1306,John Chen,east,Books,Business Strategy Book,1,16.02,Completed,Credit Card
ORD101409,9/12/2023,CUST1124,Siti Wijaya,East,Books,Cookbook,2,15.14,Returned,PayPal
ORD101490,30-May-24,CUST1452,Fajar Yusuf,EAST,Home & Kitchen,Throw Pillow,1,118.83,Cancelled,Gift Card
ORD102109,9/12/2024,CUST1588,David Anderson,West,Electronics,Webcam,1,100.5,Completed,Gift Card
ORD100374,11/14/2024,CUST1121,David Nugroho,EAST,Home & Kitchen,Coffee Maker,1,66.52,Completed,Credit Card
ORD103144,10/28/2024,CUST1817,Ahmad Hidayat, West,Electronics,Wireless Earbuds,1,40.64,Completed,Credit Card
ORD100082,31/10/2024,CUST1451,Ahmad Garcia,South,BOOKS,Cookbook,2,28.13,Completed,Debit Card
ORD100178,12/10/2024,CUST1662,Siti Lee,WEST,Books,Children's Book,1,21.7,Completed,Gift Card
ORD100170,30/12/2023,CUST1099,Sarah Santos,EAST,Toys,Puzzle 1000pc,1,39.21,Cancelled,Debit Card
ORD103292,28-Apr-23,CUST1410,Fajar Hidayat,SOUTH,toys,Action Figure,1,50.65,Completed,PayPal
ORD102945,29-Jun-23,CUST1352,Lisa Taylor,East ,Toys,Board Game,1,28.03,Completed,Credit Card
ORD103146,6/21/2024,CUST1561,Nina Santos,South,Books,Business Strategy Book,1,30.25,Completed,Credit Card
ORD100676,30-May-23,CUST1627,Sarah Brown,East ,beauty,Lip Balm,1,43.7,Completed,PayPal
ORD103164,4/18/2023,CUST1173,John Tan,SOUTH,ELECTRONICS,Bluetooth Speaker,2,36.47,Completed,Credit Card
ORD100855,26/06/2023,CUST1560,Fajar Hidayat,SOUTH,Beauty,Face Mask Set,1,12.22,Cancelled,Credit Card
ORD100436,11/24/2024,CUST1048,Andi Kurniawan,MIDWEST,Electronics,Laptop Stand,1,92.3,Completed,Credit Card
ORD100847,3/14/2023,CUST1554,Dewi Tan,south, Beauty ,Sunscreen SPF50,3,22.76,Cancelled,Debit Card
ORD103872,10/14/2023,CUST1021,David Wijaya,East ,beauty,Face Mask Set,1,32.44,Completed,Debit Card
ORD101858,29/02/2024,CUST1375,Robert Garcia,south,Toys,RC Car,1,44.2,Completed,Debit Card
ORD100703,8/5/2024,CUST1790,Andi Salim,EAST, Books ,Fiction Novel,3,32.6,Completed,Debit Card
ORD103863,5-Aug-24,CUST1560,Fajar Hidayat,East ,Books,Self-Help Guide,2,18.5,Completed,Credit Card
ORD100421,2/17/2024,CUST1021,David Wijaya, West,toys,Puzzle 1000pc,2,22.75,Completed,PayPal
ORD101249,8/31/2024,CUST1163,Lisa Pratama,West, Clothing ,Winter Jacket,3,,Completed,Debit Card
ORD102126,4/18/2024,CUST1843,Siti Hidayat,MIDWEST,Home & Kitchen,Throw Pillow,2,60.53,Completed,Debit Card
ORD103113,11/21/2024,CUST1587,Robert Santos,South ,BEAUTY,Lip Balm,1,9.19,Completed,Debit Card
ORD103377,6/18/2024,CUST1663,Lisa Pratama,EAST,ELECTRONICS,Power Bank,4,107.24,Completed,Credit Card
ORD102794,11/1/2024,CUST1554,Dewi Tan,EAST,Toys,Action Figure,1,55.79,Returned,Credit Card
ORD102163,30/06/2024,CUST1815,Budi Garcia,South ,TOYS,Board Game,3,13.58,Completed,Gift Card
ORD103245,24/05/2023,CUST1251,Nina Salim,SOUTH,Beauty,Shampoo,1,39.34,Completed,
ORD103944,11/4/2023,CUST1190,Lisa Wijaya,MIDWEST,Toys,RC Car,1,16.73,Completed,Gift Card
ORD100517,3/28/2024,CUST1622,Michael Garcia,midwest,TOYS,Board Game,1,9.83,Completed,Credit Card
ORD102596,6/16/2024,CUST1815,Budi Garcia,Midwest,TOYS,Action Figure,1,50.9,Returned,Debit Card
ORD102655,6/23/2024,CUST1209,Andi Sari,East,Home & Kitchen,Cutting Board,2,33.84,Completed,Gift Card
ORD103073,11/1/2024,CUST1531,Ahmad Halim,south,Toys,RC Car,1,54.74,Completed,Gift Card
ORD101309,8/7/2024,CUST1058,John Johnson,south,Books,Self-Help Guide,1,22.15,Cancelled,Gift Card
ORD103826,3/22/2023,CUST1500,Nina Hidayat,South,Books,Children's Book,1,25.2,Completed,Debit Card
ORD103702,9/8/2023,CUST1102,Maria Brown,East ,Books,Cookbook,2,,Completed,PayPal
ORD103503,3/15/2023,CUST1129,Budi Wilson,MIDWEST,Clothing,Running Shorts,1,74.16,Completed,Credit Card
ORD101393,1/10/2024,CUST1465,Nina Wilson,south,Home & Kitchen,Blender,1,118.49,Completed,
ORD101452,5/22/2023,CUST1142,Kevin Salim,east,Beauty,Sunscreen SPF50,1,6.98,Completed,Gift Card
ORD103255,1/16/2024,CUST1838,Budi Chen,Mid-West,Clothing,Winter Jacket,1,42.43,Completed,Debit Card
ORD101848,2/17/2023,CUST1866,Dewi Lee,SOUTH,Toys,Action Figure,1,38.58,Completed,PayPal
ORD103176,1/27/2024,CUST1491,Rina Taylor,SOUTH,Sports & Outdoors,Resistance Bands,1,73.06,Completed,Credit Card
ORD100733,10/17/2023,CUST1513,Robert Kurniawan,east, Sports & Outdoors ,Camping Tent,1,49.9,completed,PayPal
ORD103692,13-Mar-23,CUST1316,Michael Wilson,South ,Home & Kitchen,Non-Stick Pan,4,49.73,Completed,Credit Card
ORD103617,11/13/2023,CUST1312,Linda Wijaya,Mid-West,Sports & Outdoors,Jump Rope,4,64.48,Completed,Debit Card
ORD100231,2/11/2024,CUST1717,Siti Sari,west,Beauty,Moisturizer,1,10.74,Completed,Credit Card
ORD101531,3/9/2024,CUST1233,Michael Lee,WEST,Sports & Outdoors,Water Bottle,1,16.33,Completed,Gift Card
ORD100791,13/04/2024,CUST1808,Michael Kurniawan,west,Beauty,Lip Balm,2,43.08,Completed,PayPal
ORD102714,8/22/2023,CUST1572,Maria Yusuf,West,Books,Business Strategy Book,2,31.35,Completed,PayPal
ORD100386,19-Oct-23,CUST1400,James Yusuf,SOUTH,Home & Kitchen,Cutting Board,2,75.46,Completed,Credit Card
ORD101399,18-Aug-23,CUST1606,Lisa Halim,EAST,toys,Board Game,2,16.83,Completed,Gift Card
ORD101873,10/13/2024,CUST1197,Sarah Lee,MIDWEST,Sports & Outdoors,Yoga Mat,1,31.84,Completed,Debit Card
ORD101782,11/25/2024,CUST1457,David Johnson,South,sports & outdoors,Yoga Mat,1,52.16,Completed,Gift Card
ORD100422,1/12/2024,CUST1701,John Santos,Midwest,Books,Cookbook,1,25.87,Completed,Gift Card
ORD103965,4/22/2023,CUST1554,Dewi Tan,MIDWEST,Electronics,USB-C Cable,1,119.61,Completed,Debit Card
ORD103686,5-Jun-23,CUST1353,Andi Halim,EAST,beauty,Face Mask Set,1,36.58,Completed,Credit Card
ORD101004,8/29/2023,CUST1405,Rina Lee,South ,Books,Cookbook,1,29.76,Completed,PayPal
ORD101049,9/20/2023,CUST1219,Linda Yusuf,East,clothing,Hoodie,1,78.29,Completed,Gift Card
ORD100555,10/12/2023,CUST1220,David Wijaya,WEST,clothing,Winter Jacket,,15.09,Completed,Gift Card
ORD101255,8/25/2023,CUST1050,Sarah Anderson,Midwest,home & kitchen,LED Desk Lamp,3,49.24,Completed,Credit Card
ORD100489,8/1/2023,CUST1506,Lisa Wilson,South,Sports & Outdoors,Resistance Bands,2,60.72,Completed,PayPal
ORD103498,11-Oct-24,CUST1858,Maria Hidayat,SOUTH,Electronics,Wireless Mouse,3,68.02,Completed,
ORD103046,11/5/2023,CUST1830,Sarah Anderson,east,Electronics,Wireless Mouse,2,113.46,Cancelled,Credit Card
ORD103360,2/5/2023,CUST1691,Dewi Anderson,WEST,Electronics,USB-C Cable,1,126.55,Completed,PayPal
ORD102656,10/21/2023,CUST1850,Dewi Wijaya,West,Clothing,Wool Socks,2,10.79,completed,Credit Card
ORD103059,8/10/2023,CUST1138,,West,Sports & Outdoors,Yoga Mat,1,67.16,Completed,Credit Card
ORD101317,5/6/2024,CUST1387,Budi Pratama,SOUTH,home & kitchen,Blender,3,93.95,Completed,Credit Card
ORD101192,12/18/2024,CUST1569,David Kurniawan,SOUTH,Books,Fiction Novel,5,30.81,Completed,PayPal
ORD102225,12/29/2024,CUST1378,Lisa Salim,EAST,SPORTS & OUTDOORS,Water Bottle,1,49.24,Completed,Gift Card
ORD100131,8/7/2024,CUST1154,Michael Tan,EAST,Toys,Building Blocks,1,10.24,Completed,PayPal
ORD103289,4/17/2023,CUST1535,Maria Brown,WEST,Sports & Outdoors,Yoga Mat,1,,Completed,PayPal
ORD101357,10/31/2023,CUST1848,Sarah Nugroho,EAST,Clothing,Baseball Cap,4,45.07,Completed,Credit Card
ORD103306,5/18/2023,CUST1060,Ahmad Wilson, West,Sports & Outdoors,Yoga Mat,3,96.17,Completed,PayPal
ORD102555,16/06/2023,CUST1442,Andi Lee,east,CLOTHING,Winter Jacket,1,52.65,Completed,Credit Card
ORD101639,12/11/2023,CUST1655,John Tan,Midwest,beauty,Shampoo,2,14.7,Completed,Credit Card
ORD100213,29-Dec-24,CUST1623,John Yusuf,SOUTH,Electronics,Webcam,1,33.25,Pending,Credit Card
ORD102755,11/10/2023,CUST1809,Kevin Smith,Midwest, Books ,Business Strategy Book,2,4999.99,Completed,PayPal
ORD100588,6/1/2023,CUST1159,Michael Smith,SOUTH,Sports & Outdoors,Water Bottle,1,31,Returned,Credit Card
ORD102024,1/12/2023,CUST1264,Siti Halim,South,sports & outdoors,Resistance Bands,1,69.73,Completed,Debit Card
ORD102724,8/16/2024,CUST1386,Lisa Johnson, West,Electronics,Webcam,2,90.35,Returned,Debit Card
ORD101345,4/13/2023,CUST1192,Lisa Kurniawan,east,Sports & Outdoors,Hiking Backpack,1,24.8,Completed,Credit Card
ORD100487,6/2/2023,CUST1781,Andi Yusuf,WEST,Books,Business Strategy Book,2,19.57,Completed,Credit Card
ORD100629,6/15/2024,CUST1033,Linda Sari,WEST,Electronics,Wireless Earbuds,4,86.22,Cancelled,Debit Card
ORD103199,6/7/2024,CUST1533,Andi Johnson,east,Sports & Outdoors,Camping Tent,2,16.35,completed,Credit Card
ORD103451,3/23/2023,CUST1698,James Johnson,South,beauty,Face Mask Set,1,27.58,Completed,PayPal
ORD103567,12/26/2024,CUST1640,,midwest,clothing,Denim Jeans,1,62.93,Completed,Gift Card
ORD100632,14-May-23,CUST1724,James Pratama,South,Books,Fiction Novel,1,10.29,Pending,Debit Card
ORD101429,27-Jan-24,CUST1636,Michael Santos,WEST,Electronics,Wireless Earbuds,2,64.28,Completed,Credit Card
ORD101316,5/8/2023,CUST1592,Putri Lee,west,beauty,Face Mask Set,1,28.72,Completed,
ORD100919,1/18/2024,CUST1613,Andi Garcia,MIDWEST,Clothing,Winter Jacket,1,41.85,Completed,PayPal
ORD100293,7/11/2023,CUST1384,Siti Pratama, West, Beauty ,Sunscreen SPF50,1,9.13,Completed,Debit Card
ORD100307,21/03/2024,CUST1210,Nina Garcia,,Beauty,Face Mask Set,1,28.64,Completed,Debit Card
ORD101290,5/20/2023,CUST1873,Ayu Anderson,SOUTH,Clothing,Cotton T-Shirt,4,59.65,Completed,
ORD100861,9/25/2023,CUST1196,Putri Pratama,South ,Sports & Outdoors,Water Bottle,2,94.77,Completed,Debit Card
ORD103418,4/2/2024,CUST1821,,South ,electronics,Wireless Mouse,2,,Cancelled,Debit Card
ORD103713,4/6/2023,CUST1503,Andi Anderson,Midwest,Sports & Outdoors,Jump Rope,2,46.93,Cancelled,PayPal
ORD103715,10/18/2023,CUST1803,John Sari,west,Home & Kitchen,Coffee Maker,2,105.52,Completed,Gift Card
ORD103002,5/1/2024,CUST1752,Linda Smith, West,Clothing,Cotton T-Shirt,1,41.92,Completed,Credit Card
ORD100582,16/02/2023,CUST1613,Andi Garcia,WEST,Home & Kitchen,LED Desk Lamp,,89.49,Returned,Credit Card
ORD101911,8/4/2023,CUST1273,Ayu Salim,EAST,Sports & Outdoors,Resistance Bands,4,57.35,Returned,Debit Card
ORD103077,12/13/2023,CUST1263,John Santos,Mid-West,Clothing,Hoodie,1,55.46,Completed,Gift Card
ORD102136,5-Jan-24,CUST1075,Linda Anderson,MIDWEST,Clothing,Running Shorts,1,17.21,Completed,Gift Card
ORD102559,7/9/2024,CUST1434,Fajar Pratama,west,Books,Children's Book,5,11.66,completed,Debit Card
ORD103369,3/14/2023,CUST1305,Linda Nugroho, West,Toys,Building Blocks,1,44.55,Completed,Debit Card
ORD102228,11/23/2024,CUST1273,Ayu Salim,,Toys,Building Blocks,1,30.96,Completed,Debit Card
ORD102664,12/14/2024,CUST1250,Linda Smith, West,Beauty,Face Mask Set,1,27.54,Cancelled,Gift Card
ORD100325,12/7/2023,CUST1283,Michael Brown,South ,Toys,Building Blocks,1,15.83,Pending,
ORD102102,1/6/2024,CUST1210,Nina Garcia,East,clothing,Cotton T-Shirt,2,57.72,Completed,PayPal
ORD103527,4/2/2024,CUST1495,Ayu Salim,midwest,Home & Kitchen,Storage Containers,1,23.75,completed,PayPal
ORD103050,11/8/2024,CUST1246,Ayu Brown,West,Toys,Puzzle 1000pc,2,54.98,Completed,Credit Card
ORD103846,5/25/2024,CUST1686,Rina Garcia,west,TOYS,RC Car,4,21.29,Completed,Credit Card
ORD100675,2/5/2024,CUST1209,Andi Sari,East ,Electronics,Wireless Mouse,3,93.72,Completed,Credit Card
ORD102846,1/2/2023,CUST1012,Andi Yusuf,East,Home & Kitchen,Storage Containers,2,102.93,Completed,Gift Card
ORD104000,12-Feb-24,CUST1580,Linda Tan,midwest,Electronics,Webcam,2,61.31,completed,Credit Card
ORD102602,7-Dec-24,CUST1589,Siti Nugroho,East,Beauty,Moisturizer,1,11.41,completed,Credit Card
ORD103202,13/02/2023,CUST1528,Maria Chen,west,Beauty,Shampoo,2,17.6,Completed,
ORD101467,24/06/2024,CUST1693,Lisa Santos,West,Books,Self-Help Guide,1,20.83,Completed,Gift Card
ORD100597,5/29/2023,CUST1834,Andi Nugroho,SOUTH,Electronics,Bluetooth Speaker,2,61.65,Completed,PayPal
ORD100491,1/27/2024,CUST1376,Nina Yusuf,MIDWEST,Toys,Board Game,4,42.63,Completed,Gift Card
ORD103930,12/7/2023,CUST1783,Ayu Taylor,SOUTH,Books,Self-Help Guide,1,15.99,Completed,Gift Card
ORD100848,19-Aug-23,CUST1436,Lisa Garcia,SOUTH,Books,Cookbook,2,21.01,Completed,Credit Card
ORD102438,2/21/2023,CUST1877,Dewi Santos,south,Books,Cookbook,3,19.74,Completed,Credit Card
ORD101026,2/1/2024,CUST1762,Rina Nugroho,South ,CLOTHING,Baseball Cap,1,75.59,Completed,Debit Card
ORD101772,8/5/2024,CUST1818,Siti Salim,East,Books,Children's Book,1,30.04,Completed,Gift Card
ORD101392,4/4/2024,CUST1514,Rina Wijaya,Midwest,Home & Kitchen,Cutting Board,1,43.12,Completed,Debit Card
ORD103064,2/2/2023,CUST1631,Lisa Tan,south,Sports & Outdoors,Camping Tent,4,87.68,Completed,Credit Card
ORD100371,16/04/2024,CUST1851,Robert Salim,East ,Clothing,Baseball Cap,1,33.49,returned,Credit Card
ORD100850,31/12/2024,CUST1257,Sarah Taylor,East,Home & Kitchen,Coffee Maker,1,42.84,Completed,PayPal
ORD100821,10/28/2024,CUST1837,Dewi Johnson,south,Home & Kitchen,Cutting Board,1,74.31,Completed,PayPal
ORD101328,11/6/2023,CUST1128,Rina Taylor,East,Electronics,USB-C Cable,4,133.03,Completed,Gift Card
ORD103007,5/18/2023,CUST1721,Nina Wijaya,East,Electronics,Wireless Mouse,1,51.56,completed,Debit Card
ORD103728,11/17/2024,CUST1876,John Hidayat, West,Beauty,Shampoo,1,16.92,Completed,Gift Card
ORD102061,8/29/2023,CUST1195,Putri Wijaya, West,Beauty,Moisturizer,1,43.68,Completed,Debit Card
ORD101342,2/5/2024,CUST1265,Sarah Johnson,South,Beauty,Sunscreen SPF50,1,20.2,Completed,Gift Card
ORD102307,2-May-23,CUST1233,Michael Lee,east,HOME & KITCHEN,Non-Stick Pan,1,72.37,Completed,Debit Card
ORD103552,6/8/2024,CUST1621,James Wijaya,south,Sports & Outdoors,Camping Tent,1,97.59,Completed,Gift Card
ORD101284,9/3/2023,CUST1389,Fajar Salim,WEST,Home & Kitchen,Non-Stick Pan,2,54.98,Cancelled,Debit Card
ORD100076,7/21/2023,CUST1892,Fajar Brown,MIDWEST,Books,Cookbook,1,20.44,Completed,Debit Card
ORD101976,10/16/2023,CUST1189,Ahmad Kurniawan,West,Electronics,Wireless Mouse,1,52.32,Completed,Gift Card
ORD102194,2/27/2024,CUST1163,Lisa Pratama,East ,SPORTS & OUTDOORS,Resistance Bands,1,86.84,Completed,Debit Card
ORD101442,9/14/2024,CUST1743,Linda Chen, West,Toys,Action Figure,1,52.42,Pending,PayPal
ORD101699,4/8/2023,CUST1060,Ahmad Wilson,West,Sports & Outdoors,Jump Rope,1,8.88,completed,Gift Card
ORD101478,9-Feb-24,CUST1888,Putri Tan,west,Home & Kitchen,Non-Stick Pan,1,45.43,Pending,PayPal
ORD100591,19/04/2023,CUST1146,Ayu Smith,East,BEAUTY,Sunscreen SPF50,1,41.69,Completed,Debit Card
ORD100399,8/21/2024,CUST1243,James Hidayat,,Books,Fiction Novel,1,29.31,Completed,PayPal
ORD100136,8/2/2023,CUST1420,Ayu Wijaya,South ,home & kitchen,Cutting Board,2,106.94,Completed,Gift Card
ORD100183,11/15/2024,CUST1633,James Kurniawan,East,Books,Children's Book,2,25.58,Completed,PayPal
ORD101610,12/4/2024,CUST1471,James Anderson,EAST,Sports & Outdoors,Hiking Backpack,1,65.34,Completed,PayPal
ORD101038,4/26/2023,CUST1700,Robert Smith,WEST, Sports & Outdoors ,Water Bottle,2,80.52,Completed,PayPal
ORD103640,3/27/2024,CUST1765,Ayu Brown,west,Toys,RC Car,1,44.66,Completed,Debit Card
ORD102390,3/30/2024,CUST1608,Dewi Lee,East ,Toys,RC Car,1,51.98,Cancelled,Debit Card
ORD102707,7/10/2024,CUST1652,Ahmad Smith,WEST, Home & Kitchen ,LED Desk Lamp,4,84.43,Completed,Credit Card
ORD102108,23/12/2024,CUST1039,Robert Tan,West,Clothing,Wool Socks,2,67.89,Returned,Debit Card
ORD102038,6/27/2023,CUST1508,Budi Garcia,south, Electronics ,Webcam,1,137.63,Returned,PayPal
ORD101736,4/14/2024,CUST1110,Budi Lee,MIDWEST,Home & Kitchen,Storage Containers,1,23.18,Completed,Credit Card
ORD101476,9/15/2023,CUST1854,Putri Garcia, West,Clothing,Denim Jeans,1,36.14,Completed,Credit Card
ORD102600,1/5/2023,CUST1404,Maria Tan,EAST,beauty,Shampoo,2,32.75,completed,PayPal
ORD100739,11/26/2023,CUST1758,John Tan,West,Home & Kitchen,Throw Pillow,1,96.02,Completed,Gift Card
ORD102624,7/20/2023,CUST1248,Andi Pratama,South ,Books,Business Strategy Book,3,21.31,Completed,Debit Card
ORD100926,6/16/2023,CUST1466,Lisa Wijaya,SOUTH,Home & Kitchen,Non-Stick Pan,1,55.69,Completed,Debit Card
ORD103432,2/15/2024,CUST1741,Siti Wilson,East ,Beauty,Sunscreen SPF50,1,12.59,Completed,Debit Card
ORD101629,9/30/2024,CUST1400,James Yusuf,South ,Electronic,Laptop Stand,1,15.47,Completed,Gift Card
ORD103770,10/14/2023,CUST1185,David Johnson,MIDWEST,Clothing,Cotton T-Shirt,2,66.59,Completed,PayPal
ORD101202,8/7/2024,CUST1372,Rina Nugroho,Midwest,Sports & Outdoors,Camping Tent,1,91.11,Completed,Debit Card
ORD102349,12/14/2024,CUST1416,Robert Nugroho,Midwest,Books,Children's Book,3,19.7,Returned,Credit Card
ORD101797,14-Aug-23,CUST1262,Robert Garcia,EAST,toys,Board Game,4,51.08,Completed,Credit Card
ORD102542,3/16/2023,CUST1714,Ayu Nugroho,WEST,Clothing,Cotton T-Shirt,1,25.29,Cancelled,
ORD100623,23/12/2023,CUST1713,Dewi Taylor,south, Books ,Cookbook,1,14.54,Completed,PayPal
ORD100513,12/7/2023,CUST1097,Fajar Anderson,south,Books,Self-Help Guide,-1,19.51,completed,Debit Card
ORD101718,30-May-23,CUST1411,Ahmad Garcia,MIDWEST,Clothing,Hoodie,3,21.45,Cancelled,PayPal
ORD100788,2/18/2024,CUST1648,,south,Toys,RC Car,1,48.67,Completed,Gift Card
ORD103873,5/26/2023,CUST1845,David Nugroho,West,Toys,Action Figure,1,13.78,Completed,Debit Card
ORD100246,11/28/2023,CUST1501,Fajar Yusuf,WEST,Clothing,Winter Jacket,1,68.79,Completed,Debit Card
ORD103411,12/23/2024,CUST1387,Budi Pratama,south,Sports & Outdoors,Resistance Bands,2,11.61,Completed,
ORD101122,20/07/2023,CUST1186,Andi Anderson,South ,Books,Children's Book,,10.15,Completed,Debit Card
ORD103434,7/22/2023,CUST1485,Dewi Smith, West,Toys,Building Blocks,2,58.89,Completed,Credit Card
ORD102598,10/8/2024,CUST1808,Michael Kurniawan,south,clothing,Running Shorts,1,59.82,Pending,Credit Card
ORD100974,1/6/2024,CUST1320,Lisa Wijaya,West,electronics,Smartphone Case,4,81.04,Completed,Credit Card
ORD100216,9/12/2024,CUST1356,Ahmad Tan,midwest,Home & Kitchen,Throw Pillow,,,Pending,Gift Card
ORD101206,1/7/2023,CUST1872,Siti Taylor,South,books,Self-Help Guide,1,26.15,Completed,Credit Card
ORD103732,11/5/2023,CUST1580,Linda Tan,South,Clothing,Baseball Cap,1,35.7,Completed,PayPal
ORD102022,8/31/2024,CUST1853,Robert Smith,MIDWEST,Clothing,Denim Jeans,1,13.53,Completed,Credit Card
ORD100969,9/3/2023,CUST1608,Dewi Lee,MIDWEST,Books,Cookbook,1,25.88,Completed,Debit Card
ORD100158,9/15/2024,CUST1289,Dewi Brown,south,Electronics,Bluetooth Speaker,1,81.37,Completed,Debit Card
ORD100160,4/12/2024,CUST1740,Dewi Hidayat,midwest,BEAUTY,Moisturizer,2,11.56,Pending,Debit Card
ORD101014,7/27/2023,CUST1245,Dewi Yusuf,SOUTH, books ,Business Strategy Book,2,28.8,Completed,Gift Card
ORD103100,10/21/2023,CUST1569,David Kurniawan, West,Sports & Outdoors,Jump Rope,2,89.86,Completed,Gift Card
ORD102318,25-Mar-23,CUST1003,Siti Anderson,East ,Beauty,Moisturizer,1,25.44,Completed,Debit Card
ORD103783,22-May-23,CUST1396,David Wijaya,East,Toys,Building Blocks,1,31.08,Completed,Debit Card
ORD100967,4/26/2024,CUST1349,,MIDWEST,Home & Kitchen,Throw Pillow,4,27.24,Completed,Gift Card
ORD102367,25/07/2023,CUST1334,,midwest,Electronics,Wireless Earbuds,1,98.27,Completed,PayPal
ORD102495,6/26/2024,CUST1250,Linda Smith,South ,Clothing,Hoodie,2,18.96,Completed,Gift Card
ORD103601,3/10/2024,CUST1021,David Wijaya, West,Toys,Action Figure,1,54.51,Completed,Credit Card
ORD103493,6/14/2024,CUST1456,Kevin Nugroho,,Sports & Outdoors,Resistance Bands,3,24.13,Completed,Debit Card
ORD101165,9/15/2023,CUST1252,Ayu Brown,east,home & kitchen,Cutting Board,2,22.79,Completed,Credit Card
ORD103205,8/8/2023,CUST1314,Michael Pratama,south,Books,Self-Help Guide,1,32.4,Completed,Gift Card
ORD101178,12/7/2024,CUST1681,Maria Hidayat,Midwest,Beauty,Moisturizer,1,28.74,Returned,Credit Card
ORD101378,9/29/2023,CUST1546,John Garcia,,Electronics,Webcam,2,140.72,Completed,Credit Card
ORD103914,6/10/2023,CUST1696,David Hidayat,Mid-West,Clothing,Cotton T-Shirt,1,32.23,Completed,Gift Card
ORD103463,5/4/2024,CUST1623,John Yusuf,east,Beauty,Sunscreen SPF50,4,37.94,Completed,Gift Card
ORD102447,9/13/2023,CUST1738,Fajar Halim,South,beauty,Moisturizer,1,36.23,Returned,Credit Card
ORD103564,9-Sep-23,CUST1844,Ahmad Johnson,west,Sports & Outdoors,Water Bottle,1,16.34,Completed,Debit Card
ORD101697,8/2/2024,CUST1103,Ahmad Salim,WEST,Sports & Outdoors,Jump Rope,4,93.88,Completed,PayPal
ORD101933,23-Jul-24,CUST1129,Budi Wilson,South,Beauty,Lip Balm,3,20.39,Completed,Gift Card
ORD101553,7/5/2024,CUST1389,Fajar Salim,EAST,Books,Cookbook,1,19.73,Completed,Credit Card
ORD100697,11/9/2023,CUST1286,Sarah Wilson,west,electronics,USB-C Cable,2,146.55,Completed,PayPal
ORD103323,9/25/2023,CUST1052,Fajar Halim,MIDWEST,Electronics,Smartphone Case,3,58.8,Completed,Debit Card
ORD103900,9/17/2024,CUST1038,Linda Nugroho,EAST,Beauty,Sunscreen SPF50,2,16.4,Completed,Gift Card
ORD101618,2/29/2024,CUST1478,Lisa Kurniawan,West,Sports & Outdoors,Water Bottle,1,34,Cancelled,Credit Card
ORD100911,12/20/2023,CUST1655,John Tan,SOUTH,Home & Kitchen,Non-Stick Pan,1,79.24,Completed,Credit Card
ORD100103,9/12/2023,CUST1731,Robert Anderson,WEST,BEAUTY,Lip Balm,1,19.01,Completed,Debit Card
ORD100244,10/2/2024,CUST1254,Nina Garcia,EAST,Clothing,Running Shorts,2,40.81,Completed,Debit Card
ORD101982,30/05/2024,CUST1617,Robert Tan,midwest,Clothing,Denim Jeans,1,22.38,Cancelled,PayPal
ORD103531,11/5/2024,CUST1095,Sarah Smith,west,Books,Fiction Novel,3,34.61,Completed,
ORD101986,12/16/2024,CUST1586,Putri Smith,WEST,home & kitchen,Coffee Maker,1,31.49,Completed,Debit Card
ORD103959,8/17/2023,CUST1195,Putri Wijaya,midwest,Clothing,Denim Jeans,3,45.79,Completed,PayPal
ORD100825,5/7/2023,CUST1790,Andi Salim, West,home & kitchen,Coffee Maker,1,41.41,Cancelled,Gift Card
ORD101230,7/25/2024,CUST1470,Robert Salim, West,Toys,Building Blocks,1,50.36,completed,Credit Card
ORD101286,12/7/2024,CUST1273,Ayu Salim,South ,Home & Kitchen,Throw Pillow,1,101.52,Completed,Debit Card
ORD101183,9/6/2024,CUST1690,Fajar Garcia,midwest,Toys,Action Figure,1,33.84,Completed,PayPal
ORD102597,7/11/2024,CUST1233,Michael Lee,east,Beauty,Shampoo,2,38.86,Completed,Gift Card
ORD102540,7/19/2024,CUST1158,Nina Nugroho,East,Toys,Puzzle 1000pc,1,59.23,Completed,Gift Card
ORD101341,6/16/2023,CUST1828,Andi Chen,East ,Beauty,Moisturizer,2,,Returned,PayPal
ORD103320,10-Jun-23,CUST1270,Andi Salim,east,Toys,Puzzle 1000pc,1,44.03,Completed,Debit Card
ORD101628,,CUST1050,Sarah Anderson,east,Sports & Outdoors,Jump Rope,2,61.56,Completed,Debit Card
ORD103239,6/29/2024,CUST1543,Ayu Wilson,midwest,Books,Cookbook,2,13.74,Completed,Credit Card
ORD100938,1/1/2023,CUST1031,Robert Tan,EAST,Books,Fiction Novel,1,30.49,Completed,Gift Card
ORD101268,6/21/2024,CUST1172,Nina Lee,EAST,Electronics,Smartphone Case,1,102.63,completed,Gift Card
ORD103303,12/16/2024,CUST1538,Dewi Kurniawan,East,Toys,Action Figure,1,40.42,Completed,Credit Card
ORD101058,7/5/2024,CUST1665,Sarah Halim,east,BOOKS,Cookbook,2,32.34,Cancelled,PayPal
ORD102098,30-May-23,CUST1406,Ahmad Wilson,east,sports & outdoors,Jump Rope,2,43.74,Completed,Debit Card
ORD103816,30/06/2023,CUST1656,Ayu Yusuf,SOUTH,Sports & Outdoors,Resistance Bands,1,53.53,Completed,Gift Card
ORD102969,,CUST1816,John Kurniawan,West,Home & Kitchen,Coffee Maker,1,107.95,Completed,Gift Card
ORD103440,21/03/2024,CUST1800,David Chen,South,Books,Fiction Novel,1,32.13,Completed,Gift Card
ORD103054,7/12/2023,CUST1405,Rina Lee,East ,Clothing,Cotton T-Shirt,2,23.26,Completed,PayPal
ORD101144,8/31/2023,CUST1599,Siti Kurniawan,west,Electronics,Power Bank,2,70.49,Cancelled,Debit Card
ORD100163,4/17/2023,CUST1115,Maria Wilson,east,Clothing,Wool Socks,1,54.55,completed,Gift Card
ORD103781,12/4/2023,CUST1369,Sarah Halim,South ,Beauty,Face Mask Set,4,40.9,Completed,PayPal
ORD100760,4/5/2023,CUST1181,Maria Smith,SOUTH,Home & Kitchen,Blender,1,15.8,Completed,Debit Card
ORD100876,7/12/2023,CUST1789,Sarah Nugroho,East,Home & Kitchen,Throw Pillow,1,94.81,Returned,Debit Card
ORD102181,5/23/2023,CUST1029,,WEST,Clothing,Wool Socks,1,72.75,Completed,PayPal
ORD101497,4/11/2024,CUST1488,John Taylor,south,clothing,Baseball Cap,1,16.65,Completed,PayPal
ORD101687,11/10/2024,CUST1386,Lisa Johnson,,Clothing,Wool Socks,1,69.93,Completed,Credit Card
ORD101851,2-Feb-24,CUST1425,Linda Anderson,EAST,Home & Kitchen,Cutting Board,4,27.19,Completed,Gift Card
ORD102781,2/3/2023,CUST1400,James Yusuf,MIDWEST,BEAUTY,Moisturizer,2,28.73,Completed,PayPal
ORD101795,9/26/2023,CUST1639,Dewi Salim,West,BEAUTY,Moisturizer,1,40.18,Completed,Gift Card
ORD103057,9/28/2023,CUST1222,Dewi Sari,east,Electronics,Wireless Earbuds,1,55.22,completed,Credit Card
ORD102280,12/5/2023,CUST1005,Dewi Wijaya,east, Books ,Business Strategy Book,2,12.49,Cancelled,Gift Card
ORD101051,12/5/2023,CUST1006,James Smith, West,Toys,Board Game,1,21.32,Completed,PayPal
ORD101680,3/3/2023,CUST1526,Robert Brown,Midwest,CLOTHING,Cotton T-Shirt,1,37.39,Completed,Gift Card
ORD103169,19-Aug-24,CUST1148,Siti Yusuf,East ,Beauty,Sunscreen SPF50,1,32.48,Completed,Gift Card
ORD103471,13-Dec-24,CUST1078,Rina Santos,west,Electronics,Smartphone Case,2,70.55,Completed,Gift Card
ORD103999,1/20/2023,CUST1421,Ayu Lee,SOUTH,Beauty,Face Mask Set,2,32.6,Completed,Debit Card
ORD103969,3/31/2023,CUST1860,,west,Electronics,Bluetooth Speaker,1,129.57,Completed,
ORD101350,5-Oct-23,CUST1860,Rina Nugroho,Midwest,books,Children's Book,2,17.41,Completed,PayPal
ORD103395,2/13/2024,CUST1715,Dewi Tan,East ,Clothing,Winter Jacket,1,37.7,Completed,Credit Card
ORD100033,9/17/2024,CUST1345,Michael Santos,west,Toys,RC Car,4,35.43,Cancelled,Gift Card
ORD103704,2/15/2023,CUST1467,Andi Smith,South ,beauty,Lip Balm,1,40.96,Returned,Debit Card
ORD100507,22-Jun-23,CUST1102,Maria Brown,East ,Clothing,Hoodie,3,75.41,Completed,Credit Card
ORD100255,10/19/2023,CUST1463,Linda Brown,East,Sports & Outdoors,Camping Tent,1,18.5,Completed,PayPal
ORD100875,3/26/2023,CUST1641,Rina Nugroho,South ,sports & outdoors,Camping Tent,1,69.37,Completed,Gift Card
ORD100198,3-Jan-24,CUST1183,Maria Santos, West,Books,Business Strategy Book,1,18.55,Completed,Gift Card
ORD101267,31-Mar-24,CUST1473,Maria Pratama,West,Sports & Outdoors,Yoga Mat,,65.4,Completed,Debit Card
ORD103140,10/4/2023,CUST1865,Ayu Salim,South ,clothing,Baseball Cap,1,13.69,completed,Debit Card
ORD101971,1/27/2024,CUST1704,Dewi Nugroho,east,BOOKS,Self-Help Guide,1,12.89,Returned,PayPal
ORD100497,29/07/2023,CUST1142,Kevin Salim,South ,Clothing,Hoodie,1,78.17,Returned,Credit Card
ORD101807,5/25/2023,CUST1654,John Smith,West,sports & outdoors,Yoga Mat,1,51.54,Completed,Credit Card
ORD103349,7/6/2023,CUST1822,Ayu Wilson,West,electronics,Power Bank,1,31.43,Completed,Credit Card
ORD100540,8/13/2024,CUST1586,Putri Smith,Mid-West,home & kitchen,Non-Stick Pan,1,,Completed,Debit Card
ORD103001,6/26/2024,CUST1493,Lisa Kurniawan,midwest,Home & Kitchen,Throw Pillow,2,111.2,Completed,Gift Card
ORD100797,8/31/2024,CUST1338,Fajar Garcia,MIDWEST,toys,Board Game,1,11.01,Completed,PayPal
ORD102787,11/22/2023,CUST1596,Ayu Garcia,south,Toys,Action Figure,3,17.12,Completed,PayPal
ORD101180,11/8/2023,CUST1834,Andi Nugroho,SOUTH,Toys,Building Blocks,2,45.48,Completed,PayPal
ORD102145,3/29/2023,CUST1870,Dewi Chen,East ,home & kitchen,Non-Stick Pan,5,48.07,Completed,Gift Card
ORD103231,9/16/2023,CUST1574,,EAST,Sports & Outdoors,Yoga Mat,2,55.31,Completed,PayPal
ORD103853,3/24/2024,CUST1216,Robert Anderson,SOUTH,Beauty,Face Mask Set,2,13.26,Completed,PayPal
ORD100066,9/27/2024,CUST1138,Fajar Anderson,SOUTH,Home & Kitchen,Coffee Maker,1,102.95,Completed,Debit Card
ORD102606,12/15/2024,CUST1614,Putri Lee,WEST,toys,Puzzle 1000pc,1,20.25,Completed,
ORD101716,5/13/2024,CUST1076,Kevin Santos,MIDWEST,Electronics,Smartphone Case,1,115.99,Completed,Credit Card
ORD103673,10/5/2024,CUST1818,Siti Salim,MIDWEST,Home & Kitchen,Cutting Board,1,104.96,Completed,Credit Card
ORD102807,25-Nov-24,CUST1090,Lisa Pratama,South,toys,Board Game,5,39.04,Pending,Gift Card
ORD102164,6/17/2024,CUST1468,Michael Tan,EAST,HOME & KITCHEN,Storage Containers,2,97.95,Completed,Gift Card
ORD102499,11/30/2024,CUST1746,Siti Garcia,Mid-West,Toys,Puzzle 1000pc,1,47.73,completed,Credit Card
ORD101671,5/12/2023,CUST1284,Lisa Smith,east, Clothing ,Baseball Cap,1,34.93,Completed,PayPal
ORD101069,20-Nov-24,CUST1065,Lisa Tan,west,Sports & Outdoors,Resistance Bands,1,43.71,Completed,Gift Card
ORD103613,12/13/2024,CUST1218,Siti Tan,West,sports & outdoors,Water Bottle,1,8.29,Completed,Debit Card
ORD103870,5/25/2023,CUST1651,Rina Nugroho,East , home & kitchen ,Throw Pillow,1,48.15,Completed,Credit Card
ORD101019,5/23/2024,CUST1559,Fajar Sari,Midwest,Sports & Outdoors,Yoga Mat,4,37.53,Pending,PayPal
ORD103997,2/22/2024,CUST1494,Robert Pratama,EAST,Beauty,Face Mask Set,3,31.42,Cancelled,Debit Card
ORD102176,12/23/2024,CUST1071,Kevin Lee,south,HOME & KITCHEN,Cutting Board,2,94.45,Completed,PayPal
ORD101551,6/25/2023,CUST1755,Budi Sari,MIDWEST,Electronics,Webcam,2,86.29,Completed,Debit Card
ORD103482,26-Dec-23,CUST1597,Ahmad Nugroho,south,Beauty,Sunscreen SPF50,2,43.69,Completed,Gift Card
ORD103045,8/3/2024,CUST1476,Andi Wijaya,West, Toys ,Action Figure,2,36.24,Returned,Debit Card
ORD102720,9/15/2024,CUST1664,Dewi Nugroho,South,Home & Kitchen,Coffee Maker,2,13.79,Completed,PayPal
ORD103332,9/28/2024,CUST1063,David Anderson,MIDWEST,Clothing,Wool Socks,1,57.04,Completed,Gift Card
ORD103725,5/1/2024,CUST1446,Rina Nugroho,EAST,Beauty,Face Mask Set,2,32.06,Completed,Gift Card
ORD100232,1/11/2024,CUST1106,Lisa Kurniawan,West,Home & Kitchen,Storage Containers,3,100.12,Returned,Gift Card
ORD101179,3/27/2023,CUST1798,,West,Books,Children's Book,4,30.37,Pending,Credit Card
ORD101307,,CUST1248,Andi Pratama,West,Toys,Board Game,1,32.42,Completed,Credit Card
ORD103015,1-Mar-23,CUST1071,Kevin Lee,Mid-West,Beauty,Moisturizer,1,43.04,Cancelled,PayPal
ORD101940,4/23/2023,CUST1211,Sarah Santos,West,HOME & KITCHEN,LED Desk Lamp,3,21.34,Completed,PayPal
ORD101600,9/30/2024,CUST1844,Ahmad Johnson,East,clothing,Running Shorts,2,38.96,Completed,Gift Card
ORD100624,2/28/2024,CUST1514,Rina Wijaya,South ,Toys,Building Blocks,1,38.25,Completed,Debit Card
ORD101950,31-Mar-24,CUST1678,Lisa Brown,Mid-West, Books ,Children's Book,2,30.76,Completed,Gift Card
ORD100199,10/26/2024,CUST1397,Maria Anderson,East,Sports & Outdoors,Camping Tent,5,47.39,Completed,Debit Card
ORD101735,2/2/2023,CUST1256,James Wijaya,Midwest,Clothing,Denim Jeans,2,38.15,completed,Gift Card
ORD100790,1/24/2023,CUST1624,Budi Smith,East ,Books,Business Strategy Book,2,23.58,completed,
ORD103392,3/14/2024,CUST1400,James Yusuf,South , Sports & Outdoors ,Jump Rope,4,84.69,Completed,Debit Card
ORD103089,14-Oct-24,CUST1813,Linda Pratama,SOUTH,Electronics,Smartphone Case,2,71.94,Completed,Credit Card
ORD102326,17-Aug-24,CUST1185,,West,Toys,Action Figure,1,17.73,Cancelled,PayPal
ORD103269,2-Nov-24,CUST1482,Sarah Johnson,East,Books,Business Strategy Book,1,22.53,Completed,Credit Card
ORD100432,3/4/2023,CUST1499,David Santos,south,Sports & Outdoors,Camping Tent,1,70.33,Completed,Gift Card
ORD103729,1/30/2024,CUST1149,Sarah Yusuf,west,electronics,Wireless Earbuds,1,61.79,Returned,Debit Card
ORD101825,3/30/2023,CUST1452,Fajar Yusuf,east,Home & Kitchen,Cutting Board,2,102.18,Completed,Gift Card
ORD102816,5/1/2024,CUST1679,Siti Halim,Mid-West,Books,Business Strategy Book,1,9.97,Completed,Gift Card
ORD101425,,CUST1238,John Pratama,Mid-West,ELECTRONICS,Wireless Earbuds,2,97.63,Completed,Debit Card
ORD100055,4/9/2023,CUST1832,Rina Pratama,West,Beauty,Lip Balm,2,,Completed,PayPal
ORD102792,3/16/2023,CUST1540,Dewi Yusuf, West,beauty,Moisturizer,1,44.22,completed,Debit Card
ORD101550,5/3/2023,CUST1082,Fajar Smith, West,Beauty,Sunscreen SPF50,2,26.89,Completed,
ORD103042,6/1/2024,CUST1566,Sarah Chen,Midwest,Books,Children's Book,2,25.51,Completed,Credit Card
ORD103674,26-Jul-23,CUST1393,Putri Johnson,MIDWEST,Sports & Outdoors,Resistance Bands,1,57.52,Completed,PayPal
ORD103354,1/20/2024,CUST1465,Nina Wilson,midwest,sports & outdoors,Hiking Backpack,2,99.46,Completed,Debit Card
ORD103709,4/21/2024,CUST1423,David Smith,East,HOME & KITCHEN,Coffee Maker,1,116.52,Completed,Gift Card
ORD100514,1/22/2023,CUST1523,Michael Chen,east,Beauty,Shampoo,1,27.99,completed,Credit Card
ORD100031,5/22/2024,CUST1179,David Salim,East ,SPORTS & OUTDOORS,Water Bottle,250,9.42,Completed,Debit Card
ORD102869,10/23/2023,CUST1460,Rina Sari,West,Books,Business Strategy Book,1,30.88,Pending,PayPal
ORD100718,11/27/2023,CUST1505,Michael Anderson,SOUTH,HOME & KITCHEN,Coffee Maker,2,61.2,Completed,PayPal
ORD100505,13-Feb-24,CUST1691,Dewi Anderson,SOUTH,beauty,Lip Balm,1,31.72,Cancelled,Gift Card
ORD100443,11/28/2024,CUST1676,Lisa Wijaya,South ,Books,Self-Help Guide,1,29.84,Completed,Debit Card
ORD102446,10-Oct-23,CUST1768,Rina Nugroho,midwest,Sports & Outdoors,Water Bottle,,38.19,Completed,Credit Card
ORD100840,4/8/2024,CUST1302,Dewi Taylor,MIDWEST,Clothing,Baseball Cap,2,69.99,Completed,Credit Card
ORD102117,5/1/2023,CUST1020,Putri Chen,East ,home & kitchen,Blender,1,46.01,cancelled,Gift Card
ORD101361,9-Nov-23,CUST1183,Maria Santos,West,Electronics,USB-C Cable,1,25.91,Completed,Credit Card
ORD100373,1/20/2023,CUST1080,Nina Garcia,East,sports & outdoors,Jump Rope,2,48.26,Completed,Gift Card
ORD100906,3/18/2023,CUST1116,Michael Lee,east,Electronics,Smartphone Case,2,137.25,Completed,Credit Card
ORD100488,4-Jun-24,CUST1744,Andi Sari,east,Electronics,Wireless Mouse,1,127.45,Completed,Debit Card
ORD102951,23-Nov-24,CUST1030,Sarah Lee,WEST,Sports & Outdoors,Resistance Bands,1,,Completed,Debit Card
ORD100516,6-Dec-23,CUST1424,Linda Garcia,east,Beauty,Face Mask Set,1,32.51,Completed,
ORD100902,6/16/2024,CUST1373,James Smith,WEST,Toys,RC Car,1,40.19,Returned,Credit Card
ORD101386,28/11/2023,CUST1039,Robert Tan,West,Sports & Outdoors,Water Bottle,5,74.1,Returned,Gift Card
ORD101734,25-May-24,CUST1407,Rina Smith,Mid-West, Home & Kitchen ,Blender,2,39.77,Cancelled,PayPal
ORD101783,13-Sep-24,CUST1788,Linda Wijaya,Midwest,Sports & Outdoors,Camping Tent,1,47.71,Completed,Gift Card
ORD102605,10/17/2023,CUST1054,Putri Garcia,east,Electronics,USB-C Cable,5,109.68,Completed,Credit Card
ORD102535,10/5/2023,CUST1885,Lisa Santos,Mid-West,beauty,Face Mask Set,1,38.89,Completed,Credit Card
ORD102674,11/24/2024,CUST1112,Putri Halim,Mid-West,Beauty,Face Mask Set,1,35,Completed,Gift Card
ORD103528,4/9/2023,CUST1356,Ahmad Tan,Midwest,Clothing,Denim Jeans,1,19.85,completed,PayPal
ORD101527,1/1/2023,CUST1454,Fajar Wijaya,South ,ELECTRONICS,Smartphone Case,1,46.4,completed,Debit Card
ORD103921,10/8/2023,CUST1543,Ayu Wilson,Midwest,Sports & Outdoors,Water Bottle,3,36.73,Completed,Gift Card
ORD103897,14/10/2023,CUST1195,Putri Wijaya,midwest,Toys,Building Blocks,1,18.25,Returned,PayPal
ORD102771,8/21/2024,CUST1455,Linda Taylor,south,Toys,Action Figure,1,29.87,Completed,PayPal
ORD100258,2/27/2023,CUST1038,Linda Nugroho,South,Beauty,Sunscreen SPF50,1,37.45,Returned,Debit Card
ORD103256,1/31/2023,CUST1616,Putri Wijaya,West,books,Self-Help Guide,1,25.08,completed,Debit Card
ORD100308,12/21/2024,CUST1063,David Anderson,East,home & kitchen,Storage Containers,1,55.39,Completed,Debit Card
ORD102134,12/7/2023,CUST1638,Maria Kurniawan,Midwest,Sports & Outdoors,Water Bottle,2,76.78,Completed,PayPal
ORD102112,6/12/2024,CUST1306,John Chen,south, Clothing ,Winter Jacket,1,52.79,completed,PayPal
ORD102644,5/1/2023,CUST1223,Michael Halim,EAST,Books,Self-Help Guide,2,15.32,Completed,PayPal
ORD101938,5/4/2023,CUST1700,Robert Smith,SOUTH,Clothing,Running Shorts,1,14.06,Cancelled,Credit Card
ORD102741,20-Mar-23,CUST1760,Ayu Kurniawan,East ,Home & Kitchen,Throw Pillow,1,20.13,Completed,Credit Card
ORD101012,7/11/2023,CUST1067,Nina Halim,Mid-West,Electronics,Wireless Earbuds,1,134.37,Completed,Gift Card
ORD102847,7/18/2023,CUST1457,David Johnson,South ,Books,Business Strategy Book,1,17.7,Cancelled,Debit Card
ORD100095,10/23/2024,CUST1521,John Smith,SOUTH,Clothing,Wool Socks,2,19.75,Completed,PayPal
ORD101053,25/09/2024,CUST1302,Dewi Taylor,south,Sports & Outdoors,Yoga Mat,2,60.61,Completed,Credit Card
ORD101461,6/5/2024,CUST1684,Fajar Salim,South,Clothing,Running Shorts,1,45.18,Completed,Gift Card
ORD103882,25-May-24,CUST1630,John Kurniawan,,Clothing,Baseball Cap,1,23.23,Completed,Gift Card
ORD101614,1/23/2023,CUST1144,,west,ELECTRONICS,Smartphone Case,3,95.49,Completed,Debit Card
ORD102828,2/27/2024,CUST1481,James Chen,,Sports & Outdoors,Yoga Mat,3,40.8,Completed,Credit Card
ORD103295,13/09/2024,CUST1507,Andi Brown,,Books,Cookbook,1,8.9,Completed,PayPal
ORD103008,1/2/2024,CUST1541,Linda Johnson,south,Electronics,Power Bank,1,23.57,Completed,Credit Card
ORD101324,10/19/2023,CUST1722,Sarah Wilson,Mid-West,Toys,RC Car,1,40.92,Completed,Debit Card
ORD101360,2/9/2024,CUST1891,Sarah Lee,Midwest,Sports & Outdoors,Jump Rope,1,49.37,Completed,PayPal
ORD102331,10/2/2024,CUST1314,Michael Pratama,SOUTH,books,Cookbook,3,21.24,Returned,Credit Card
ORD101006,6/19/2023,CUST1702,Ahmad Salim,East,toys,RC Car,5,10.59,Cancelled,Debit Card
ORD101587,25-Mar-23,CUST1018,Ahmad Wilson,west,Toys,Puzzle 1000pc,2,40.37,completed,Credit Card
ORD102481,5/31/2023,CUST1584,John Garcia,East ,Home & Kitchen,Non-Stick Pan,5,104.78,Completed,PayPal
ORD102433,8/26/2023,CUST1543,Ayu Wilson,SOUTH,Clothing,Winter Jacket,1,27.59,Completed,Debit Card
ORD102539,8/2/2023,CUST1775,, West,electronics,USB-C Cable,2,111.83,Pending,Gift Card
ORD102147,6/4/2023,CUST1560,Fajar Hidayat,south,Clothing,Cotton T-Shirt,2,39.92,Completed,Credit Card
ORD103139,30-Jun-23,CUST1869,Maria Garcia,West,Home & Kitchen,Non-Stick Pan,2,74.91,Completed,PayPal
ORD102860,10/10/2024,CUST1000,Siti Santos,SOUTH,Books,Children's Book,2,26.77,Completed,PayPal
ORD102623,5/10/2024,CUST1178,Michael Pratama,west,Sports & Outdoors,Water Bottle,1,92.66,Completed,Gift Card
ORD103990,1-Dec-24,CUST1774,Maria Wijaya, West,Clothing,Cotton T-Shirt,1,41.27,completed,Credit Card
ORD102449,10/4/2023,CUST1345,Michael Santos,EAST,Sports & Outdoors,Resistance Bands,1,60.62,Completed,PayPal
ORD101688,7/5/2023,CUST1197,Sarah Lee,WEST,Clothing,Wool Socks,4,35.96,Completed,Credit Card
ORD100169,2/25/2023,CUST1670,David Sari,MIDWEST,Beauty,Lip Balm,2,39.81,Completed,Gift Card
ORD100924,7/19/2023,CUST1611,Maria Sari,Midwest,Books,Fiction Novel,2,19.44,Completed,Debit Card
ORD103188,3/18/2023,CUST1077,Ayu Brown,WEST,Books,Self-Help Guide,2,19.36,Completed,Gift Card
ORD103706,15-Jan-23,CUST1726,John Tan,WEST,Home & Kitchen,Coffee Maker,1,103.8,Completed,Debit Card
ORD101331,2/11/2024,CUST1565,Rina Hidayat,MIDWEST,home & kitchen,Non-Stick Pan,1,114.07,Completed,Credit Card
ORD103474,2/11/2024,CUST1165,John Sari,south,BOOKS,Fiction Novel,2,21.41,Completed,Gift Card
ORD101977,11/1/2024,CUST1846,Kevin Kurniawan,SOUTH,Beauty,Shampoo,3,20.54,Completed,Gift Card
ORD102641,10-Sep-23,CUST1487,Andi Lee,south,clothing,Baseball Cap,1,46,Completed,Gift Card
ORD102485,10/15/2023,CUST1827,Putri Garcia,south,Toys,Building Blocks,1,12.21,Completed,Credit Card
ORD101368,18-Apr-23,CUST1786,Siti Brown,South ,Sports & Outdoors,Water Bottle,3,65.25,Completed,Debit Card
ORD103652,23/10/2023,CUST1078,Rina Santos,East,Clothing,Wool Socks,1,40.28,Completed,Gift Card
ORD102151,7/12/2024,CUST1629,James Tan,south,Books,Business Strategy Book,1,22.14,Completed,Gift Card
ORD101667,8/22/2023,CUST1578,Putri Salim,Midwest,Books,Fiction Novel,1,31.3,Completed,Debit Card
ORD101383,3/18/2024,CUST1785,Maria Nugroho,SOUTH,Books,Cookbook,1,10.4,Completed,Credit Card
ORD103716,11/8/2023,CUST1661,Ayu Halim,SOUTH,beauty,Face Mask Set,1,36.63,Completed,PayPal
ORD100860,5/29/2023,CUST1224,Ayu Salim,south,Clothing,Denim Jeans,2,69.91,Completed,
ORD102843,12/26/2023,CUST1627,Sarah Brown,midwest,Sports & Outdoors,Yoga Mat,1,69.78,Completed,Gift Card
ORD103750,5/7/2024,CUST1002,Sarah Kurniawan,West,clothing,Winter Jacket,1,28.85,Pending,Credit Card
ORD102864,26-Dec-23,CUST1243,James Hidayat,Midwest,electronics,Laptop Stand,1,124.25,Completed,Credit Card
ORD100663,10/3/2024,CUST1091,Nina Wilson,EAST,Clothing,Running Shorts,1,39.98,Completed,Gift Card
ORD100888,1/4/2023,CUST1146,Ayu Smith,East ,Electronics,USB-C Cable,2,20.89,Completed,Gift Card
ORD102402,14/02/2023,CUST1761,Ahmad Johnson,East ,toys,Action Figure,1,15.61,Completed,PayPal
ORD101420,4/25/2023,CUST1783,Ayu Taylor,MIDWEST,Home & Kitchen,Throw Pillow,1,26.41,Cancelled,PayPal
ORD101435,5/15/2023,CUST1844,Ahmad Johnson,,clothing,Baseball Cap,5,59.21,Completed,PayPal
ORD101554,12/15/2024,CUST1524,Robert Smith,West,Beauty,Face Mask Set,2,44.45,Completed,
ORD100678,7/31/2024,CUST1151,Ayu Smith,South,electronics,Power Bank,1,57.61,Completed,
ORD100498,6-Dec-24,CUST1095,Sarah Smith,West,CLOTHING,Cotton T-Shirt,1,13.54,Completed,Credit Card
ORD100251,12/26/2024,CUST1062,Andi Salim,SOUTH,Home & Kitchen,Storage Containers,1,38.95,Completed,Debit Card
ORD100982,3/10/2023,CUST1091,Nina Wilson,midwest,Sports & Outdoors,Resistance Bands,1,80.7,Completed,Debit Card
ORD102246,9/21/2024,CUST1773,Andi Nugroho,South,CLOTHING,Running Shorts,1,40.37,completed,Gift Card
ORD101917,1/5/2024,CUST1090,Lisa Pratama,East ,Beauty,Moisturizer,5,26.48,Completed,Debit Card
ORD100704,1-Mar-23,CUST1653,Michael Chen, West,Toys,Action Figure,1,38.7,Completed,Credit Card
ORD100347,1/3/2024,CUST1012,Andi Yusuf,west,beauty,Lip Balm,1,27.32,Completed,Credit Card
ORD101813,11/13/2024,CUST1678,Lisa Brown,midwest,Toys,Board Game,2,35.73,Completed,
ORD100075,8/29/2024,CUST1029,Nina Smith, West,Beauty,Sunscreen SPF50,1,13.5,Completed,Credit Card
ORD101018,2/11/2023,CUST1260,Fajar Pratama,east, SPORTS & OUTDOORS ,Resistance Bands,1,,Completed,Gift Card
ORD102172,4/1/2024,CUST1819,Lisa Salim, West,Clothing,Winter Jacket,2,24.27,Cancelled,
ORD100023,2/22/2023,CUST1644,Andi Salim,midwest,Electronics,Wireless Mouse,2,67.21,Completed,PayPal
ORD100831,28/07/2023,CUST1373,James Smith,East ,Electronics,Smartphone Case,2,122.21,Completed,Debit Card
ORD101481,6/10/2023,CUST1222,Dewi Sari,EAST,Clothing,Hoodie,1,72.07,Completed,PayPal
ORD101603,2/20/2024,CUST1865,Ayu Salim,Mid-West,Home & Kitchen,Throw Pillow,2,67.37,Completed,PayPal
ORD100896,3/8/2023,CUST1625,Lisa Pratama,East,Toys,Action Figure,2,32.37,completed,Credit Card
ORD100584,8/14/2023,CUST1466,Lisa Wijaya,MIDWEST, Books ,Business Strategy Book,2,26.82,Completed,Debit Card
ORD100074,7/19/2024,CUST1693,Lisa Santos,west,Toys,Puzzle 1000pc,2,41.68,Completed,Gift Card
ORD101134,2/10/2023,CUST1438,John Smith,West,Home & Kitchen,Coffee Maker,1,66.54,Completed,Debit Card
ORD103489,17/08/2024,CUST1860,Rina Nugroho,Mid-West,home & kitchen,Blender,1,45.45,Cancelled,Gift Card
ORD101682,12/5/2023,CUST1537,Putri Sari,midwest,Home & Kitchen,Cutting Board,2,76.39,Completed,Credit Card
ORD103500,3/5/2023,CUST1468,Michael Tan,midwest,Clothing,Running Shorts,1,70.03,Returned,Credit Card
ORD101970,17-Dec-24,CUST1270,Andi Salim,SOUTH,Beauty,Face Mask Set,1,10.56,Completed,Debit Card
ORD100996,7-Jun-23,CUST1776,Ahmad Smith,East,Sports & Outdoors,Camping Tent,3,63.04,Returned,Gift Card
ORD101632,8-Jan-23,CUST1260,Fajar Pratama,Midwest,Sports & Outdoors,Camping Tent,5,99.89,Completed,Gift Card
ORD103091,3/30/2024,CUST1133,Andi Hidayat,west,Sports & Outdoors,Jump Rope,1,93.74,Completed,Debit Card
ORD100868,12/18/2023,CUST1824,Linda Chen,south,Sports & Outdoors,Camping Tent,1,82.7,Completed,Debit Card
ORD101000,8/31/2024,CUST1338,Fajar Garcia,WEST,BEAUTY,Face Mask Set,1,41.43,Completed,PayPal
ORD102100,10/3/2023,CUST1658,Robert Chen,Mid-West,toys,Puzzle 1000pc,4,55.01,Completed,Credit Card
ORD103933,11/3/2023,CUST1194,Maria Hidayat,WEST,Sports & Outdoors,Yoga Mat,1,11.67,Completed,Debit Card
ORD101620,5/16/2023,CUST1843,Siti Hidayat,Midwest,electronics,Wireless Mouse,2,54.46,cancelled,Debit Card
ORD102323,5/1/2023,CUST1295,,west,Books,Fiction Novel,2,26.91,Completed,PayPal
ORD102124,6/9/2024,CUST1497,David Halim,midwest,Beauty,Sunscreen SPF50,1,8.75,Completed,Gift Card
ORD101073,22-Apr-23,CUST1834,,east,Books,Business Strategy Book,2,,Completed,PayPal
ORD100342,8/14/2023,CUST1242,Robert Anderson, West,beauty,Lip Balm,1,42.77,Completed,Gift Card
ORD103802,11/20/2024,CUST1390,Ayu Hidayat,Mid-West,Books,Fiction Novel,2,33.26,Completed,Debit Card
ORD103705,12/21/2023,CUST1430,Maria Garcia,SOUTH,books,Business Strategy Book,2,12.16,Cancelled,PayPal
ORD100260,3/18/2024,CUST1402,Rina Nugroho,east,sports & outdoors,Hiking Backpack,1,29.97,completed,Gift Card
ORD101542,6/15/2024,CUST1068,Linda Nugroho,Midwest,Home & Kitchen,LED Desk Lamp,3,118.45,Completed,Credit Card
ORD102962,27-Apr-23,CUST1225,,south,Electronics,USB-C Cable,1,111.99,Cancelled,Debit Card
ORD100671,24/05/2023,CUST1472,Andi Halim,South,Electronics,Wireless Earbuds,2,45.68,Completed,Debit Card
ORD102293,3/2/2023,CUST1235,Nina Halim,west,Toys,Action Figure,2,48.15,Completed,Debit Card
ORD100154,11-Apr-24,CUST1066,Michael Lee,MIDWEST,Toys,Building Blocks,1,20.73,Completed,Debit Card
ORD102974,12/28/2023,CUST1519,Andi Santos,East ,electronics,Smartphone Case,1,146.62,Completed,Debit Card
ORD102588,7/24/2024,CUST1733,Lisa Sari,south,Beauty,Face Mask Set,1,21.87,Completed,Gift Card
ORD103106,1/10/2023,CUST1825,Linda Nugroho,South ,sports & outdoors,Jump Rope,-1,8.13,Pending,Debit Card
ORD102955,3/11/2023,CUST1632,Linda Lee, West,toys,Action Figure,1,18.77,Completed,PayPal
ORD101764,11/22/2024,CUST1209,Andi Sari,South ,Toys,Puzzle 1000pc,2,39.74,Completed,Credit Card
ORD103650,12/11/2023,CUST1576,Linda Pratama, West, BOOKS ,Business Strategy Book,1,13.73,Completed,Gift Card
ORD100981,4/8/2024,CUST1024,Ahmad Anderson,West,Beauty,Sunscreen SPF50,1,38.45,Completed,Credit Card
ORD101263,10/20/2024,CUST1097,Fajar Anderson,East,ELECTRONICS,Wireless Earbuds,1,112.31,Cancelled,Gift Card
ORD103730,3/29/2024,CUST1096,Michael Santos,West,Electronics,Power Bank,1,68.76,Pending,Debit Card
ORD103554,19-Jul-23,CUST1217,Michael Santos,MIDWEST,Beauty,Face Mask Set,2,12.42,Completed,Debit Card
ORD101382,11/26/2024,CUST1000,Siti Santos,Mid-West,CLOTHING,Cotton T-Shirt,1,11.62,Completed,Debit Card
ORD100716,2/23/2024,CUST1739,Fajar Wilson,Mid-West,Electronics,Bluetooth Speaker,1,72.1,Completed,Gift Card
ORD100784,11/20/2024,CUST1874,James Salim,west,beauty,Lip Balm,2,19.65,Completed,Gift Card
ORD100808,6-Jul-23,CUST1574,Ahmad Hidayat,South,Books,Self-Help Guide,2,26.52,Completed,Debit Card
ORD102528,4/28/2023,CUST1798,Siti Anderson,SOUTH,BOOKS,Business Strategy Book,2,,Completed,Gift Card
ORD100314,7/1/2024,CUST1593,Sarah Taylor,EAST,Home & Kitchen,Storage Containers,1,59.43,completed,Gift Card
ORD101847,1/26/2024,CUST1362,Linda Taylor, West,Sports & Outdoors,Yoga Mat,1,51.43,Returned,Gift Card
ORD101883,1/17/2023,CUST1603,Sarah Anderson,Mid-West,Books,Business Strategy Book,1,12.09,Completed,
ORD100917,21-Mar-24,CUST1194,Maria Hidayat,South ,Sports & Outdoors,Hiking Backpack,1,,Returned,PayPal
ORD100606,9/3/2023,CUST1079,Siti Sari,Midwest,home & kitchen,Storage Containers,4,,Completed,Credit Card
ORD100415,13/07/2023,CUST1503,Andi Anderson,South,Toys,Puzzle 1000pc,2,48.41,completed,PayPal
ORD102333,5/15/2024,CUST1403,Michael Johnson,south,Home & Kitchen,Storage Containers,2,115.8,Completed,Gift Card
ORD103508,5/29/2024,CUST1482,Sarah Johnson,south,beauty,Sunscreen SPF50,2,27.28,Completed,Credit Card
ORD101711,5/19/2023,CUST1138,Fajar Anderson,Midwest,TOYS,Building Blocks,4,59.18,Completed,Gift Card
ORD103406,11/15/2024,CUST1256,James Wijaya,west,Toys,Action Figure,1,16.06,Completed,Debit Card
ORD101622,2/26/2024,CUST1824,Linda Chen,SOUTH,Books,Self-Help Guide,2,16.73,completed,Debit Card
ORD102504,16/02/2024,CUST1322,Ahmad Wijaya,midwest,clothing,Running Shorts,1,20.44,completed,Debit Card
ORD103936,10-Nov-23,CUST1143,Linda Wijaya, West,BEAUTY,Moisturizer,2,26.27,Completed,Credit Card
ORD103420,3-Jun-23,CUST1364,David Brown,south,TOYS,Building Blocks,2,41.96,Completed,Gift Card
ORD100843,6/18/2024,CUST1285,John Kurniawan,Mid-West,Electronic,Webcam,4,15.52,Pending,Gift Card
ORD102422,17-Aug-24,CUST1150,Ayu Wijaya,South,Beauty,Shampoo,2,33.6,Completed,PayPal
ORD103956,11/7/2024,CUST1688,Lisa Sari,Midwest,Home & Kitchen,Non-Stick Pan,3,111.11,Pending,Gift Card
ORD101103,1/24/2023,CUST1393,Putri Johnson,EAST,electronics,Smartphone Case,1,63.23,Completed,Debit Card
ORD102305,10/8/2023,CUST1211,Sarah Santos,midwest,Electronics,Smartphone Case,1,118.36,completed,
ORD100846,12/1/2023,CUST1210,Nina Garcia,MIDWEST,Sports & Outdoors,Water Bottle,1,80.94,Completed,Debit Card
ORD102902,16-Aug-24,CUST1251,Nina Salim,EAST, Home & Kitchen ,Throw Pillow,1,39.84,Completed,Credit Card
ORD102362,3/14/2024,CUST1399,Rina Lee,West,Toys,RC Car,4,43.03,Completed,
ORD101799,10/25/2024,CUST1620,Budi Chen,SOUTH,Clothing,Running Shorts,2,67.02,Completed,Credit Card
ORD100598,28-Jan-24,CUST1812,,west,Beauty,Face Mask Set,1,27.67,Completed,Gift Card
ORD100162,27-Apr-23,CUST1095,Sarah Smith,midwest,Home & Kitchen,Throw Pillow,1,26.33,Completed,Gift Card
ORD100653,3/12/2023,CUST1635,Sarah Yusuf,south,Books,Cookbook,1,20.81,completed,PayPal
ORD101549,16/02/2024,CUST1400,James Yusuf,East,Clothing,Denim Jeans,1,62.9,Completed,Credit Card
ORD103514,4/6/2024,CUST1210,Nina Garcia,west,Home & Kitchen,Cutting Board,1,55.85,Completed,Debit Card
ORD100853,10/7/2024,CUST1685,Budi Kurniawan,West, Electronics ,USB-C Cable,1,140.89,returned,Credit Card
ORD100542,11/13/2023,CUST1290,Lisa Nugroho,EAST,Clothing,Wool Socks,1,29.62,Completed,Credit Card
ORD100481,8/15/2024,CUST1683,Putri Lee,SOUTH,Sports & Outdoors,Jump Rope,1,22.83,Completed,Debit Card
ORD102069,9/15/2024,CUST1537,Putri Sari,west,Sports & Outdoors,Yoga Mat,2,53.18,Completed,PayPal
ORD100810,6/10/2023,CUST1624,Budi Smith,WEST,Clothing,Winter Jacket,2,59.98,Completed,Gift Card
ORD101036,9/13/2023,CUST1604,John Wilson,MIDWEST,Sports & Outdoors,Hiking Backpack,1,62.08,Completed,Credit Card
ORD100557,3/20/2024,CUST1619,Andi Smith,WEST,clothing,Running Shorts,1,39.4,Completed,PayPal
ORD103962,2/9/2024,CUST1591,Fajar Wilson,east,Electronics,Power Bank,1,128.7,pending,Gift Card
ORD101314,3/24/2024,CUST1495,Ayu Salim,west,Clothing,Cotton T-Shirt,2,41.71,Completed,Credit Card
ORD103473,7/24/2023,CUST1270,Andi Salim,EAST, Beauty ,Sunscreen SPF50,1,37.64,Completed,Credit Card
ORD103340,7/2/2024,CUST1519,,MIDWEST,home & kitchen,Coffee Maker,1,93.58,Completed,Gift Card
ORD100441,6/12/2024,CUST1821,Ayu Kurniawan,South ,Sports & Outdoors,Camping Tent,1,23.41,Completed,Debit Card
ORD102987,1/9/2024,CUST1824,Linda Chen,east,Sports & Outdoors,Camping Tent,2,69.51,pending,Credit Card
ORD103049,25/02/2024,CUST1238,John Pratama,South ,Toys,Building Blocks,2,44.99,Completed,PayPal
ORD102421,1/27/2024,CUST1861,Ayu Santos,East ,Home & Kitchen,Cutting Board,1,87.45,Cancelled,Credit Card
ORD103654,4/12/2024,CUST1605,Andi Sari,East,Home & Kitchen,Coffee Maker,1,92.9,Completed,PayPal
ORD103203,12/12/2024,CUST1851,Robert Salim,West,toys,Puzzle 1000pc,1,28.6,Completed,Credit Card
ORD102238,2/8/2024,CUST1076,Kevin Santos,EAST,beauty,Shampoo,1,41.23,Completed,Debit Card
ORD100881,9/17/2023,CUST1423,David Smith, West,sports & outdoors,Resistance Bands,2,93.8,Completed,Gift Card
ORD100008,11/29/2024,CUST1075,Linda Anderson,South,Sports & Outdoors,Water Bottle,1,43.76,Pending,Debit Card
ORD103774,6/1/2024,CUST1135,Rina Kurniawan,south,books,Children's Book,2,24.61,Completed,PayPal
ORD101354,11/11/2024,CUST1223,Michael Halim,MIDWEST,Electronics,Smartphone Case,2,83.34,Completed,Gift Card
ORD102408,30/11/2023,CUST1428,Andi Chen,Mid-West,Toys,Puzzle 1000pc,3,16.42,completed,PayPal
ORD100688,6/11/2023,CUST1848,Sarah Nugroho,Midwest,Home & Kitchen,Cutting Board,1,80.23,pending,Credit Card
ORD101775,7/26/2024,CUST1145,Linda Smith,SOUTH,Electronics,Wireless Mouse,1,124.8,Completed,Debit Card
ORD101683,9/27/2023,CUST1202,Dewi Santos,EAST, clothing ,Baseball Cap,1,79.34,completed,PayPal
ORD103840,6/10/2024,CUST1720,Rina Salim,Mid-West,Clothing,Wool Socks,2,46.91,Completed,PayPal
ORD102240,19/02/2023,CUST1674,Dewi Lee,east,Sports & Outdoors,Hiking Backpack,2,42.06,Returned,Gift Card
ORD101517,8/7/2024,CUST1459,Rina Smith,East,Toys,Puzzle 1000pc,2,26.73,Completed,Debit Card
ORD100453,2/15/2023,CUST1500,Nina Hidayat,Midwest,Electronics,Bluetooth Speaker,1,129.09,Completed,Debit Card
ORD100951,2/2/2024,CUST1677,Fajar Anderson,MIDWEST,Sports & Outdoors,Yoga Mat,2,37.46,Completed,
ORD103081,10/20/2024,CUST1506,Lisa Wilson,MIDWEST,Sports & Outdoors,Jump Rope,1,41.21,Completed,PayPal
ORD101686,5/20/2023,CUST1757,Sarah Lee,west,Books,Cookbook,2,34.77,Completed,Credit Card
ORD101749,6/4/2023,CUST1437,John Tan,west,clothing,Hoodie,4,10.67,completed,Gift Card
ORD102487,,CUST1143,Linda Wijaya,MIDWEST,Electronics,Laptop Stand,1,129.86,Completed,PayPal
ORD103342,9/30/2023,CUST1078,Rina Santos,East,Electronics,USB-C Cable,2,146.05,Completed,PayPal
ORD100504,3/20/2023,CUST1222,Dewi Sari,EAST,Sports & Outdoors,Camping Tent,2,75.89,Completed,Debit Card
ORD102143,11/13/2023,CUST1057,Maria Lee,WEST,Clothing,Winter Jacket,1,66.1,Completed,Gift Card
ORD103030,3/4/2023,CUST1169,Lisa Hidayat,south, home & kitchen ,Throw Pillow,1,115.87,Completed,Gift Card
ORD102436,11/20/2023,CUST1738,Fajar Halim,Midwest,Toys,Board Game,1,18.12,Completed,Gift Card
ORD103134,9/19/2024,CUST1737,Ahmad Brown,midwest,Books,Fiction Novel,1,21.93,Cancelled,Credit Card
ORD100567,2/28/2023,CUST1658,Robert Chen,South , Books ,Fiction Novel,1,16.27,Completed,
ORD100811,9/27/2023,CUST1669,Dewi Brown,midwest,Books,Children's Book,1,21.27,Completed,Debit Card
ORD101147,6/12/2023,CUST1178,Michael Pratama,West,Sports & Outdoors,Yoga Mat,1,10.93,completed,Gift Card
ORD100502,5-Feb-24,CUST1294,James Yusuf,MIDWEST,Beauty,Lip Balm,2,31.02,Completed,PayPal
ORD103305,10/25/2024,CUST1174,Siti Lee,South ,CLOTHING,Denim Jeans,1,71.39,Completed,Credit Card
ORD101494,9/23/2023,CUST1058,John Johnson,midwest,Beauty,Face Mask Set,4,44.74,Completed,Credit Card
ORD102121,7/5/2023,CUST1039,Robert Tan,midwest,Toys,Building Blocks,2,21.08,Completed,PayPal
ORD101505,13/06/2023,CUST1161,Ayu Yusuf,West,Toys,Board Game,2,19.55,Cancelled,Credit Card
ORD103336,7/30/2023,CUST1137,Budi Wijaya,east,Sports & Outdoors,Jump Rope,1,68.55,Completed,Debit Card
ORD101001,4/20/2023,CUST1741,Siti Wilson,MIDWEST,Sports & Outdoors,Yoga Mat,2,60.3,Cancelled,
ORD102799,5/22/2024,CUST1762,Rina Nugroho,SOUTH,Sports & Outdoors,Resistance Bands,1,,Completed,Credit Card
ORD102215,12/7/2024,CUST1745,Ahmad Halim,EAST,Electronics,Bluetooth Speaker,3,87.41,Completed,Credit Card
ORD101175,2/25/2024,CUST1391,Siti Pratama,Midwest,books,Business Strategy Book,1,20.44,Returned,Credit Card
ORD102092,31/12/2024,CUST1856,Siti Brown,West,Clothing,Denim Jeans,2,50.47,Completed,PayPal
ORD100245,1/22/2023,CUST1807,Lisa Wilson,south, Beauty ,Face Mask Set,1,30.81,Completed,
ORD102138,10/31/2023,CUST1242,Robert Anderson,Mid-West,BEAUTY,Moisturizer,2,30.68,Completed,
ORD103828,8/4/2024,CUST1088,Kevin Chen,South,Electronics,Laptop Stand,2,58.12,Completed,PayPal
ORD102899,4/5/2024,CUST1728,Siti Santos,East ,TOYS,Puzzle 1000pc,1,17.04,Completed,Debit Card
ORD101703,9/27/2024,CUST1392,Nina Garcia,South,Beauty,Face Mask Set,1,38.96,Completed,Credit Card
ORD102805,5/23/2023,CUST1829,Nina Nugroho,south,clothing,Running Shorts,1,13.72,Completed,PayPal
ORD102183,4/4/2023,CUST1248,Andi Pratama, West, Electronics ,USB-C Cable,4,67.82,Completed,PayPal
ORD103859,1/2/2023,CUST1736,James Nugroho,East ,Books,Cookbook,1,11.56,Completed,Gift Card
ORD103184,8/22/2023,CUST1733,Lisa Sari,WEST,Sports & Outdoors,Water Bottle,2,78.08,Completed,Credit Card
ORD103571,9/12/2023,CUST1799,Robert Hidayat, West,Sports & Outdoors,Jump Rope,1,58.28,Completed,Gift Card
ORD103789,5/7/2024,CUST1341,Fajar Wijaya,East,Sports & Outdoors,Hiking Backpack,2,43.31,Completed,Debit Card
ORD103117,4/8/2024,CUST1016,John Pratama, West,electronics,USB-C Cable,1,47.41,Cancelled,Credit Card
ORD100051,8/24/2023,CUST1427,James Halim,WEST,Home & Kitchen,Non-Stick Pan,1,101.26,Completed,PayPal
ORD103795,22/04/2023,CUST1693,Lisa Santos,South,Clothing,Hoodie,2,43.73,Returned,Credit Card
ORD101039,25/02/2024,CUST1741,Siti Wilson,MIDWEST,Beauty,Moisturizer,1,24.59,Completed,Debit Card
ORD102605,10/17/2023,CUST1054,Putri Garcia,east,Electronics,USB-C Cable,5,109.68,Completed,Credit Card
ORD102341,24/09/2024,CUST1106,Lisa Kurniawan,Mid-West,Beauty,Face Mask Set,4,7.19,Completed,Gift Card
ORD101154,4-Dec-24,CUST1155,Budi Brown,West,Electronics,USB-C Cable,3,140.19,Returned,Gift Card
ORD103208,5/8/2024,CUST1519,Andi Santos,WEST,Home & Kitchen,Blender,5,29.98,Completed,
ORD103311,7/11/2023,CUST1579,Kevin Tan,West,Home & Kitchen,LED Desk Lamp,5,38.41,Completed,Credit Card
ORD102732,7/1/2023,CUST1215,Putri Salim,Mid-West,Electronics,Smartphone Case,1,86.48,Completed,Debit Card
ORD101666,3/7/2023,CUST1274,Dewi Anderson,East ,beauty,Sunscreen SPF50,2,25.24,Completed,Debit Card
ORD100390,1/8/2024,CUST1783,Ayu Taylor,WEST,Beauty,Face Mask Set,2,15.69,Pending,PayPal
ORD102829,3-Apr-23,CUST1509,Fajar Wilson,south,Toys,RC Car,1,50.64,Completed,PayPal
ORD102625,5/15/2023,CUST1238,John Pratama,SOUTH,Home & Kitchen,LED Desk Lamp,2,28.3,Completed,Credit Card
ORD102132,17-Oct-23,CUST1160,James Nugroho,WEST,Clothing,Denim Jeans,1,50.09,Completed,PayPal
ORD101955,2/7/2024,CUST1748,Robert Salim,Midwest,Beauty,Lip Balm,5,38.54,Completed,Debit Card
ORD103273,2/7/2024,CUST1869,Maria Garcia,east,Electronics,Wireless Earbuds,2,40.93,Returned,Gift Card
ORD100859,19-Aug-23,CUST1865,Ayu Salim,EAST,Beauty,Face Mask Set,1,25.62,completed,Credit Card
ORD101691,9/28/2024,CUST1283,Michael Brown,midwest,Beauty,Sunscreen SPF50,1,38.41,Completed,
ORD103258,12-Oct-24,CUST1833,Putri Yusuf,Mid-West,Home & Kitchen,LED Desk Lamp,1,50.22,Completed,
ORD103966,13-May-24,CUST1067,Nina Halim,west,sports & outdoors,Camping Tent,1,34.58,Completed,Credit Card
ORD101684,11/22/2024,CUST1442,Andi Lee,Midwest,Toys,RC Car,2,39.39,Completed,PayPal
ORD102320,9/29/2024,CUST1283,Michael Brown,south, toys ,Action Figure,1,56.65,Completed,Gift Card
ORD100339,2/24/2023,CUST1519,Andi Santos,WEST,Clothing,Running Shorts,2,18.41,Completed,PayPal
ORD100845,25-Dec-23,CUST1661,Ayu Halim,west,sports & outdoors,Camping Tent,1,84.99,Completed,Debit Card
ORD103075,16/02/2023,CUST1406,Ahmad Wilson,South,Home & Kitchen,Throw Pillow,3,91.21,Completed,Credit Card
ORD103452,4/15/2023,CUST1366,David Anderson,west,sports & outdoors,Resistance Bands,1,49.63,Completed,Credit Card
ORD102010,7/1/2024,CUST1235,Nina Halim,East ,Toys,Board Game,4,12.56,Returned,Debit Card
ORD103838,16-Feb-23,CUST1759,Budi Johnson,Mid-West,Electronics,Smartphone Case,4,41.29,Completed,Credit Card
ORD101676,7/3/2023,CUST1026,Putri Yusuf,Midwest,Clothing,Baseball Cap,5,35.58,completed,Debit Card
ORD102736,3/16/2023,CUST1280,David Nugroho,MIDWEST,Home & Kitchen,Throw Pillow,1,79.75,Completed,Credit Card
ORD101592,7/10/2023,CUST1351,David Chen,south,Clothing,Baseball Cap,1,25.25,Completed,Credit Card
ORD100883,5/3/2023,CUST1291,Dewi Wijaya,Midwest,Toys,Action Figure,2,48.7,Completed,PayPal
ORD103363,5/8/2024,CUST1714,Ayu Nugroho,East,BEAUTY,Shampoo,1,15.61,Completed,Gift Card
ORD100225,4/13/2023,CUST1286,Sarah Wilson,west,Sports & Outdoors,Water Bottle,1,73.9,Completed,PayPal
ORD102450,12/14/2024,CUST1611,Maria Sari,Mid-West,Toys,Building Blocks,1,44.36,Completed,
ORD100298,7/9/2024,CUST1637,Linda Tan,east,Books,Business Strategy Book,1,31.15,Completed,Debit Card
ORD100359,4/30/2024,CUST1327,Rina Lee,MIDWEST,Clothing,Cotton T-Shirt,1,46.17,Cancelled,PayPal
ORD103092,5/17/2024,CUST1003,Siti Anderson,EAST,Toys,Board Game,4,14.81,Completed,PayPal
ORD102917,4/30/2023,CUST1778,Kevin Wilson,west,sports & outdoors,Camping Tent,2,76.08,Completed,Debit Card
ORD100102,13/01/2023,CUST1740,Dewi Hidayat,East,Electronics,USB-C Cable,1,30.29,Completed,Gift Card
ORD100011,7/18/2024,CUST1460,Rina Sari,midwest,Sports & Outdoors,Jump Rope,3,36.61,Completed,PayPal
ORD102107,3/15/2024,CUST1705,Michael Johnson,west,BOOKS,Self-Help Guide,1,33.78,Cancelled,PayPal
ORD100728,10/5/2024,CUST1676,Lisa Wijaya,south, Electronics ,Laptop Stand,1,93.4,cancelled,Gift Card
ORD101651,6/4/2023,CUST1017,Michael Lee,South,Beauty,Lip Balm,1,30.5,Completed,Gift Card
ORD100385,5/14/2024,CUST1503,Andi Anderson,Mid-West,Sports & Outdoors,Water Bottle,1,95.1,Completed,Gift Card
ORD100150,2/25/2023,CUST1512,Rina Wilson,Mid-West,electronics,Webcam,1,98.82,Cancelled,PayPal
ORD100717,11/21/2024,CUST1521,John Smith,EAST,Electronics,Smartphone Case,1,139.7,Completed,Gift Card
ORD103827,30-Dec-23,CUST1723,Ayu Wijaya,WEST,BEAUTY,Lip Balm,1,44.27,Completed,Gift Card
ORD100335,8/7/2023,CUST1411,Ahmad Garcia,WEST,Home & Kitchen,Coffee Maker,999,43.04,Completed,PayPal
ORD101226,1/14/2024,CUST1855,,West,Toys,Board Game,2,40.89,Completed,Debit Card
ORD101599,12/6/2024,CUST1138,Fajar Anderson,midwest,Electronics,Power Bank,1,1234.56,Completed,Gift Card
ORD103308,9/16/2024,CUST1630,John Kurniawan,East,Home & Kitchen,Blender,1,77.29,Completed,PayPal
ORD103589,8/17/2024,CUST1794,Robert Halim,east,Toys,Puzzle 1000pc,1,20.2,Completed,Debit Card
ORD102314,12/6/2023,CUST1477,Budi Tan,West,Books,Business Strategy Book,2,19.09,Completed,PayPal
ORD101721,5/12/2024,CUST1554,Dewi Tan,Midwest,books,Fiction Novel,1,21.23,Completed,PayPal
ORD101500,2/28/2024,CUST1825,Linda Nugroho,east,clothing,Denim Jeans,4,78.43,Pending,Credit Card
ORD103611,9/23/2024,CUST1643,Fajar Lee, West,Home & Kitchen,Throw Pillow,1,102.81,Completed,Debit Card
ORD102690,3/10/2023,CUST1412,Siti Anderson,East ,Books,Children's Book,1,11.8,Completed,Gift Card
ORD100149,22/08/2024,CUST1430,Maria Garcia,MIDWEST,Toys,RC Car,1,38.69,Completed,Credit Card
ORD100910,7/12/2023,CUST1589,Siti Nugroho,East,Clothing,Wool Socks,2,40.11,Completed,Debit Card
ORD100979,11/20/2024,CUST1768,Rina Nugroho,midwest,Sports & Outdoors,Yoga Mat,1,59.58,Completed,Debit Card
ORD101279,2/7/2024,CUST1057,Maria Lee,Mid-West,Home & Kitchen,Cutting Board,1,97.36,Completed,Credit Card
ORD100167,8/29/2023,CUST1051,Lisa Tan,South ,Books,Cookbook,2,34.9,Completed,Gift Card
ORD102394,2/1/2024,CUST1497,David Halim,Midwest,Beauty,Sunscreen SPF50,1,26.39,Completed,Credit Card
ORD103980,19-Mar-23,CUST1727,Nina Brown,Mid-West,Sports & Outdoors,Resistance Bands,2,52.35,Completed,Debit Card
ORD103319,2/7/2023,CUST1549,James Nugroho,East,Books,Fiction Novel,1,11.59,Completed,Gift Card
ORD100268,28-Jul-24,CUST1544,Ayu Garcia, West,electronics,Smartphone Case,1,113.75,Returned,Credit Card
ORD103777,3/13/2023,CUST1849,Putri Santos,Mid-West,Sports & Outdoors,Resistance Bands,1,45.28,Completed,PayPal
ORD102659,3/9/2023,CUST1423,David Smith,South ,Sports & Outdoors,Camping Tent,1,97.5,Cancelled,Debit Card
ORD103403,8/17/2023,CUST1266,Kevin Nugroho,EAST,Home & Kitchen,Blender,2,116.28,Completed,Debit Card
ORD103791,10-Feb-24,CUST1855,James Brown,south,Sports & Outdoors,Resistance Bands,2,32.43,Completed,Debit Card
ORD100409,30-Sep-23,CUST1506,Lisa Wilson,west,Electronics,USB-C Cable,2,24.32,Completed,
ORD102327,12/26/2024,CUST1780,Lisa Wijaya,SOUTH,SPORTS & OUTDOORS,Water Bottle,4,63.62,Completed,PayPal
ORD100538,8/18/2023,CUST1648,James Wijaya,EAST,Beauty,Lip Balm,1,35.45,Returned,Credit Card
ORD103101,7/31/2023,CUST1078,Rina Santos,WEST,BEAUTY,Face Mask Set,1,27.17,Completed,PayPal
ORD103484,18/02/2023,CUST1630,John Kurniawan,SOUTH,Toys,RC Car,1,35.46,Completed,Debit Card
ORD102399,8/8/2024,CUST1051,Lisa Tan,East,Clothing,Hoodie,3,66.87,Pending,Debit Card
ORD102298,5/15/2023,CUST1011,Dewi Garcia,East ,Books,Self-Help Guide,2,13.89,Completed,Gift Card
ORD101427,1/29/2023,CUST1649,Rina Wilson,Mid-West,Clothing,Denim Jeans,1,18.37,Completed,Gift Card
ORD101934,6/12/2023,CUST1152,Dewi Yusuf,midwest,Books,Cookbook,2,30.58,Completed,PayPal
ORD103462,3-Feb-23,CUST1193,Dewi Kurniawan,West,Books,Self-Help Guide,1,16.71,Pending,PayPal
ORD102578,6/4/2024,CUST1512,Rina Wilson, West,Clothing,Hoodie,1,40.62,Completed,Gift Card
ORD101130,28-Jan-24,CUST1089,Dewi Pratama, West,Electronics,Laptop Stand,1,127.49,Completed,Credit Card
ORD102380,27/02/2023,CUST1206,Siti Wilson,South,Home & Kitchen,Coffee Maker,4,55.27,Completed,Debit Card
ORD103834,,CUST1853,Robert Smith,West,beauty,Face Mask Set,2,18.12,Completed,Credit Card
ORD102589,5/25/2024,CUST1558,Sarah Wilson,,sports & outdoors,Hiking Backpack,2,56.86,Completed,Credit Card
ORD101248,4/1/2024,CUST1553,Fajar Hidayat,Midwest,Electronics,Laptop Stand,1,127.07,Completed,
ORD102352,7/21/2023,CUST1253,Ahmad Garcia, West,Clothing,Baseball Cap,1,53.42,Cancelled,Gift Card
ORD102032,10/6/2024,CUST1492,Sarah Nugroho,midwest,clothing,Hoodie,2,33.71,Cancelled,PayPal
ORD103631,2/8/2023,CUST1297,Nina Wilson,midwest,Beauty,Sunscreen SPF50,2,19.31,Completed,Credit Card
ORD103737,5/6/2024,CUST1892,Fajar Brown,West,Toys,Board Game,2,48.46,Completed,Gift Card
ORD101636,2/1/2023,CUST1816,John Kurniawan,east,Beauty,Face Mask Set,1,19.37,Pending,Debit Card
ORD101778,8/1/2023,CUST1004,Ahmad Yusuf,south,toys,Action Figure,999,35.43,completed,Gift Card
ORD103541,8-Jun-24,CUST1743,Linda Chen,east,Home & Kitchen,Blender,2,18.96,Returned,Debit Card
ORD100435,5/13/2023,CUST1636,Michael Santos,East ,Clothing,Hoodie,2,68.67,Completed,PayPal
ORD103004,8/26/2024,CUST1477,Budi Tan,South ,CLOTHING,Running Shorts,1,76.78,Cancelled,Debit Card
ORD102763,15/03/2024,CUST1300,Sarah Taylor,SOUTH,TOYS,Building Blocks,1,45.81,Completed,Debit Card
ORD103538,11/19/2024,CUST1222,Dewi Sari,south,home & kitchen,LED Desk Lamp,1,48.47,Completed,PayPal
ORD102874,4/28/2024,CUST1216,Robert Anderson,MIDWEST,Home & Kitchen,Cutting Board,1,18.32,completed,Credit Card
ORD102991,7/22/2024,CUST1585,Robert Anderson,South,Home & Kitchen,LED Desk Lamp,2,108.14,Completed,Debit Card
ORD100264,9/6/2023,CUST1745,Ahmad Halim,East, Toys ,Building Blocks,2,19.3,Returned,PayPal
ORD101484,1/4/2023,CUST1337,Budi Smith,East,Clothing,Hoodie,2,15.69,Completed,Credit Card
ORD101824,12/16/2024,CUST1366,David Anderson, West,home & kitchen,Throw Pillow,2,31.52,Completed,Gift Card
ORD101143,8-Jun-23,CUST1857,John Kurniawan,west,Electronics,Laptop Stand,2,58.59,Completed,PayPal
ORD102574,12/6/2024,CUST1885,Lisa Santos,South,Electronics,USB-C Cable,1,134.48,Completed,PayPal
ORD103219,4-Jul-23,CUST1804,Nina Wilson,WEST,Electronics,Webcam,2,90.52,Completed,
ORD100694,3/20/2023,CUST1581,Rina Hidayat,West,ELECTRONICS,Wireless Earbuds,2,25.16,Completed,Gift Card
ORD103300,6/20/2023,CUST1002,Sarah Kurniawan,east,Beauty,Shampoo,1,30.88,Completed,Credit Card
ORD100794,7-May-24,CUST1733,Lisa Sari,East ,Books,Fiction Novel,1,27.16,Cancelled,Credit Card
ORD102861,23/03/2024,CUST1602,Siti Lee,west,sports & outdoors,Camping Tent,2,99.71,Cancelled,Gift Card
ORD103133,22-Jul-23,CUST1447,Ahmad Chen,East ,clothing,Winter Jacket,4,45.89,Cancelled,Debit Card
ORD100588,6/1/2023,CUST1159,Michael Smith,SOUTH,Sports & Outdoors,Water Bottle,1,31,returned,Credit Card
ORD102681,6/27/2023,CUST1831,Sarah Hidayat,south,Sports & Outdoors,Yoga Mat,1,53.67,Completed,Gift Card
ORD100983,8/23/2023,CUST1866,Dewi Lee,Midwest,electronics,Webcam,1,46.23,Completed,PayPal
ORD101118,10/9/2023,CUST1787,Ahmad Salim,East ,BEAUTY,Shampoo,1,39.68,Completed,Credit Card
ORD102982,6/27/2024,CUST1874,James Salim, West,Books,Children's Book,2,34.97,Completed,PayPal
ORD101834,30-Aug-24,CUST1839,John Tan,West,BOOKS,Cookbook,1,18.54,Completed,Gift Card
ORD103000,11/27/2024,CUST1060,Ahmad Wilson,South ,Home & Kitchen,Storage Containers,1,110.64,Completed,Debit Card
ORD103744,10/21/2023,CUST1620,Budi Chen,East ,Books,Children's Book,3,20.83,Completed,Debit Card
ORD102993,8-May-24,CUST1201,Linda Johnson,East,Beauty,Face Mask Set,1,19.57,Completed,Gift Card
ORD100944,16-Oct-24,CUST1380,Lisa Brown,WEST,Beauty,Sunscreen SPF50,1,,Completed,PayPal
ORD101757,7-Mar-24,CUST1341,Fajar Wijaya,West,Toys,Building Blocks,3,52.21,Completed,Gift Card
ORD102729,7/15/2023,CUST1162,Siti Smith,South ,BOOKS,Cookbook,1,14.64,Completed,Debit Card
ORD101545,7/7/2023,CUST1717,Siti Sari,west,Toys,Building Blocks,1,32.66,completed,Gift Card
ORD103410,4/25/2023,CUST1674,Dewi Lee,east,Electronics,Laptop Stand,5,16.81,Completed,Gift Card
ORD102726,8/8/2024,CUST1125,Lisa Santos,west,Toys,Action Figure,1,25.01,Returned,Credit Card
ORD101726,4/15/2023,CUST1553,Fajar Hidayat,EAST,ELECTRONICS,Bluetooth Speaker,3,16.57,Completed,Debit Card
ORD101135,3/12/2023,CUST1898,Ahmad Nugroho,MIDWEST,TOYS,Building Blocks,1,19.43,completed,Debit Card
ORD101092,5/25/2023,CUST1194,Maria Hidayat,WEST,Electronics,Smartphone Case,1,53.35,Completed,Gift Card
ORD103623,17-Jan-24,CUST1568,Budi Chen,west,Sports & Outdoors,Camping Tent,1,51.02,Completed,Credit Card
ORD101584,3/22/2023,CUST1711,Maria Smith,WEST,Clothing,Wool Socks,1,68.51,Completed,Gift Card
ORD103506,3/22/2023,CUST1033,Linda Sari,midwest,Sports & Outdoors,Yoga Mat,1,70.12,Completed,Credit Card
ORD100531,9/10/2024,CUST1779,Andi Yusuf,SOUTH,Home & Kitchen,Cutting Board,2,61.05,Completed,Debit Card
ORD102977,6/6/2024,CUST1370,,East ,Home & Kitchen,Cutting Board,1,67.73,completed,Debit Card
ORD103714,12/4/2023,CUST1112,Putri Halim,South,Sports & Outdoors,Water Bottle,1,99.79,Completed,PayPal
ORD100300,12/7/2023,CUST1606,Lisa Halim,MIDWEST,Beauty,Lip Balm,1,31.19,Completed,Credit Card
ORD101436,8/20/2024,CUST1276,Rina Nugroho,West,Toys,Building Blocks,2,29.45,Completed,Gift Card
ORD101972,9-Jun-24,CUST1552,Andi Sari,South ,Electronics,USB-C Cable,1,48.82,Completed,Credit Card
ORD102105,3/23/2024,CUST1141,Fajar Taylor,Midwest,Books,Children's Book,1,26.15,Completed,PayPal
ORD100148,22/09/2023,CUST1185,David Johnson,south,Home & Kitchen,Coffee Maker,2,70.46,Completed,PayPal
ORD100466,10/26/2024,CUST1713,,South,Beauty,Lip Balm,1,8.41,Completed,Credit Card
ORD100306,8/11/2023,CUST1388,Rina Tan,East,Home & Kitchen,Cutting Board,1,102.03,completed,Credit Card
ORD100750,3/23/2024,CUST1219,Linda Yusuf,midwest,Clothing,Wool Socks,1,15.05,Completed,Gift Card
ORD100630,10/13/2024,CUST1659,Kevin Hidayat,south,Sports & Outdoors,Yoga Mat,1,64.78,Completed,PayPal
ORD102548,11/18/2023,CUST1209,Andi Sari,West,beauty,Shampoo,1,17.51,Completed,Credit Card
ORD102849,5/11/2024,CUST1076,Kevin Santos,west,Home & Kitchen,Coffee Maker,1,115.09,Completed,Gift Card
ORD102110,9/12/2023,CUST1571,Nina Nugroho,Midwest,Sports & Outdoors,Jump Rope,1,16.41,Completed,Credit Card
ORD101634,25/06/2024,CUST1303,James Wilson,west,electronics,Smartphone Case,1,96.19,Completed,Gift Card
ORD102086,10-Mar-24,CUST1789,Sarah Nugroho,EAST,Beauty,Moisturizer,4,17.59,Completed,Credit Card
ORD101448,2/21/2023,CUST1491,Rina Taylor,West,Home & Kitchen,Cutting Board,2,99.59,Completed,Debit Card
ORD101901,2/7/2023,CUST1133,Andi Hidayat,East,Sports & Outdoors,Camping Tent,2,52.92,Completed,Credit Card
ORD101646,3/6/2024,CUST1348,Putri Nugroho,South,books,Self-Help Guide,1,9.38,Returned,PayPal
ORD100038,4/9/2024,CUST1597,Ahmad Nugroho,South,SPORTS & OUTDOORS,Yoga Mat,2,12.75,Completed,Gift Card
ORD100761,12/20/2024,CUST1854,Putri Garcia,west,Books,Children's Book,1,20.36,Completed,Debit Card
ORD101189,5/21/2023,CUST1513,Robert Kurniawan,East ,Clothing,Winter Jacket,1,16.2,Pending,Gift Card
ORD101530,4/30/2024,CUST1287,John Pratama,South,Sports & Outdoors,Yoga Mat,1,,Pending,PayPal
ORD101920,3/2/2023,CUST1389,Fajar Salim,East,Beauty,Sunscreen SPF50,2,21.54,Cancelled,PayPal
ORD100523,12/10/2024,CUST1446,Rina Nugroho,Mid-West,Home & Kitchen,Throw Pillow,1,45.02,Completed,Credit Card
ORD103298,6/16/2024,CUST1173,John Tan,WEST,Toys,Action Figure,2,25.71,Completed,Credit Card
ORD100602,4/26/2024,CUST1012,Andi Yusuf,west,Books,Children's Book,,21.82,Completed,Debit Card
ORD102684,29/04/2023,CUST1234,Nina Salim,South,toys,RC Car,1,12.37,Completed,PayPal
ORD101910,4/8/2023,CUST1887,Maria Wilson,SOUTH,TOYS,Board Game,1,58.15,Completed,PayPal
ORD103225,30-Aug-23,CUST1111,Siti Halim,Midwest,Toys,Building Blocks,1,50.19,Completed,Gift Card
ORD102255,26/12/2024,CUST1490,David Halim,WEST,Home & Kitchen,Coffee Maker,2,114.64,completed,Gift Card
ORD102449,10/4/2023,CUST1345,Michael Santos,EAST,Sports & Outdoors,Resistance Bands,1,60.62,Completed,PayPal
ORD101265,30-Jul-24,CUST1288,Ahmad Halim,SOUTH,Beauty,Face Mask Set,2,9.67,Completed,Gift Card
ORD101275,14/05/2023,CUST1105,Rina Pratama,West,CLOTHING,Hoodie,1,25.88,Completed,Gift Card
ORD100727,4/9/2023,CUST1612,Budi Nugroho,SOUTH,Home & Kitchen,Storage Containers,2,118.51,Completed,Debit Card
ORD101879,4/5/2024,CUST1136,Budi Hidayat,Midwest,BOOKS,Self-Help Guide,1,,Completed,Debit Card
ORD103513,9/29/2023,CUST1375,Robert Garcia,East,Home & Kitchen,Blender,1,52.24,Completed,Gift Card
ORD100819,1/17/2023,CUST1498,Michael Salim,EAST,Toys,Building Blocks,1,35.61,Completed,Credit Card
ORD103896,7/2/2024,CUST1867,Nina Garcia,MIDWEST,clothing,Denim Jeans,1,71.89,Completed,Gift Card
ORD102274,4/10/2023,CUST1835,Nina Wilson, West,Books,Fiction Novel,1,32.68,Returned,
ORD103417,16-Aug-23,CUST1148,Siti Yusuf,SOUTH,home & kitchen,Coffee Maker,1,69.67,Completed,PayPal
ORD103458,11/4/2023,CUST1442,Andi Lee,Midwest,beauty,Shampoo,1,20.62,Pending,Gift Card
ORD100230,1/7/2024,CUST1273,Ayu Salim,Mid-West, Books ,Children's Book,1,17.13,Completed,Gift Card
ORD101151,10/22/2024,CUST1017,Michael Lee, West,home & kitchen,Blender,4,63.44,Completed,Debit Card
ORD100544,3/8/2024,CUST1868,Nina Lee,SOUTH,Clothing,Cotton T-Shirt,1,65.98,Completed,Debit Card
ORD103112,19-Mar-24,CUST1407,Rina Smith,east,electronics,Webcam,4,94.94,Cancelled,Gift Card
ORD103717,4-Dec-23,CUST1571,Nina Nugroho,east, Beauty ,Shampoo,1,32.3,Returned,Gift Card
ORD103952,25/06/2024,CUST1240,Linda Chen,South,Books,Self-Help Guide,1,19.85,Completed,Credit Card
ORD103968,12/12/2024,CUST1428,Andi Chen,East ,Toys,Action Figure,5,56.21,Completed,Credit Card
ORD101806,9/9/2024,CUST1893,John Wijaya,East,Beauty,Face Mask Set,1,40.87,completed,Debit Card
ORD103328,9/10/2024,CUST1052,Fajar Halim,EAST,Toys,RC Car,2,13.82,Completed,Credit Card
ORD101084,2/26/2023,CUST1436,Lisa Garcia,east,Toys,Building Blocks,1,15.93,Completed,PayPal
ORD100313,6/13/2024,CUST1145,Linda Smith,Mid-West,Beauty,Sunscreen SPF50,1,28.37,Completed,Credit Card
ORD100532,1/4/2023,CUST1625,Lisa Pratama,Midwest,Electronics,Laptop Stand,1,145.86,completed,Gift Card
ORD102896,1/30/2024,CUST1444,Robert Tan,EAST,Books,Self-Help Guide,4,33.29,Completed,Gift Card
ORD102064,3/6/2023,CUST1743,Linda Chen,WEST,Sports & Outdoors,Camping Tent,1,27.77,Pending,PayPal
ORD101220,10/2/2023,CUST1829,Nina Nugroho,midwest,Electronics,Webcam,1,118.74,Completed,PayPal
ORD100918,8/10/2023,CUST1622,Michael Garcia, West,Home & Kitchen,Non-Stick Pan,1,69.63,Completed,Credit Card
ORD102544,10/12/2023,CUST1253,Ahmad Garcia,East,Toys,Board Game,3,26.86,Completed,Credit Card
ORD103974,9/14/2024,CUST1863,David Pratama,West,Clothing,Hoodie,1,53.98,Cancelled,PayPal
ORD102306,3/6/2023,CUST1857,John Kurniawan,Mid-West,Books,Business Strategy Book,1,11.87,Completed,Credit Card
ORD100059,3-Nov-23,CUST1601,Nina Taylor,South,Clothing,Baseball Cap,4,30,Completed,PayPal
ORD102671,19-Apr-23,CUST1717,Siti Sari,east,TOYS,Board Game,1,48.45,Completed,PayPal
ORD100495,12/15/2024,CUST1810,Dewi Salim,,Electronics,Laptop Stand,5,33.29,Completed,Gift Card
ORD101432,4/2/2023,CUST1012,Andi Yusuf, West,Electronics,Wireless Mouse,1,131.34,Completed,
ORD102130,10/11/2023,CUST1073,Ayu Pratama,midwest,Sports & Outdoors,Camping Tent,1,17.68,Completed,Gift Card
ORD103497,1/27/2024,CUST1601,Nina Taylor,WEST,Clothing,Cotton T-Shirt,2,47.01,Completed,PayPal
ORD103313,7/7/2024,CUST1430,Maria Garcia,SOUTH,Clothing,Winter Jacket,1,67.14,Cancelled,Gift Card
ORD103237,10/11/2023,CUST1624,Budi Smith,SOUTH,home & kitchen,Cutting Board,1,,Completed,Gift Card
ORD103765,5/25/2023,CUST1455,Linda Taylor,west,Sports & Outdoors,Water Bottle,2,26,Completed,Debit Card
ORD103124,7/24/2024,CUST1167,Putri Hidayat,South,Electronics,Webcam,1,126.58,Pending,Debit Card
ORD101387,8/9/2023,CUST1127,Linda Halim,midwest,BOOKS,Fiction Novel,1,16.97,Returned,Debit Card
ORD100334,27-Apr-23,CUST1625,Lisa Pratama,East,clothing,Baseball Cap,2,19.56,Completed,PayPal
ORD101227,3/8/2024,CUST1705,Michael Johnson,South ,electronics,Webcam,5,87.03,completed,Credit Card
ORD102907,7/20/2023,CUST1297,Nina Wilson, West,electronics,Wireless Mouse,3,58.55,Completed,Gift Card
ORD101947,12/2/2024,CUST1186,Andi Anderson,WEST,Sports & Outdoors,Resistance Bands,1,88.81,Completed,Debit Card
ORD100740,6/10/2024,CUST1667,Robert Halim,South ,Cloths,Hoodie,2,46.21,Completed,Credit Card
ORD102591,12/10/2023,CUST1761,Ahmad Johnson,EAST,Home & Kitchen,LED Desk Lamp,2,34.62,Completed,Debit Card
ORD102179,7/10/2024,CUST1107,Fajar Yusuf,east,Clothing,Wool Socks,1,20.34,Completed,Gift Card
ORD100083,12/28/2024,CUST1120,Dewi Johnson,WEST,Toys,Puzzle 1000pc,1,21.1,Completed,Gift Card
ORD103535,5/24/2024,CUST1428,,West,Clothing,Running Shorts,2,54.79,Completed,Debit Card
ORD100762,9/25/2023,CUST1791,Kevin Chen,,Clothing,Hoodie,2,39.33,Completed,Credit Card
ORD102017,11/4/2023,CUST1558,Sarah Wilson,east,Clothing,Wool Socks,3,62.25,Completed,Gift Card
ORD102459,2/10/2023,CUST1259,Andi Halim,South ,Clothing,Denim Jeans,2,43.35,Completed,Gift Card
ORD101278,9/26/2024,CUST1269,Andi Kurniawan,Midwest,CLOTHING,Baseball Cap,2,47.93,Completed,PayPal
ORD103387,12-Jan-23,CUST1679,Siti Halim,South,SPORTS & OUTDOORS,Camping Tent,1,87.54,Completed,PayPal
ORD103634,27/04/2024,CUST1019,Siti Sari,SOUTH,Clothing,Running Shorts,1,34.47,Cancelled,PayPal
ORD102802,4/12/2023,CUST1394,, West,Home & Kitchen,Coffee Maker,1,20.77,Cancelled,Debit Card
ORD101327,15/06/2024,CUST1779,Andi Yusuf,MIDWEST,Electronics,Wireless Mouse,2,132.28,Completed,Debit Card
ORD102651,1/10/2024,CUST1867,Nina Garcia,west,Sports & Outdoors,Resistance Bands,1,27.62,Completed,Debit Card
ORD101091,8/1/2024,CUST1652,Ahmad Smith,WEST,Books,Cookbook,1,27.56,Completed,Credit Card
ORD100089,12/6/2024,CUST1451,Ahmad Garcia,south,Sports & Outdoors,Yoga Mat,1,31.43,Returned,Debit Card
ORD103080,4/12/2023,CUST1808,Michael Kurniawan,West,BOOKS,Cookbook,1,20.6,Completed,Debit Card
ORD103924,29/06/2023,CUST1332,Siti Johnson,Mid-West,Sports & Outdoors,Hiking Backpack,,73.25,Completed,Credit Card
ORD100936,7-Jun-24,CUST1641,Rina Nugroho,midwest,Clothing,Winter Jacket,1,40.76,Completed,Credit Card
ORD103755,8/2/2023,CUST1261,Robert Taylor,east,Books,Children's Book,5,11.93,Returned,PayPal
ORD102388,11/3/2023,CUST1279,Rina Garcia,east,Toys,Puzzle 1000pc,2,26.44,Completed,
ORD100464,3/18/2024,CUST1404,Maria Tan,WEST,Beauty,Moisturizer,4,6.4,Completed,Debit Card
ORD103584,11/16/2023,CUST1357,Andi Garcia,Mid-West,Sports & Outdoors,Resistance Bands,1,26.56,Pending,Gift Card
ORD100327,5/24/2024,CUST1745,Ahmad Halim,South,Home & Kitchen,Throw Pillow,2,12.41,Completed,Credit Card
ORD103346,1/16/2023,CUST1379,Putri Halim,SOUTH,Electronics,Bluetooth Speaker,1,75.7,Completed,Gift Card
ORD101034,8/12/2023,CUST1582,Michael Lee,East ,Beauty,Moisturizer,2,19.36,Completed,PayPal
ORD101355,3/17/2024,CUST1637,Linda Tan,West, Beauty ,Face Mask Set,1,31.38,Completed,Debit Card
ORD102666,9/9/2024,CUST1270,Andi Salim,EAST,Books,Business Strategy Book,1,22.33,completed,
ORD101738,2/17/2023,CUST1829,Nina Nugroho,south,Clothing,Winter Jacket,1,77.42,Completed,PayPal
ORD101351,5/23/2024,CUST1073,Ayu Pratama, West,Books,Self-Help Guide,1,10.39,Completed,PayPal
ORD103805,6/29/2023,CUST1217,Michael Santos,East ,Sports & Outdoors,Hiking Backpack,1,28.1,Completed,Gift Card
ORD100547,2/23/2023,CUST1057,Maria Lee,south,Electronics,Laptop Stand,1,39.9,Completed,Debit Card
ORD103197,12-Oct-24,CUST1745,Ahmad Halim,west,Sports & Outdoors,Jump Rope,1,27.37,Completed,Credit Card
ORD103404,5/16/2023,CUST1128,Rina Taylor,South ,Beauty,Shampoo,1,8.39,Completed,Credit Card
ORD100779,2/9/2023,CUST1469,Michael Lee,MIDWEST,Electronics,Bluetooth Speaker,1,99.81,Completed,Credit Card
ORD102321,12/29/2024,CUST1231,Dewi Smith,SOUTH,Home & Kitchen,Blender,2,52.36,Completed,Debit Card
ORD101815,9/7/2023,CUST1373,,EAST,Books,Children's Book,1,20.73,Completed,Gift Card
ORD100365,11/6/2023,CUST1390,Ayu Hidayat,South,Home & Kitchen,Storage Containers,2,83.61,Cancelled,Debit Card
ORD101127,6/18/2024,CUST1613,Andi Garcia,east, Sports & Outdoors ,Water Bottle,1,15.72,Cancelled,Debit Card
ORD101984,7/13/2023,CUST1311,John Nugroho,west,Electronics,Bluetooth Speaker,1,25.38,Completed,Debit Card
ORD103137,,CUST1086,Rina Anderson, West,Home & Kitchen,Non-Stick Pan,2,108.13,Pending,PayPal
ORD102998,10/22/2024,CUST1591,Fajar Wilson,East,Beauty,Face Mask Set,1,34.76,Completed,Debit Card
ORD100905,5/15/2024,CUST1350,Linda Salim,midwest,Clothing,Hoodie,1,,Completed,Credit Card
ORD102470,4/9/2023,CUST1335,Nina Yusuf,MIDWEST,Books,Fiction Novel,1,22.08,Completed,PayPal
ORD100093,8/11/2023,CUST1218,Siti Tan,South ,beauty,Shampoo,1,35.16,Completed,Credit Card
ORD103213,1/4/2023,CUST1123,Andi Anderson,East ,Electronics,Webcam,2,87.41,Cancelled,PayPal
ORD100880,11/27/2024,CUST1145,Linda Smith,Mid-West,Books,Cookbook,1,20.11,Completed,Debit Card
ORD101576,8/6/2024,CUST1239,Dewi Wilson,West,Home & Kitchen,Throw Pillow,1,53.95,Returned,Gift Card
ORD103523,10/8/2024,CUST1180,Rina Tan,west,Sports & Outdoors,Hiking Backpack,2,45.9,Completed,Gift Card
ORD100100,5/10/2023,CUST1535,Maria Brown,WEST,Books,Self-Help Guide,1,23.26,Completed,Debit Card
ORD100323,3/30/2023,CUST1855,James Brown,East,Clothing,Winter Jacket,5,35.05,Cancelled,PayPal
ORD101573,9/23/2024,CUST1674,Dewi Lee,south,Beauty,Lip Balm,1,35.51,Completed,Credit Card
ORD100209,1/20/2024,CUST1761,Ahmad Johnson,East,Toys,Building Blocks,250,53.78,Completed,
ORD101283,9/29/2024,CUST1525,Michael Anderson,South,Beauty,Moisturizer,1,32.09,Returned,PayPal
ORD101313,4/18/2024,CUST1585,Robert Anderson,South ,Clothing,Baseball Cap,1,30.86,Completed,Gift Card
ORD103063,9/10/2023,CUST1276,Rina Nugroho,MIDWEST,Sports & Outdoors,Hiking Backpack,1,28.04,completed,Credit Card
ORD101165,9/15/2023,CUST1252,Ayu Brown,east,home & kitchen,Cutting Board,2,22.79,Completed,Credit Card
ORD101731,1/3/2024,CUST1429,Rina Hidayat,EAST,books,Children's Book,1,11.54,cancelled,Gift Card
ORD102273,11/11/2024,CUST1316,Michael Wilson,south,Home & Kitchen,Throw Pillow,1,47.63,Completed,Debit Card
ORD101439,7-Jul-24,CUST1595,Lisa Brown, West,Toys,Building Blocks,1,39.51,Cancelled,Debit Card
ORD101085,4/13/2023,CUST1701,John Santos,midwest,Sports & Outdoors,Yoga Mat,1,21.22,Returned,PayPal
ORD103017,25-Sep-23,CUST1279,Rina Garcia,Mid-West,Clothing,Denim Jeans,1,34.48,Completed,Gift Card
ORD102345,12/9/2023,CUST1783,Ayu Taylor,SOUTH,Toys,RC Car,1,42.64,Completed,Gift Card
ORD103023,31-Oct-24,CUST1391,Siti Pratama,East ,Beauty,Sunscreen SPF50,1,23.39,Completed,Gift Card
ORD103277,5/4/2023,CUST1326,Sarah Kurniawan,south,beauty,Lip Balm,1,37.09,Completed,Gift Card
ORD100138,11/25/2023,CUST1889,James Sari,Mid-West,CLOTHING,Denim Jeans,1,64.57,Completed,
ORD100934,10/28/2024,CUST1200,John Garcia,South,Home & Kitchen,Blender,1,82.29,Completed,Credit Card
ORD101691,9/28/2024,CUST1283,Michael Brown,midwest,Beauty,Sunscreen SPF50,1,38.41,completed,
ORD101104,20/12/2023,CUST1321,Putri Garcia,west,home & kitchen,LED Desk Lamp,3,47.53,Returned,
ORD103076,10/16/2024,CUST1095,Sarah Smith,Midwest,Clothing,Wool Socks,1,46.25,Completed,Credit Card
ORD102457,24-Oct-23,CUST1412,Siti Anderson,west,Toys,Action Figure,1,43.92,Completed,Debit Card
ORD100363,6/17/2023,CUST1454,Fajar Wijaya,SOUTH,Beauty,Lip Balm,1,6,Completed,Gift Card
ORD100046,12/25/2024,CUST1484,James Anderson,WEST,Clothing,Baseball Cap,1,42.08,Completed,Gift Card
ORD102128,16-Aug-24,CUST1400,James Yusuf,WEST,Electronics,Power Bank,1,27.59,Completed,PayPal
ORD101548,9/26/2023,CUST1142,Kevin Salim,South,Toys,Building Blocks,1,33.97,Completed,Gift Card
ORD103606,7/16/2023,CUST1522,Rina Tan,East,SPORTS & OUTDOORS,Hiking Backpack,1,70.24,Completed,PayPal
ORD101463,22/04/2023,CUST1212,Budi Wilson,East ,Home & Kitchen,Coffee Maker,1,21.71,Completed,Debit Card
ORD102511,2/14/2023,CUST1829,Nina Nugroho, West,home & kitchen,LED Desk Lamp,2,97.98,Completed,Gift Card
ORD100579,4/19/2023,CUST1665,Sarah Halim,South,home & kitchen,Non-Stick Pan,4,66.06,completed,Credit Card
ORD102650,29-Nov-23,CUST1865,Ayu Salim,East ,Beauty,Moisturizer,1,34.18,Completed,PayPal
ORD100990,7/31/2023,CUST1170,Ayu Salim,West,Books,Children's Book,1,11.27,Completed,Debit Card
ORD100900,1/21/2023,CUST1451,Ahmad Garcia, West,Books,Business Strategy Book,1,28.69,pending,Debit Card
ORD103596,4/2/2023,CUST1733,Lisa Sari,EAST,Home & Kitchen,Non-Stick Pan,2,97.46,Cancelled,PayPal
ORD101555,12/18/2023,CUST1385,Michael Lee,West,beauty,Face Mask Set,3,13.08,Cancelled,Credit Card
ORD101111,11/28/2024,CUST1719,Nina Yusuf,South ,Books,Business Strategy Book,1,26.62,Returned,Credit Card
ORD103733,10/13/2024,CUST1421,Ayu Lee,West,Sports & Outdoors,Camping Tent,1,38.06,Returned,PayPal
ORD101303,24/12/2024,CUST1362,Linda Taylor,west,Beauty,Sunscreen SPF50,2,29.44,Completed,Gift Card
ORD102041,3/22/2023,CUST1517,Siti Nugroho,East,Electronics,Wireless Earbuds,3,137.94,returned,Gift Card
ORD102863,3/28/2024,CUST1791,Kevin Chen,East,Beauty,Moisturizer,2,,Completed,PayPal
ORD103095,5/8/2024,CUST1323,James Garcia,midwest,Books,Business Strategy Book,1,12.28,Returned,Gift Card
ORD102621,7/22/2024,CUST1817,Ahmad Hidayat,west,Electronics,Smartphone Case,3,35.23,Completed,Debit Card
ORD100139,3/9/2023,CUST1528,Maria Chen,east,toys,RC Car,5,20.45,Completed,
ORD103831,4-Oct-24,CUST1579,Kevin Tan,East,Clothing,Wool Socks,5,57.1,Completed,Gift Card
ORD102737,6/7/2024,CUST1588,David Anderson,East,home & kitchen,Coffee Maker,3,18.39,Completed,Gift Card
ORD101225,11/13/2023,CUST1563,James Yusuf,WEST, Beauty ,Shampoo,1,22.17,Completed,Debit Card
ORD102855,3/16/2023,CUST1527,Rina Anderson,Mid-West,Sports & Outdoors,Camping Tent,1,11.95,Completed,Credit Card
ORD103150,10/13/2023,CUST1569,David Kurniawan,East ,Toys,Building Blocks,1,49.67,Completed,Credit Card
ORD100927,10/23/2024,CUST1737,Ahmad Brown,East , Sports & Outdoors ,Hiking Backpack,1,31.38,Completed,PayPal
ORD101865,,CUST1267,Maria Anderson,east,home & kitchen,Blender,2,24.78,Completed,PayPal
ORD103265,2/7/2023,CUST1005,,east,Electronics,Webcam,1,114.97,Completed,PayPal
ORD102613,12/14/2023,CUST1460,Rina Sari,Midwest, Sports & Outdoors ,Resistance Bands,2,84.4,Returned,PayPal
ORD103131,4/26/2024,CUST1377,Putri Taylor,west,Toys,Puzzle 1000pc,4,29.44,Completed,
ORD101863,10/6/2023,CUST1329,Andi Tan,East ,Toys,RC Car,1,19.46,Completed,PayPal
ORD100726,10/15/2024,CUST1428,Andi Chen,south,Beauty,Face Mask Set,1,19.35,Completed,PayPal
ORD103708,3/25/2023,CUST1564,Maria Chen, West,Electronics,USB-C Cable,3,116.66,Completed,
ORD102697,12/23/2024,CUST1335,Nina Yusuf,South, Beauty ,Shampoo,1,44.22,Completed,Credit Card
ORD100947,12/8/2024,CUST1843,Siti Hidayat,East,Sports & Outdoors,Yoga Mat,2,21.63,Completed,PayPal
ORD103207,3/1/2024,CUST1714,Ayu Nugroho,midwest,Sports & Outdoors,Hiking Backpack,3,16.57,Completed,PayPal
ORD100827,3/1/2024,CUST1500,Nina Hidayat,MIDWEST,Beauty,Sunscreen SPF50,4,9.97,Completed,Credit Card
ORD101570,11/25/2023,CUST1754,Kevin Salim,west,Books,Business Strategy Book,1,25.21,Completed,Gift Card
ORD103033,2/25/2023,CUST1355,Michael Garcia, West,Books,Children's Book,2,16.91,Completed,Debit Card
ORD101396,7/24/2024,CUST1186,Andi Anderson,south, Sports & Outdoors ,Yoga Mat,1,38.28,Completed,PayPal
ORD100463,12/26/2023,CUST1493,Lisa Kurniawan,Mid-West, Home & Kitchen ,Storage Containers,4,40.67,Cancelled,PayPal
ORD100748,18-Jun-23,CUST1237,Nina Anderson,west,Clothing,Cotton T-Shirt,1,47.63,Completed,Credit Card
ORD101529,1/27/2024,CUST1856,Siti Brown,east,SPORTS & OUTDOORS,Yoga Mat,2,58.63,Cancelled,Credit Card
ORD102239,3/6/2023,CUST1868,Nina Lee,MIDWEST,Toys,Puzzle 1000pc,1,9.95,Completed,PayPal
ORD102638,23/02/2023,CUST1083,Ahmad Taylor,EAST,Sports & Outdoors,Yoga Mat,999,71.18,Completed,Gift Card
ORD102944,3/25/2023,CUST1152,Dewi Yusuf,west, Toys ,Puzzle 1000pc,3,24.4,Completed,Gift Card
ORD101486,8/28/2023,CUST1504,Rina Sari,east,Home & Kitchen,Throw Pillow,1,12.02,Completed,Gift Card
ORD100849,15-Oct-24,CUST1856,Siti Brown,South,Beauty,Lip Balm,2,38.21,Completed,Debit Card
ORD102890,6/27/2023,CUST1608,Dewi Lee,WEST,sports & outdoors,Resistance Bands,3,57.39,Completed,Gift Card
ORD101833,8/7/2023,CUST1129,Budi Wilson,East ,Sports & Outdoors,Resistance Bands,2,85.43,Cancelled,Credit Card
ORD102943,2/4/2023,CUST1753,Kevin Lee,south,Beauty,Moisturizer,1,20.15,Completed,PayPal
ORD100108,11/19/2023,CUST1678,Lisa Brown,MIDWEST,Clothing,Denim Jeans,1,49.54,Returned,Gift Card
ORD103572,10/10/2024,CUST1147,Sarah Wilson,East , ELECTRONICS ,USB-C Cable,2,30.83,Completed,Credit Card
ORD100707,4/26/2023,CUST1240,Linda Chen,East ,Home & Kitchen,Coffee Maker,2,84.92,Completed,PayPal
ORD101028,10/1/2024,CUST1484,James Anderson,Midwest,Sports & Outdoors,Hiking Backpack,1,88.16,Completed,Debit Card
ORD101007,4/21/2023,CUST1196,Putri Pratama,South ,Toys,Puzzle 1000pc,3,29.28,Completed,
ORD103189,3/31/2024,CUST1293,Robert Yusuf,West,Sports & Outdoors,Camping Tent,1,12.22,Completed,Gift Card
ORD100007,9/26/2023,CUST1753,Kevin Lee,South,Clothing,Running Shorts,1,77.87,Completed,Gift Card
ORD100429,8/3/2023,CUST1195,,West,Electronics,Wireless Earbuds,2,98.64,Completed,PayPal
ORD100571,29/11/2024,CUST1272,Michael Nugroho,South ,Electronics,Webcam,2,53.77,Completed,Debit Card
ORD103906,14-Apr-23,CUST1840,Maria Taylor,,Sports & Outdoors,Camping Tent,1,23.69,Completed,Credit Card
ORD101804,5/8/2023,CUST1025,Nina Chen,EAST,Home & Kitchen,Coffee Maker,1,16.34,Completed,Credit Card
ORD101903,3/20/2023,CUST1766,Michael Kurniawan,South ,Sports & Outdoors,Resistance Bands,3,87.66,Completed,Debit Card
ORD102245,9/6/2023,CUST1573,Putri Kurniawan,WEST,Books,Fiction Novel,,33.33,Completed,Credit Card
ORD100127,3/17/2024,CUST1095,Sarah Smith,South,Home & Kitchen,Storage Containers,1,118.67,Returned,PayPal
ORD102477,2/15/2023,CUST1560,Fajar Hidayat,East, Home & Kitchen ,LED Desk Lamp,2,119.54,Completed,PayPal
ORD102997,8/10/2024,CUST1491,Rina Taylor, West,Home & Kitchen,Non-Stick Pan,2,69.64,Cancelled,PayPal
ORD101802,7/17/2024,CUST1087,Linda Tan,west,Sports & Outdoors,Resistance Bands,2,64.17,Returned,Credit Card
ORD100767,4/14/2024,CUST1092,Putri Nugroho,WEST,home & kitchen,Throw Pillow,1,93.68,Completed,Gift Card
ORD103929,8/8/2023,CUST1817,,East,sports & outdoors,Jump Rope,1,94.08,Completed,Credit Card
ORD103778,2/13/2024,CUST1313,David Wilson,EAST,books,Children's Book,1,23.46,Completed,PayPal
ORD102958,28-Sep-23,CUST1238,John Pratama,west, Home & Kitchen ,Blender,1,69.03,Completed,Credit Card
ORD101543,12/15/2024,CUST1795,Michael Chen,Midwest,books,Self-Help Guide,1,16.74,Completed,Gift Card
ORD102434,7/10/2023,CUST1502,Rina Kurniawan,East,Home & Kitchen,Cutting Board,3,55.12,Completed,Gift Card
ORD100442,4-Mar-23,CUST1346,Dewi Taylor, West,Home & Kitchen,Cutting Board,4,98.22,Completed,Credit Card
ORD100358,6/1/2023,CUST1210,Nina Garcia,MIDWEST, Books ,Fiction Novel,1,15.63,Completed,PayPal
ORD101415,24-Feb-24,CUST1162,Siti Smith,South ,Books,Business Strategy Book,1,20.28,Completed,PayPal
ORD102244,5/23/2024,CUST1528,Maria Chen,west,Books,Self-Help Guide,1,15.12,Pending,Gift Card
ORD101532,30/12/2024,CUST1420,Ayu Wijaya,MIDWEST,Electronics,Wireless Earbuds,1,145.96,Completed,Gift Card
ORD100590,1/22/2024,CUST1412,Siti Anderson,East,Electronics,Smartphone Case,1,116.54,Completed,Credit Card
ORD103542,6/30/2023,CUST1679,Siti Halim,East ,Beauty,Sunscreen SPF50,1,10.96,Completed,Debit Card
ORD102278,9/3/2023,CUST1161,Ayu Yusuf,east,Beauty,Face Mask Set,2,38.44,Completed,Gift Card
ORD100447,14-Dec-23,CUST1127,Linda Halim,East ,Sports & Outdoors,Resistance Bands,2,85.29,pending,PayPal
ORD102753,22/01/2024,CUST1799,Robert Hidayat,South ,home & kitchen,Storage Containers,2,41.35,Returned,
ORD101958,9/18/2023,CUST1104,Sarah Tan,,Home & Kitchen,Cutting Board,1,52.65,Completed,
ORD100714,3/4/2024,CUST1184,Michael Kurniawan,West, Sports & Outdoors ,Yoga Mat,3,68.4,completed,Gift Card
ORD101850,19/01/2024,CUST1099,Sarah Santos,West,beauty,Face Mask Set,2,21.85,completed,PayPal
ORD102728,3/29/2023,CUST1552,Andi Sari,midwest,books,Cookbook,1,29.48,Completed,Credit Card
ORD102494,8/25/2023,CUST1016,John Pratama,South,ELECTRONICS,Wireless Mouse,1,87.44,Completed,Debit Card
ORD101975,5/28/2023,CUST1111,Siti Halim,South ,books,Cookbook,1,31.77,Completed,Debit Card
ORD102253,5/9/2023,CUST1406,Ahmad Wilson,east,Books,Cookbook,1,15.29,Cancelled,Gift Card
ORD101961,7/10/2024,CUST1809,Kevin Smith,East ,Beauty,Face Mask Set,2,42.27,Completed,PayPal
ORD103177,24/04/2024,CUST1313,David Wilson,WEST,Clothing,Baseball Cap,1,12.33,Cancelled,PayPal
ORD102200,4/9/2024,CUST1873,Ayu Anderson,West,BEAUTY,Face Mask Set,1,38.7,Cancelled,PayPal
ORD102070,8/18/2023,CUST1307,Lisa Santos,South,Electronics,Wireless Earbuds,1,145.1,Completed,Gift Card
ORD101714,9/13/2023,CUST1673,Ahmad Smith,midwest,Sports & Outdoors,Yoga Mat,1,97.9,Completed,Credit Card
ORD101523,5/19/2023,CUST1175,Lisa Kurniawan,South ,toys,RC Car,1,30.08,Completed,PayPal
ORD100984,10/13/2023,CUST1463,Linda Brown, West,Clothing,Hoodie,1,23.56,cancelled,PayPal
ORD101700,5/6/2023,CUST1281,Ahmad Hidayat,east,Books,Cookbook,4,14.57,Pending,Gift Card
ORD103720,3/10/2024,CUST1655,John Tan,East,Clothing,Hoodie,4,64.23,Completed,Gift Card
ORD103286,3/27/2023,CUST1027,Budi Smith,EAST,Books,Business Strategy Book,4,32.17,Completed,PayPal
ORD102980,6/1/2023,CUST1854,Putri Garcia,Midwest,Home & Kitchen,Storage Containers,1,75.38,Completed,Debit Card
ORD100720,25-May-23,CUST1620,Budi Chen,WEST,toys,Building Blocks,1,24.83,Completed,PayPal
ORD101052,11/14/2024,CUST1712,David Nugroho,East, Clothing ,Cotton T-Shirt,1,41.39,completed,PayPal
ORD100871,27/03/2024,CUST1353,Andi Halim,midwest,Electronics,Smartphone Case,1,68.96,Completed,PayPal
ORD103559,3/20/2023,CUST1674,Dewi Lee,SOUTH,Sports & Outdoors,Hiking Backpack,3,84.06,Completed,Credit Card
ORD102220,10/8/2023,CUST1709,Maria Kurniawan,MIDWEST,Clothing,Wool Socks,1,18.24,Completed,Credit Card
ORD103734,12/1/2024,CUST1871,Andi Smith,west,Electronics,Laptop Stand,250,127.77,Cancelled,Debit Card
ORD100185,8/4/2023,CUST1084,Ahmad Anderson,East,Electronics,Smartphone Case,3,69.56,Completed,PayPal
ORD101951,3/18/2024,CUST1269,Andi Kurniawan,midwest,beauty,Shampoo,1,36.57,Completed,Gift Card
ORD102926,29/11/2024,CUST1861,Ayu Santos,East,Beauty,Face Mask Set,1,31.86,Completed,Debit Card
ORD102758,9/5/2024,CUST1011,,midwest,clothing,Winter Jacket,1,39.9,Completed,Gift Card
ORD102517,12-Nov-24,CUST1024,Ahmad Anderson, West,Clothing,Denim Jeans,1,31.72,returned,Gift Card
ORD102090,10/22/2023,CUST1021,David Wijaya,East ,sports & outdoors,Water Bottle,1,32.15,Completed,Gift Card
ORD100737,8/26/2023,CUST1463,Linda Brown,East ,Clothing,Winter Jacket,two,60.31,Completed,Gift Card
ORD103143,5/30/2023,CUST1155,Budi Brown,East ,books,Cookbook,1,24.66,Pending,Gift Card
ORD103682,10-Oct-23,CUST1469,Michael Lee,South,Home & Kitchen,Non-Stick Pan,1,75.79,Completed,PayPal
ORD103397,12/10/2024,CUST1445,Kevin Anderson,Midwest,Sports & Outdoors,Resistance Bands,1,26.72,pending,Credit Card
ORD103168,10/30/2023,CUST1881,Ahmad Salim,East ,Beauty,Lip Balm,2,20.82,Completed,Credit Card
ORD100552,2/10/2023,CUST1005,Dewi Wijaya,Midwest,BOOKS,Children's Book,1,25.33,Completed,PayPal
ORD103940,8/26/2023,CUST1063,David Anderson,west,Toys,Puzzle 1000pc,1,38.57,Completed,Debit Card
ORD103510,16-Jul-24,CUST1644,Andi Salim,Mid-West,Clothing,Hoodie,4,63.24,Completed,Credit Card
ORD100402,7/1/2024,CUST1565,Rina Hidayat,Midwest,Sports & Outdoors,Resistance Bands,1,24.49,Cancelled,Gift Card
ORD100723,10-Oct-23,CUST1744,Andi Sari,WEST,Electronics,Laptop Stand,2,34.72,Completed,Credit Card
ORD101116,11/2/2023,CUST1733,Lisa Sari,,Beauty,Face Mask Set,1,29.15,Cancelled,Debit Card
ORD103847,4/23/2024,CUST1563,James Yusuf,midwest,sports & outdoors,Water Bottle,1,41.89,Completed,PayPal
ORD102047,9/27/2023,CUST1472,Andi Halim,South ,Electronics,Power Bank,1,22.66,Completed,Gift Card
ORD101318,11/1/2023,CUST1681,Maria Hidayat,South ,Toys,Board Game,1,48.13,Completed,Gift Card
ORD101665,2/3/2024,CUST1298,Dewi Anderson,SOUTH,Toys,Board Game,1,37.89,Completed,Credit Card
ORD103751,11/1/2024,CUST1776,Ahmad Smith,East ,Sports & Outdoors,Resistance Bands,2,62.08,Completed,Gift Card
ORD100652,12/26/2024,CUST1779,Andi Yusuf,MIDWEST,Books,Business Strategy Book,3,28.42,completed,PayPal
ORD103724,12/4/2024,CUST1753,Kevin Lee,south,Beauty,Moisturizer,1,41.46,Completed,PayPal
ORD103460,7/23/2023,CUST1082,Fajar Smith,WEST,Beauty,Sunscreen SPF50,2,20.53,Completed,Credit Card
ORD103651,,CUST1376,Nina Yusuf,south,TOYS,Action Figure,2,44.14,Completed,Gift Card
ORD103881,6/25/2024,CUST1097,Fajar Anderson, West,Sports & Outdoors,Hiking Backpack,2,26.14,Cancelled,Debit Card
ORD102520,7/10/2023,CUST1138,Fajar Anderson,South ,Sports & Outdoors,Camping Tent,1,50.21,Completed,PayPal
ORD100971,9/4/2024,CUST1740,Dewi Hidayat,west,Home & Kitchen,LED Desk Lamp,2,89.04,Completed,Debit Card
ORD103862,11/19/2024,CUST1011,Dewi Garcia,South,Books,Children's Book,2,20.86,Returned,PayPal
ORD100364,4/1/2023,CUST1888,Putri Tan,East ,Books,Self-Help Guide,1,16.21,Completed,Debit Card
ORD103644,4/5/2023,CUST1240,Linda Chen,midwest, Books ,Business Strategy Book,2,25.37,Completed,Debit Card
ORD103911,11-Feb-24,CUST1483,Nina Anderson,EAST,Books,Fiction Novel,1,28.01,Completed,Credit Card
ORD100921,5/15/2024,CUST1725,Nina Pratama,west,Books,Business Strategy Book,2,1234.56,Completed,Credit Card
ORD101271,11/15/2023,CUST1491,Rina Taylor,MIDWEST,Cloths,Baseball Cap,1,43.2,Cancelled,Credit Card
ORD103335,10/4/2023,CUST1104,Sarah Tan, West,toys,Board Game,4,28.43,Completed,Debit Card
ORD101238,6-Jan-23,CUST1181,,MIDWEST,Books,Cookbook,2,18.07,Completed,Gift Card
ORD100375,27-Dec-23,CUST1092,Putri Nugroho,MIDWEST,CLOTHING,Baseball Cap,1,19.22,Completed,PayPal
ORD100637,4/28/2023,CUST1524,Robert Smith,WEST,Toys,Puzzle 1000pc,1,31.33,Cancelled,Credit Card
ORD101136,1/31/2024,CUST1102,Maria Brown,Mid-West,home & kitchen,Blender,1,93.53,Completed,Gift Card
ORD103391,2/26/2024,CUST1687,Siti Sari,south,Sports & Outdoors,Camping Tent,1,29.43,Completed,Gift Card
ORD101002,3/5/2024,CUST1555,Andi Hidayat,South ,books,Self-Help Guide,2,13.97,Completed,Debit Card
ORD100639,7/30/2023,CUST1105,Rina Pratama,midwest,Books,Business Strategy Book,1,34.09,returned,Gift Card
ORD102122,,CUST1278,David Salim,east,sports & outdoors,Camping Tent,2,72.1,Completed,PayPal
ORD101089,1/17/2023,CUST1066,Michael Lee,midwest,Toys,RC Car,1,23.76,Completed,Gift Card
ORD100645,22-Oct-24,CUST1861,,EAST,sports & outdoors,Yoga Mat,3,24.93,Completed,Gift Card
ORD101458,2/17/2023,CUST1834,Andi Nugroho,Mid-West,Toys,RC Car,4,49.55,pending,Debit Card
ORD102884,3/25/2024,CUST1267,Maria Anderson,WEST,Sports & Outdoors,Camping Tent,1,89.04,Completed,PayPal
ORD100302,5/14/2024,CUST1681,Maria Hidayat,Mid-West,home & kitchen,Throw Pillow,5,27.18,Completed,Gift Card
ORD103913,24-Jan-23,CUST1026,Putri Yusuf,MIDWEST,Home & Kitchen,Cutting Board,1,,Completed,Credit Card
ORD100935,8/6/2024,CUST1396,David Wijaya,west,Toys,Building Blocks,,31.78,Completed,Debit Card
ORD100420,3/14/2023,CUST1049,David Kurniawan,Midwest,toys,RC Car,3,42.64,completed,Gift Card
ORD101688,7/5/2023,CUST1197,Sarah Lee,WEST,Clothing,Wool Socks,4,35.96,Completed,Credit Card
ORD103883,6/13/2024,CUST1485,Dewi Smith,east,Clothing,Cotton T-Shirt,1,26.21,Completed,Credit Card
ORD100519,23-Mar-23,CUST1459,,Mid-West,Beauty,Shampoo,3,10.61,Returned,Debit Card
ORD100605,11/17/2023,CUST1619,Andi Smith,South ,Toys,Building Blocks,2,22.97,Completed,Gift Card
ORD100589,6/16/2023,CUST1184,Michael Kurniawan,EAST,Beauty,Face Mask Set,1,22.34,Cancelled,Gift Card
ORD103739,30/08/2023,CUST1785,Maria Nugroho,South ,HOME & KITCHEN,Coffee Maker,2,49.81,Completed,PayPal
ORD101055,3/21/2024,CUST1216,Robert Anderson,South,Electronics,Smartphone Case,1,131.43,Completed,PayPal
ORD103875,5/9/2024,CUST1106,Lisa Kurniawan,EAST,clothing,Running Shorts,,75.06,Completed,Debit Card
ORD100346,5/31/2024,CUST1005,Dewi Wijaya,East ,Sports & Outdoors,Yoga Mat,1,20.35,Completed,Gift Card
ORD103574,6/16/2024,CUST1735,Maria Halim,west,Sports & Outdoors,Water Bottle,1,67.28,Completed,Gift Card
ORD101945,5-Sep-24,CUST1306,John Chen,East,Books,Business Strategy Book,1,32.21,Completed,Debit Card
ORD103611,9/23/2024,CUST1643,Fajar Lee, West,Home & Kitchen,Throw Pillow,1,102.81,Completed,Debit Card
ORD101609,5-Dec-23,CUST1307,Lisa Santos, West,Toys,Board Game,1,53.98,Completed,Credit Card
ORD103443,2/13/2023,CUST1619,Andi Smith,South ,home & kitchen,Throw Pillow,4,61.99,Completed,Gift Card
ORD103483,6/21/2023,CUST1805,John Chen,South ,Home & Kitchen,Storage Containers,2,25.03,Completed,Gift Card
ORD100369,7/10/2024,CUST1198,Putri Anderson,east,Toys,Puzzle 1000pc,2,44.56,Completed,Debit Card
ORD101960,3/21/2023,CUST1623,John Yusuf,East,TOYS,Board Game,1,25.35,Completed,Credit Card
ORD103196,8/17/2024,CUST1411,Ahmad Garcia,SOUTH,Home & Kitchen,Cutting Board,2,46.49,Completed,Gift Card
ORD100580,30/04/2024,CUST1456,Kevin Nugroho,MIDWEST,Electronics,Bluetooth Speaker,2,131.29,Pending,PayPal
ORD103115,8/10/2023,CUST1463,Linda Brown,WEST,Toys,Action Figure,1,32.55,Completed,Gift Card
ORD102395,4-Dec-23,CUST1507,Andi Brown,EAST,Books,Cookbook,1,13.34,Completed,Gift Card
ORD103517,9/13/2024,CUST1611,Maria Sari,west,Home & Kitchen,Non-Stick Pan,1,48.95,Completed,
ORD102029,26/09/2024,CUST1180,Rina Tan,East ,Beauty,Shampoo,1,11.93,Completed,PayPal
ORD100863,4/21/2024,CUST1618,Budi Lee,midwest,Clothing,Wool Socks,2,32.4,Completed,Credit Card
ORD103130,8/9/2024,CUST1663,Lisa Pratama,South ,Toys,RC Car,2,51.74,Completed,
ORD103641,10/21/2024,CUST1493,Lisa Kurniawan,SOUTH,Sports & Outdoors,Yoga Mat,2,43.44,Completed,Credit Card
ORD103923,14/11/2024,CUST1517,Siti Nugroho,South , Toys ,Action Figure,3,15.62,completed,
ORD103903,29-Sep-24,CUST1723,Ayu Wijaya, West,Home & Kitchen,LED Desk Lamp,1,48.59,Completed,Debit Card
ORD100126,1/21/2023,CUST1166,Ahmad Garcia,EAST,sports & outdoors,Yoga Mat,1,82.2,Completed,Credit Card
ORD101193,14/12/2024,CUST1439,Maria Johnson,east,Home & Kitchen,LED Desk Lamp,2,76.06,Completed,Credit Card
ORD103991,11/10/2023,CUST1664,Dewi Nugroho,midwest,Electronics,Laptop Stand,1,$69.18 ,Completed,Credit Card
ORD102865,10/14/2024,CUST1742,James Brown,WEST,Toys,Board Game,2,45.9,Completed,Credit Card
ORD100388,6/23/2023,CUST1067,Nina Halim,EAST,toys,RC Car,5,31.14,Completed,Debit Card
ORD103035,7/2/2024,CUST1842,Siti Salim,South,Beauty,Sunscreen SPF50,1,15.83,Returned,Debit Card
ORD100460,5/19/2024,CUST1123,Andi Anderson,west,Electronics,USB-C Cable,2,30.07,Completed,Gift Card
ORD100943,8/26/2023,CUST1001,David Garcia,South ,BEAUTY,Moisturizer,2,29.05,Completed,Credit Card
ORD101308,10/30/2024,CUST1322,,Midwest,clothing,Baseball Cap,1,11.42,Completed,PayPal
ORD100783,10/12/2024,CUST1745,Ahmad Halim,South ,Beauty,Sunscreen SPF50,2,12.11,Completed,Gift Card
ORD100174,2/27/2024,CUST1351,David Chen,west,Home & Kitchen,Cutting Board,2,26.13,Completed,Debit Card
ORD100878,4/13/2024,CUST1697,Michael Sari,West,BEAUTY,Moisturizer,1,43.42,Returned,PayPal
ORD102940,6/23/2023,CUST1713,Dewi Taylor,EAST,Sports & Outdoors,Resistance Bands,1,61.9,Completed,Debit Card
ORD100752,13-Jan-24,CUST1005,Dewi Wijaya,Midwest,BOOKS,Self-Help Guide,2,21.55,Returned,Credit Card
ORD102546,5/5/2023,CUST1261,Robert Taylor,South ,Home & Kitchen,Throw Pillow,5,118.89,Completed,Debit Card
ORD100344,30/10/2023,CUST1428,Andi Chen,,Clothing,Baseball Cap,2,50.48,Completed,PayPal
ORD103690,6/27/2024,CUST1836,Kevin Salim,MIDWEST,Home & Kitchen,Non-Stick Pan,3,93.41,Completed,Gift Card
ORD100380,8-Mar-23,CUST1146,Ayu Smith,east,Sports & Outdoors,Camping Tent,2,47.75,Completed,PayPal
ORD102398,3/4/2023,CUST1257,Sarah Taylor,West,Toys,RC Car,1,59.93,Completed,Credit Card
ORD100522,5/16/2024,CUST1414,Ayu Chen,Mid-West,SPORTS & OUTDOORS,Camping Tent,1,48.86,Completed,Credit Card
ORD101507,8/4/2024,CUST1500,Nina Hidayat,Midwest,HOME & KITCHEN,Storage Containers,2,47.62,Completed,Gift Card
ORD100698,5/25/2024,CUST1450,David Santos,East,Beauty,Lip Balm,2,38.23,Cancelled,Debit Card
ORD102368,8/3/2024,CUST1056,Rina Smith,East,Home & Kitchen,Storage Containers,2,60.33,Completed,Credit Card
ORD101311,8/28/2024,CUST1017,Michael Lee,south,Books,Fiction Novel,1,30.92,Completed,Gift Card
ORD102518,11/10/2024,CUST1041,Michael Wijaya,SOUTH,Home & Kitchen,LED Desk Lamp,1,46.74,Completed,Credit Card
ORD103152,5/20/2024,CUST1315,Andi Brown,west,Clothing,Wool Socks,2,36.66,Cancelled,
ORD102833,3/27/2024,CUST1109,Rina Halim,south,Toys,Action Figure,1,43.83,Completed,Debit Card
ORD103917,18-Sep-24,CUST1493,Lisa Kurniawan,South ,Home & Kitchen,Cutting Board,1,98.7,Returned,Gift Card
ORD103512,4/29/2024,CUST1079,Siti Sari,EAST,beauty,Lip Balm,2,12.08,Completed,Credit Card
ORD101924,18-Sep-23,CUST1273,Ayu Salim,south,Books,Self-Help Guide,4,32.24,completed,Gift Card
ORD101572,8-Jun-23,CUST1097,Fajar Anderson,West, home & kitchen ,Non-Stick Pan,1,99.63,Pending,Gift Card
ORD102881,10/9/2024,CUST1718,Dewi Lee,South , toys ,Action Figure,4,35.13,Completed,Debit Card
ORD100877,12/27/2023,CUST1028,Maria Garcia,south,Electronics,Power Bank,1,43.11,Pending,Credit Card
ORD100096,1/10/2024,CUST1369,Sarah Halim,South ,Home & Kitchen,Non-Stick Pan,1,92.35,completed,PayPal
ORD100607,8/6/2024,CUST1653,Michael Chen,Midwest,electronics,USB-C Cable,2,29.67,Completed,Gift Card
ORD101954,6/27/2023,CUST1675,Putri Kurniawan,south,Home & Kitchen,LED Desk Lamp,1,106.63,Completed,Debit Card
ORD102618,10/11/2024,CUST1755,Budi Sari,EAST,Beauty,Sunscreen SPF50,1,37.86,Completed,Credit Card
ORD102141,7/30/2024,CUST1409,John Kurniawan, West,books,Children's Book,1,23.49,Completed,PayPal
ORD103228,8/8/2024,CUST1541,Linda Johnson,South ,Clothing,Running Shorts,2,62.91,Completed,Credit Card
ORD100994,12/6/2023,CUST1041,,EAST,toys,Board Game,1,12.23,Completed,PayPal
ORD100510,3/1/2024,CUST1850,Dewi Wijaya,West,Beauty,Shampoo,1,35.97,Completed,Debit Card
ORD102348,8/24/2023,CUST1033,Linda Sari,EAST,Toys,Board Game,1,46.91,completed,PayPal
ORD102735,12/31/2024,CUST1696,David Hidayat,East,Electronics,USB-C Cable,1,28.19,Returned,Credit Card
ORD100655,10/7/2023,CUST1441,Fajar Hidayat,East ,Books,Self-Help Guide,2,25.86,Completed,Credit Card
ORD100294,,CUST1462,Michael Lee,WEST,Toys,RC Car,4,55.58,Completed,Credit Card
ORD100406,11/24/2023,CUST1161,Ayu Yusuf, West,Clothing,Winter Jacket,1,47.86,Completed,PayPal
ORD100646,2/7/2024,CUST1409,John Kurniawan,South,Electronics,Laptop Stand,2,20.45,Completed,Gift Card
ORD102322,4/29/2023,CUST1487,Andi Lee,east,Books,Children's Book,2,27.57,Completed,PayPal
ORD100687,6/13/2024,CUST1640,Siti Smith,east,SPORTS & OUTDOORS,Yoga Mat,2,60.28,Completed,Credit Card
ORD102167,11/24/2024,CUST1380,Lisa Brown,Mid-West,Toys,Building Blocks,2,59.47,completed,Debit Card
ORD101927,22/03/2024,CUST1593,Sarah Taylor,EAST,ELECTRONICS,Power Bank,1,56.85,Completed,Debit Card
ORD100299,1/30/2023,CUST1346,Dewi Taylor,east,books,Children's Book,1,26.59,Completed,Credit Card
ORD100973,6/7/2024,CUST1831,Sarah Hidayat,SOUTH,Home & Kitchen,Cutting Board,1,67.97,Completed,PayPal
ORD100249,4/20/2023,CUST1855,James Brown,east,clothing,Denim Jeans,1,60.96,Completed,Credit Card
ORD100369,7/10/2024,CUST1198,Putri Anderson,east,Toys,Puzzle 1000pc,2,44.56,Completed,Debit Card
ORD100303,4/20/2023,CUST1588,David Anderson,East ,Clothing,Winter Jacket,1,12.17,Completed,Credit Card
ORD102527,4/7/2023,CUST1160,James Nugroho,MIDWEST,Toys,Building Blocks,1,27.69,Completed,Debit Card
ORD100604,4/5/2023,CUST1726,John Tan,WEST,Clothing,Running Shorts,1,58.39,Completed,PayPal
ORD102235,10/25/2024,CUST1007,Budi Garcia,South,Electronics,Bluetooth Speaker,,52.71,Pending,PayPal
ORD103198,7/24/2023,CUST1547,Andi Tan,West,Clothing,Cotton T-Shirt,1,52.18,Completed,
ORD100283,2/24/2024,CUST1505,Michael Anderson,South ,Clothing,Denim Jeans,1,32.19,Completed,Credit Card
ORD103116,2/6/2023,CUST1514,Rina Wijaya,West,clothing,Wool Socks,5,17.87,Completed,Gift Card
ORD103322,10/1/2023,CUST1553,Fajar Hidayat,South ,Home & Kitchen,Coffee Maker,1,108.21,Pending,Gift Card
ORD101325,,CUST1149,Sarah Yusuf,Mid-West,Clothing,Cotton T-Shirt,1,70.18,Completed,Gift Card
ORD103819,11/23/2024,CUST1754,Kevin Salim,MIDWEST,Books,Cookbook,2,33.46,Completed,Debit Card
ORD103558,13-Jan-24,CUST1496,John Smith,east,Beauty,Lip Balm,1,9.38,Completed,Gift Card
ORD100354,3/2/2024,CUST1895,Michael Johnson,EAST,Clothing,Winter Jacket,1,61.02,Pending,PayPal
ORD101125,1/27/2023,CUST1516,Fajar Brown,,Electronics,Webcam,1,,Returned,Gift Card
ORD100520,3/13/2024,CUST1839,John Tan,East ,Toys,Board Game,2,37.85,Cancelled,Debit Card
ORD103964,2/25/2023,CUST1741,Siti Wilson, West,Books,Cookbook,1,$17.17 ,Completed,Debit Card
ORD103759,7/23/2024,CUST1726,John Tan,WEST,Clothing,Denim Jeans,2,19.62,Completed,Gift Card
ORD103797,11/8/2024,CUST1174,Siti Lee,MIDWEST,Home & Kitchen,Storage Containers,2,57.41,Completed,PayPal
ORD100377,26-Apr-23,CUST1388,Rina Tan, West,sports & outdoors,Water Bottle,2,36.22,Completed,Debit Card
ORD102488,9-Jan-23,CUST1528,Maria Chen,South ,Home & Kitchen,Throw Pillow,1,46.18,Completed,Credit Card
ORD100352,5/12/2024,CUST1055,John Salim,Mid-West,Electronics,Laptop Stand,1,111.97,Completed,
ORD102376,1/6/2023,CUST1725,Nina Pratama, West, Electronics ,Smartphone Case,1,42.63,Cancelled,PayPal
ORD102640,6/17/2023,CUST1404,Maria Tan,SOUTH,Toys,Board Game,2,40.91,Completed,Credit Card
ORD101503,30-Mar-24,CUST1883,Kevin Anderson,WEST,TOYS,Board Game,1,58.69,Completed,PayPal
ORD100470,8/6/2024,CUST1131,,WEST,Beauty,Moisturizer,1,22.77,Cancelled,Debit Card
ORD100310,1/12/2023,CUST1157,Robert Kurniawan,west,home & kitchen,Throw Pillow,3,105.96,Completed,Credit Card
ORD100656,11/28/2024,CUST1542,Linda Smith,South,Books,Children's Book,5,23.72,Completed,PayPal
ORD100444,7/11/2024,CUST1150,Ayu Wijaya,south,Beauty,Lip Balm,3,37.35,Completed,Gift Card
ORD100901,10/27/2023,CUST1403,Michael Johnson,WEST,Clothing,Cotton T-Shirt,1,46.29,Completed,Credit Card
ORD100193,5/12/2024,CUST1291,Dewi Wijaya,WEST,Books,Fiction Novel,1,10.89,Completed,Debit Card
ORD100072,1/26/2023,CUST1474,Kevin Sari,WEST,Toys,Action Figure,3,57.43,Completed,Debit Card
ORD101137,6/3/2023,CUST1652,Ahmad Smith,Mid-West,Toys,Board Game,1,53.48,Completed,PayPal
ORD100448,6/12/2024,CUST1532,Siti Lee,EAST,Beauty,Shampoo,1,20.09,Completed,Debit Card
ORD101805,12/26/2023,CUST1842,Siti Salim,Mid-West,clothing,Winter Jacket,1,74.36,Completed,Gift Card
ORD101577,2/16/2024,CUST1128,Rina Taylor,EAST,books,Business Strategy Book,3,15.53,Completed,Credit Card
ORD102291,10/27/2024,CUST1185,David Johnson,West,Sports & Outdoors,Jump Rope,1,31.64,Completed,Credit Card
ORD100894,7/24/2023,CUST1852,Putri Garcia,South,Toys,Action Figure,4,14.3,Completed,PayPal
ORD102679,5/17/2023,CUST1833,Putri Yusuf,SOUTH,books,Fiction Novel,1,19.08,Completed,Credit Card
ORD102000,5/9/2024,CUST1448,Maria Halim,midwest,Books,Children's Book,4,27.36,Completed,PayPal
ORD103027,8/23/2024,CUST1817,Ahmad Hidayat,WEST,Toys,Puzzle 1000pc,1,38.24,Cancelled,Debit Card
ORD101099,3/18/2023,CUST1064,,south,Electronics,Bluetooth Speaker,1,78.69,Completed,PayPal
ORD100692,7/19/2024,CUST1056,Rina Smith,South,Electronics,USB-C Cable,1,54.51,Completed,Gift Card
ORD103236,1/11/2023,CUST1575,Michael Halim,east,Sports & Outdoors,Water Bottle,2,50.08,Returned,
ORD101899,3-Feb-23,CUST1212,Budi Wilson,East, Beauty ,Shampoo,1,44.19,Completed,Credit Card
ORD103217,3/23/2023,CUST1690,Fajar Garcia,midwest,toys,Building Blocks,1,24.71,Completed,Gift Card
ORD101359,10/15/2024,CUST1397,Maria Anderson,South ,Clothing,Winter Jacket,1,12.71,Completed,PayPal
ORD101755,31/01/2024,CUST1854,Putri Garcia,SOUTH,Home & Kitchen,LED Desk Lamp,3,94.98,Completed,Gift Card
ORD100478,10/14/2024,CUST1105,Rina Pratama,west,Electronics,Bluetooth Speaker,1,126.18,Completed,Debit Card
ORD100295,5/27/2023,CUST1194,Maria Hidayat,MIDWEST,Home & Kitchen,Cutting Board,2,25.02,Completed,Credit Card
ORD103025,12/28/2024,CUST1014,Linda Halim,Midwest,electronics,Wireless Mouse,1,27.33,Completed,Credit Card
ORD101601,7-Oct-24,CUST1302,Dewi Taylor,MIDWEST,beauty,Face Mask Set,1,15.25,Completed,PayPal
ORD101871,12/15/2024,CUST1709,Maria Kurniawan,Midwest,Home & Kitchen,Non-Stick Pan,1,23.21,completed,Gift Card
ORD103785,9/18/2024,CUST1801,John Brown,West,clothing,Baseball Cap,1,38.57,Returned,PayPal
ORD103147,7/25/2024,CUST1250,Linda Smith,EAST,Toys,Board Game,4,54.01,Completed,Debit Card
ORD102079,6/2/2024,CUST1781,Andi Yusuf,WEST,Sports & Outdoors,Jump Rope,1,60.13,Completed,PayPal
ORD102590,17/03/2024,CUST1401,Nina Taylor,midwest,Sports & Outdoors,Hiking Backpack,1,18.06,Returned,Credit Card
ORD102493,11/4/2023,CUST1279,Rina Garcia,WEST,clothing,Running Shorts,2,35.1,Cancelled,Gift Card
ORD103051,1/24/2024,CUST1005,Dewi Wijaya, West,Electronics,Power Bank,2,24.67,Completed,Debit Card
ORD101696,10/5/2023,CUST1428,Andi Chen,WEST,Clothing,Wool Socks,1,52.08,completed,Debit Card
ORD103922,20-Jun-24,CUST1738,Fajar Halim,West,Electronics,Wireless Earbuds,1,50.53,Completed,PayPal
ORD101919,9/24/2024,CUST1156,Sarah Tan,Midwest,electronics,Webcam,2,127.56,Returned,Credit Card
ORD101048,4/23/2024,CUST1140,Maria Wijaya,east,clothing,Running Shorts,1,50.29,Completed,Credit Card
ORD101145,5/15/2024,CUST1569,David Kurniawan,South,Home & Kitchen,Blender,1,25.62,Completed,Gift Card
ORD102920,9/28/2023,CUST1818,Siti Salim,midwest,Sports & Outdoors,Water Bottle,1,9.05,Completed,Credit Card
ORD103469,6/11/2024,CUST1441,Fajar Hidayat,EAST,Electronics,Bluetooth Speaker,1,42.98,Pending,PayPal
ORD100085,9/13/2023,CUST1421,Ayu Lee,west,Electronics,Power Bank,1,85.81,Completed,Debit Card
ORD102601,7/7/2023,CUST1436,Lisa Garcia,East,Sports & Outdoors,Water Bottle,1,57.52,Completed,Credit Card
ORD103383,10/1/2024,CUST1791,Kevin Chen,east,Electronics,Wireless Earbuds,1,71.29,Completed,Credit Card
ORD100438,6/3/2024,CUST1108,Rina Garcia,East,Toys,Action Figure,3,10.53,Completed,Credit Card
ORD103250,11/18/2024,CUST1141,Fajar Taylor,EAST,Beauty,Face Mask Set,1,35.44,Returned,Debit Card
ORD102075,2/7/2023,CUST1075,Linda Anderson,South,SPORTS & OUTDOORS,Yoga Mat,2,24.58,completed,Credit Card
ORD103367,2/20/2023,CUST1456,Kevin Nugroho,EAST,SPORTS & OUTDOORS,Jump Rope,1,$60.06 ,Completed,Gift Card
ORD101430,8/31/2024,CUST1173,John Tan,East,Electronics,Smartphone Case,5,77.69,Completed,PayPal
ORD102870,2/4/2023,CUST1196,,midwest,Books,Fiction Novel,2,15.67,Completed,Debit Card
ORD103895,6-Jan-24,CUST1646,Maria Salim,south,books,Cookbook,1,8.43,Completed,Debit Card
ORD100196,7/2/2023,CUST1031,Robert Tan,south,Toys,Action Figure,1,13.87,Completed,Gift Card
ORD103698,14-Jun-24,CUST1029,Nina Smith,West,Clothing,Running Shorts,4,14.55,Completed,Credit Card
ORD101596,1/17/2023,CUST1141,Fajar Taylor,EAST, Beauty ,Lip Balm,1,30.48,Completed,Gift Card
ORD102829,3-Apr-23,CUST1509,Fajar Wilson,south,Toys,RC Car,1,50.64,Completed,PayPal
ORD103371,3/24/2024,CUST1448,Maria Halim,East ,Books,Children's Book,5,13.78,Completed,Gift Card
ORD101454,10/29/2023,CUST1227,David Wijaya,East,Home & Kitchen,Cutting Board,1,64.44,Completed,Credit Card
ORD100476,11/24/2024,CUST1308,Robert Yusuf,East,Books,Children's Book,1,34.18,Completed,Credit Card
ORD103545,4/9/2024,CUST1245,Dewi Yusuf,West,Toys,Building Blocks,1,57.62,Completed,Debit Card
ORD100337,12/9/2024,CUST1667,Robert Halim,South ,Books,Self-Help Guide,1,$20.53 ,Completed,PayPal
ORD102715,3-Aug-23,CUST1639,Dewi Salim,West,Toys,Puzzle 1000pc,2,35.55,Completed,Gift Card
ORD102441,29-Sep-24,CUST1798,Siti Anderson,SOUTH,Beauty,Sunscreen SPF50,3,29.68,Completed,Debit Card
ORD103259,6/10/2023,CUST1386,Lisa Johnson,east,Beauty,Lip Balm,3,30.34,Completed,Gift Card
ORD101534,9/30/2024,CUST1213,Michael Tan,midwest,Toys,RC Car,2,12.96,Pending,Debit Card
ORD100410,1/30/2023,CUST1193,Dewi Kurniawan,south,Sports & Outdoors,Water Bottle,2,85.59,Completed,Debit Card
ORD103296,1/16/2023,CUST1822,Ayu Wilson,East ,Toys,Action Figure,1,20.87,Completed,Debit Card
ORD103970,4/26/2023,CUST1329,Andi Tan,south,Clothing,Denim Jeans,1,,Returned,PayPal
ORD102521,9/14/2024,CUST1198,Putri Anderson,south,beauty,Shampoo,2,23.72,Completed,PayPal
ORD100109,4/19/2023,CUST1798,Siti Anderson,east,Toys,Action Figure,1,22.81,Completed,Gift Card
ORD102260,8/13/2023,CUST1560,Fajar Hidayat,Mid-West,Beauty,Moisturizer,3,8.2,Completed,Debit Card
ORD103084,9/20/2024,CUST1452,Fajar Yusuf,midwest,books,Self-Help Guide,1,$31.32 ,Completed,PayPal
ORD103799,6/2/2024,CUST1585,Robert Anderson,South,Toys,Building Blocks,1,54.75,Cancelled,Debit Card
ORD103899,4/19/2023,CUST1895,Michael Johnson,Midwest,Sports & Outdoors,Resistance Bands,2,63.86,Cancelled,Credit Card
ORD100091,5/4/2023,CUST1696,David Hidayat,EAST,Sports & Outdoors,Yoga Mat,4,60.85,Pending,Gift Card
ORD100596,1/3/2023,CUST1511,Maria Brown,Midwest,Beauty,Face Mask Set,1,39.44,Cancelled,PayPal
ORD101753,2/12/2023,CUST1583,Andi Smith,west,ELECTRONICS,Laptop Stand,4,17.61,Completed,Debit Card
ORD102694,5/6/2024,CUST1194,Maria Hidayat,Mid-West,BEAUTY,Face Mask Set,3,27.86,Cancelled,Gift Card
ORD101968,4/1/2023,CUST1781,Andi Yusuf,South,Books,Children's Book,1,27.24,Completed,PayPal
ORD103995,2/16/2023,CUST1113,Dewi Nugroho,midwest,Electronics,Power Bank,1,124.62,Completed,Credit Card
ORD103394,8/22/2024,CUST1379,Putri Halim,Midwest,Sports & Outdoors,Resistance Bands,1,89.3,Completed,
ORD101404,3/25/2023,CUST1306,John Chen, West,Books,Business Strategy Book,1,19.88,Completed,Debit Card
ORD101705,5/8/2024,CUST1278,David Salim,South ,Home & Kitchen,Non-Stick Pan,1,103.58,Completed,PayPal
ORD102584,11/19/2023,CUST1042,Sarah Wijaya, West,Toys,Puzzle 1000pc,4,29.45,Completed,Gift Card
ORD103727,26/08/2024,CUST1300,Sarah Taylor,East ,Sports & Outdoors,Yoga Mat,4,87.15,Completed,PayPal
ORD100615,4/18/2023,CUST1250,Linda Smith,east,Beauty,Sunscreen SPF50,1,35.63,Completed,PayPal
ORD103241,10/6/2023,CUST1323,James Garcia,Midwest,Clothing,Baseball Cap,1,26.39,Cancelled,Credit Card
ORD102175,6/6/2023,CUST1385,Michael Lee,East,Clothing,Winter Jacket,3,38.56,Cancelled,Debit Card
ORD102242,3/2/2024,CUST1002,Sarah Kurniawan,East,Sports & Outdoors,Jump Rope,1,60.64,Completed,Debit Card
ORD100696,6/23/2024,CUST1375,Robert Garcia,midwest,Toys,Action Figure,1,45.99,Cancelled,Debit Card
ORD103978,4-Dec-24,CUST1845,David Nugroho,West, Electronics ,USB-C Cable,2,145.98,Completed,Credit Card
ORD101013,8/1/2023,CUST1724,James Pratama,midwest,Sports & Outdoors,Jump Rope,,83.09,Cancelled,PayPal
ORD100316,16-Sep-23,CUST1496,John Smith,EAST,Electronics,Smartphone Case,2,33.15,Completed,Debit Card
ORD101922,8/9/2024,CUST1541,Linda Johnson,Mid-West,CLOTHING,Wool Socks,1,23.08,Completed,Credit Card
ORD103039,5/2/2023,CUST1192,Lisa Kurniawan,Midwest,Electronics,Wireless Earbuds,1,43.98,Cancelled,Debit Card
ORD102356,30-Jan-23,CUST1187,Dewi Anderson, West,Sports & Outdoors,Yoga Mat,4,67.52,completed,Gift Card
ORD102304,5/24/2024,CUST1127,Linda Halim,south,sports & outdoors,Resistance Bands,1,42.5,Completed,Debit Card
ORD101321,1/12/2024,CUST1607,Fajar Kurniawan,east,Sports & Outdoors,Jump Rope,1,12.29,Completed,PayPal
ORD102933,10/13/2023,CUST1356,Ahmad Tan,west,Electronics,Laptop Stand,2,125.41,Returned,Gift Card
ORD100834,7-Aug-24,CUST1628,John Chen,South ,Beauty,Moisturizer,3,,Completed,PayPal
ORD102764,3/11/2023,CUST1514,Rina Wijaya,South ,Beauty,Sunscreen SPF50,1,20.49,Completed,Gift Card
ORD100394,4/18/2024,CUST1744,Andi Sari,WEST,Beauty,Moisturizer,1,30.58,Completed,PayPal
ORD102639,3/3/2023,CUST1232,Michael Chen,east,Beauty,Shampoo,1,41.6,Completed,Credit Card
ORD100215,2/20/2024,CUST1282,Sarah Tan,Mid-West,TOYS,Board Game,2,21.2,Completed,Credit Card
ORD102773,4/1/2024,CUST1831,Sarah Hidayat,MIDWEST,Sports & Outdoors,Camping Tent,1,93.63,Completed,Debit Card
ORD101874,11/22/2023,CUST1077,Ayu Brown,east,Beauty,Moisturizer,2,42.63,Completed,Debit Card
ORD100281,24-Jun-23,CUST1163,Lisa Pratama,South,Sports & Outdoors,Hiking Backpack,2,86.72,Returned,PayPal
ORD102482,12/28/2024,CUST1672,Ahmad Smith,South,Electronics,Wireless Mouse,1,56.31,Completed,
ORD100685,5/24/2023,CUST1024,Ahmad Anderson,West,Beauty,Moisturizer,1,35.88,cancelled,Debit Card
ORD103158,5/11/2024,CUST1853,Robert Smith,South,Books,Self-Help Guide,2,15.91,Completed,Debit Card
ORD103850,10/19/2024,CUST1607,Fajar Kurniawan,east,Toys,Action Figure,1,47.45,Pending,Debit Card
ORD102237,3/31/2024,CUST1699,John Yusuf,East,toys,Building Blocks,2,43.67,Completed,Credit Card
ORD101094,16/06/2024,CUST1621,James Wijaya,midwest,Clothing,Hoodie,1,20.47,Completed,Credit Card
ORD102462,18/04/2024,CUST1074,John Sari,WEST,Electronics,Wireless Mouse,2,66.39,Completed,PayPal
ORD103433,7/3/2024,CUST1456,Kevin Nugroho, West,books,Children's Book,1,10.54,Completed,Gift Card
ORD103742,5/19/2024,CUST1589,Siti Nugroho,West,books,Business Strategy Book,1,25.83,Completed,Gift Card
ORD102985,23-Nov-23,CUST1543,Ayu Wilson,South ,Toys,RC Car,2,40.57,completed,Credit Card
ORD102889,9/1/2024,CUST1747,Dewi Yusuf,EAST,toys,Board Game,1,20.06,Completed,Gift Card
ORD100526,4/22/2023,CUST1600,Maria Wijaya,South,Home & Kitchen,LED Desk Lamp,2,116.06,Completed,
ORD103278,27-Aug-23,CUST1871,Andi Smith,South ,beauty,Lip Balm,1,31.86,Returned,PayPal
ORD100208,5/18/2023,CUST1779,Andi Yusuf,East ,TOYS,Action Figure,1,34.35,Completed,PayPal
ORD101217,22-Dec-24,CUST1067,Nina Halim, West,sports & outdoors,Hiking Backpack,1,51.21,Completed,Credit Card
ORD100062,1/25/2024,CUST1730,Linda Kurniawan,midwest,Electronic,Bluetooth Speaker,4,135.19,Completed,PayPal
ORD101941,11/9/2023,CUST1287,John Pratama,midwest, Clothing ,Denim Jeans,1,35.48,Completed,PayPal
ORD103868,6-Jul-23,CUST1160,James Nugroho,EAST,Clothing,Running Shorts,1,30.04,Completed,Gift Card
ORD101332,17-Nov-24,CUST1187,Dewi Anderson,south,Clothing,Baseball Cap,5,75.57,Completed,Credit Card
ORD100024,27/03/2024,CUST1586,Putri Smith,West,Beauty,Moisturizer,1,9.63,Completed,PayPal
ORD101916,7/20/2023,CUST1255,Budi Kurniawan,MIDWEST,ELECTRONICS,Laptop Stand,2,115.73,Cancelled,Credit Card
ORD100467,5/8/2023,CUST1615,Putri Anderson,West, Home & Kitchen ,Cutting Board,1,116.55,Completed,PayPal
ORD100391,10/1/2024,CUST1048,Andi Kurniawan,south,Home & Kitchen,Storage Containers,1,61.57,Completed,Credit Card
ORD100664,2/12/2023,CUST1603,Sarah Anderson,midwest,Sports & Outdoors,Resistance Bands,1,89.64,Completed,Debit Card
ORD102563,7/12/2023,CUST1777,Ayu Chen,West,Electronics,Laptop Stand,1,18.41,Completed,
ORD102632,10/22/2024,CUST1330,Putri Johnson,SOUTH,Clothing,Wool Socks,4,47.65,Completed,Credit Card
ORD103138,14-May-24,CUST1345,Michael Santos,south,Toys,Board Game,1,10.62,Completed,Gift Card
ORD101126,1/8/2023,CUST1499,David Santos,midwest,Toys,RC Car,3,38.49,Completed,Credit Card
ORD102885,10/16/2024,CUST1176,David Hidayat,Mid-West,Toys,Puzzle 1000pc,1,39.97,Completed,Debit Card
ORD101581,8/4/2023,CUST1072,Nina Salim,south,Books,Cookbook,1,19.1,Completed,PayPal
ORD102490,12/16/2024,CUST1607,Fajar Kurniawan,South ,Beauty,Lip Balm,2,39.99,Pending,PayPal
ORD103576,7-Nov-23,CUST1001,David Garcia,MIDWEST,Beauty,Moisturizer,2,15.41,Completed,Debit Card
ORD103214,1/3/2024,CUST1482,Sarah Johnson,midwest,Toys,RC Car,1,13.66,Returned,Credit Card
ORD100042,7/11/2024,CUST1158,Nina Nugroho,East,HOME & KITCHEN,Non-Stick Pan,1,93.85,Completed,Credit Card
ORD103761,2/11/2024,CUST1613,Andi Garcia,south,books,Self-Help Guide,2,11.38,Completed,Debit Card
ORD102065,12/17/2023,CUST1875,Fajar Garcia,Midwest,Books,Fiction Novel,2,32.96,Returned,PayPal
ORD100980,8/1/2023,CUST1720,Rina Salim, West,Electronics,Webcam,1,133.34,Completed,Debit Card
ORD103421,11/5/2023,CUST1716,Budi Salim, West,Home & Kitchen,LED Desk Lamp,1,29.22,Completed,Credit Card
ORD103957,10/12/2024,CUST1549,James Nugroho,South ,Sports & Outdoors,Camping Tent,2,56.04,Returned,Debit Card
ORD100841,29-Dec-23,CUST1145,Linda Smith,east, Toys ,Puzzle 1000pc,2,13.57,completed,
ORD101839,2/15/2023,CUST1740,Dewi Hidayat,South,Clothing,Denim Jeans,3,48.06,Completed,
ORD103752,7/20/2023,CUST1814,Michael Taylor,west,Books,Cookbook,2,27.41,Completed,Gift Card
ORD101471,14/01/2023,CUST1050,Sarah Anderson,Midwest,Electronics,Bluetooth Speaker,2,30.09,Completed,Gift Card
ORD101654,10/9/2023,CUST1147,Sarah Wilson,west,Sports & Outdoors,Hiking Backpack,1,18.07,Returned,Gift Card
ORD100063,17-Mar-24,CUST1276,Rina Nugroho,east,electronics,Smartphone Case,1,25.49,completed,Gift Card
ORD102999,27-Aug-24,CUST1613,Andi Garcia,SOUTH,ELECTRONICS,Power Bank,1,63.09,Completed,Credit Card
ORD101969,8/22/2024,CUST1162,Siti Smith,East,Toys,Board Game,1,51.12,Completed,PayPal
ORD100869,4/7/2024,CUST1232,Michael Chen,EAST,home & kitchen,LED Desk Lamp,1,36.7,Completed,Debit Card
ORD100266,3/3/2023,CUST1679,Siti Halim,midwest,books,Fiction Novel,2,26.03,Completed,Debit Card
ORD101334,8/19/2024,CUST1321,Putri Garcia,Mid-West,Beauty,Shampoo,1,41.45,Returned,PayPal
ORD100286,4/27/2024,CUST1437,John Tan,EAST,Toys,Action Figure,1,25.9,Completed,Debit Card
ORD103222,9/7/2024,CUST1886,Robert Taylor,West,Clothing,Denim Jeans,1,24.31,Completed,Debit Card
ORD103385,5/5/2024,CUST1152,Dewi Yusuf,midwest,Sports & Outdoors,Camping Tent,1,65.49,completed,Gift Card
ORD100669,7/21/2024,CUST1786,Siti Brown, West,clothing,Hoodie,4,10.99,Completed,Debit Card
ORD103356,10/26/2023,CUST1799,Robert Hidayat,west,Clothing,Running Shorts,1,74.44,completed,Gift Card
ORD103310,,CUST1374,Nina Garcia, West,Clothing,Cotton T-Shirt,1,62.48,Completed,Credit Card
ORD103553,3/7/2024,CUST1232,Michael Chen,south,sports & outdoors,Jump Rope,1,83.99,Completed,Gift Card
ORD103864,2/20/2023,CUST1837,Dewi Johnson,east,beauty,Moisturizer,3,11.82,Completed,PayPal
ORD103270,4/5/2024,CUST1552,Andi Sari,SOUTH,Beauty,Face Mask Set,1,44.9,Completed,PayPal
ORD102682,3/8/2023,CUST1635,Sarah Yusuf,WEST,Beauty,Face Mask Set,3,32.6,Completed,Debit Card
ORD103036,1/28/2023,CUST1299,Lisa Chen,west,Books,Self-Help Guide,1,19.18,Completed,Debit Card
ORD101672,1/2/2024,CUST1433,Sarah Tan,South ,books,Cookbook,2,24.72,completed,Credit Card
ORD102748,9/2/2024,CUST1657,Lisa Brown,midwest,Sports & Outdoors,Resistance Bands,1,25.58,Completed,Debit Card
ORD100787,17/07/2024,CUST1296,James Sari, West,Clothing,Baseball Cap,4,19.99,Completed,PayPal
ORD100265,,CUST1023,Siti Wilson,west,Home & Kitchen,Non-Stick Pan,1,28.43,Completed,Debit Card
ORD103221,9/24/2023,CUST1197,Sarah Lee,Mid-West,Sports & Outdoors,Water Bottle,2,84.04,Completed,PayPal
ORD101823,9/10/2024,CUST1350,Linda Salim,South,Electronics,Power Bank,5,85.45,Cancelled,Credit Card
ORD102824,20-Nov-24,CUST1187,Dewi Anderson, West,Home & Kitchen,Non-Stick Pan,1,56.21,Cancelled,Debit Card
ORD102336,11/12/2023,CUST1083,Ahmad Taylor,EAST,Clothing,Winter Jacket,1,53.26,Completed,Credit Card
ORD102745,6/11/2023,CUST1451,Ahmad Garcia,East,Toys,Board Game,2,59.26,Completed,Gift Card
ORD103525,10/7/2024,CUST1087,Linda Tan,Midwest, Toys ,Action Figure,5,52.46,Returned,Gift Card
ORD102384,6/20/2024,CUST1248,Andi Pratama,South,TOYS,Building Blocks,1,31.74,Completed,Debit Card
ORD100775,1/8/2023,CUST1777,Ayu Chen,east,Sports & Outdoors,Jump Rope,2,30.4,Completed,Debit Card
ORD102332,3/17/2023,CUST1839,John Tan,midwest,Books,Self-Help Guide,1,28.98,Completed,Gift Card
ORD103240,9/25/2024,CUST1295,Robert Taylor,South ,beauty,Face Mask Set,1,44.94,Completed,Credit Card
ORD100948,13-Aug-24,CUST1382,David Hidayat,south,Books,Children's Book,1,18.65,Completed,Gift Card
ORD101855,12/9/2023,CUST1713,Dewi Taylor,East ,Books,Children's Book,2,28.53,Completed,Debit Card
ORD102668,5/22/2024,CUST1173,John Tan, West,Home & Kitchen,Throw Pillow,2,69.53,Completed,Debit Card
ORD100958,18-Jun-23,CUST1234,Nina Salim,East,Beauty,Lip Balm,2,36.34,Completed,Credit Card
ORD103090,1/14/2024,CUST1650,Dewi Lee,South,sports & outdoors,Yoga Mat,1,43.22,Cancelled,Gift Card
ORD102324,6/21/2024,CUST1461,Dewi Brown,EAST,Clothing,Wool Socks,2,60.34,Completed,Gift Card
ORD100556,2/7/2024,CUST1085,John Kurniawan,south,Home & Kitchen,LED Desk Lamp,3,55.13,Completed,Debit Card
ORD101880,5/6/2024,CUST1535,Maria Brown,MIDWEST,Toys,Action Figure,1,4999.99,Cancelled,Credit Card
ORD103275,5/1/2024,CUST1197,Sarah Lee,West,Toys,RC Car,3,21.69,Completed,PayPal
ORD102819,12/30/2024,CUST1804,Nina Wilson,East,Books,Cookbook,2,18.54,Completed,Gift Card
ORD101205,5/18/2023,CUST1710,Linda Chen,Mid-West,Beauty,Lip Balm,1,23.07,Completed,Credit Card
ORD102626,16-Nov-23,CUST1254,Nina Garcia,west,HOME & KITCHEN,Throw Pillow,2,19.94,Cancelled,Gift Card
ORD102287,3/25/2023,CUST1830,Sarah Anderson,South , books ,Cookbook,2,20.45,Completed,Gift Card
ORD102292,2/19/2023,CUST1095,Sarah Smith,East ,Clothing,Cotton T-Shirt,1,64.54,Cancelled,Credit Card
ORD101739,5/15/2023,CUST1101,Sarah Smith,west,Sports & Outdoors,Resistance Bands,1,86.76,Completed,Credit Card
ORD103284,1/6/2024,CUST1734,Ahmad Wilson,East,Books,Children's Book,1,29.89,Completed,Debit Card
ORD102379,1-Jun-23,CUST1801,John Brown, West,Clothing,Baseball Cap,1,24.33,Completed,Gift Card
ORD101093,3/3/2024,CUST1484,James Anderson,East ,Clothing,Running Shorts,1,16.29,Pending,Credit Card
ORD100473,11/15/2023,CUST1076,Kevin Santos,WEST,clothing,Denim Jeans,2,55.99,Completed,Credit Card
ORD102887,3/31/2023,CUST1846,Kevin Kurniawan,Mid-West,electronics,Power Bank,2,84.31,Cancelled,Debit Card
ORD102994,6/3/2024,CUST1262,Robert Garcia,South,Clothing,Hoodie,1,48.67,Pending,Credit Card
ORD100247,1/1/2023,CUST1839,John Tan,Mid-West,Home & Kitchen,Storage Containers,1,101.82,Completed,Gift Card
ORD102906,2/20/2023,CUST1432,Andi Smith,SOUTH,BOOKS,Children's Book,2,32.43,Pending,PayPal
ORD101913,8/24/2024,CUST1635,Sarah Yusuf,West, Clothing ,Denim Jeans,3,53.78,Completed,Credit Card
ORD102351,9-Feb-24,CUST1595,Lisa Brown,WEST,Sports & Outdoors,Water Bottle,1,31.31,Completed,Gift Card
ORD103040,1/27/2024,CUST1289,Dewi Brown,Midwest,Clothing,Running Shorts,1,36.78,Completed,PayPal
ORD101288,10/5/2023,CUST1826,Maria Halim,WEST,Electronic,Webcam,3,63.47,Completed,
ORD102013,9/24/2024,CUST1623,John Yusuf,West,TOYS,Board Game,,9.88,Completed,Credit Card
ORD102831,7/27/2024,CUST1211,Sarah Santos,East ,Home & Kitchen,LED Desk Lamp,1,14.88,Completed,Credit Card
ORD101709,3/3/2023,CUST1337,Budi Smith,midwest,home & kitchen,Storage Containers,1,42.77,Completed,PayPal
ORD103445,3/5/2024,CUST1822,Ayu Wilson,south,Clothing,Running Shorts,2,60.13,Completed,Debit Card
ORD101591,4/5/2023,CUST1629,James Tan,West,Electronics,Power Bank,1,26.43,Completed,PayPal
ORD100549,18-Oct-24,CUST1122,Sarah Smith,East ,electronics,Bluetooth Speaker,3,90.31,Completed,PayPal
ORD102652,3/24/2024,CUST1680,Putri Halim,Midwest,Books,Self-Help Guide,1,29.87,Completed,Debit Card
ORD101595,5/16/2023,CUST1897,Linda Kurniawan,South ,Toys,Board Game,1,25.59,Cancelled,PayPal
ORD103132,9/15/2023,CUST1734,Ahmad Wilson,midwest,Clothing,Denim Jeans,1,47.5,Completed,Credit Card
ORD100469,8/5/2024,CUST1840,Maria Taylor,EAST,Beauty,Lip Balm,1,40.93,Completed,PayPal
ORD102738,1/7/2023,CUST1675,Putri Kurniawan, West,Toys,Building Blocks,1,31.73,Completed,Credit Card
ORD100282,5/15/2023,CUST1456,Kevin Nugroho,West,Home & Kitchen,LED Desk Lamp,1,110.24,Pending,Credit Card
ORD102580,1/14/2024,CUST1487,Andi Lee,Mid-West,Sports & Outdoors,Resistance Bands,2,97.36,Completed,Credit Card
ORD102254,2/10/2023,CUST1247,Andi Nugroho,SOUTH,Electronics,Wireless Earbuds,2,134.74,Completed,PayPal
ORD103174,4/1/2024,CUST1562,Robert Tan,West,Home & Kitchen,Storage Containers,1,64.25,Completed,PayPal
ORD101859,6/27/2024,CUST1216,Robert Anderson,East ,Books,Business Strategy Book,2,19.34,Pending,PayPal
ORD101487,21-Aug-23,CUST1687,Siti Sari,south,Toys,Action Figure,1,,Completed,Credit Card
ORD103877,25-Feb-24,CUST1121,David Nugroho,Mid-West,Sports & Outdoors,Resistance Bands,3,10.31,Cancelled,Debit Card
ORD102127,1/30/2024,CUST1848,Sarah Nugroho,south,Clothing,Wool Socks,4,74.98,Completed,Debit Card
ORD103266,2/8/2023,CUST1392,Nina Garcia,midwest,Sports & Outdoors,Jump Rope,2,23.55,Completed,Credit Card
ORD101492,12/24/2024,CUST1699,John Yusuf,South,Clothing,Denim Jeans,1,58.29,completed,Debit Card
ORD101381,7/20/2024,CUST1633,James Kurniawan,Midwest,books,Children's Book,1,27.25,Completed,PayPal
ORD103602,12/9/2023,CUST1888,Putri Tan,South,Home & Kitchen,Blender,5,27.47,Returned,Gift Card
ORD102935,18-Oct-24,CUST1487,Andi Lee,WEST, Beauty ,Moisturizer,3,23.36,Completed,PayPal
ORD103540,2/25/2024,CUST1170,Ayu Salim,East ,Home & Kitchen,Blender,1,58.24,Completed,PayPal
ORD102073,4/23/2024,CUST1605,Andi Sari,Midwest,Home & Kitchen,Storage Containers,2,66.54,Completed,PayPal
ORD103243,25/11/2023,CUST1158,Nina Nugroho,MIDWEST,electronics,Bluetooth Speaker,1,98.82,Completed,
ORD100628,10/2/2023,CUST1405,Rina Lee,WEST,Electronics,Laptop Stand,1,58.48,Cancelled,Debit Card
ORD103447,4/2/2023,CUST1301,Sarah Tan,West,Clothing,Winter Jacket,1,46.64,Completed,PayPal
ORD100774,5/29/2024,CUST1435,Dewi Lee,East ,Home & Kitchen,LED Desk Lamp,1,44.1,Completed,Gift Card
ORD101785,4/14/2024,CUST1077,Ayu Brown,West,Toys,RC Car,1,38.02,Completed,Debit Card
ORD103569,8/30/2023,CUST1691,Dewi Anderson,east,Electronics,Wireless Earbuds,1,37.58,Returned,PayPal
ORD101465,9/20/2023,CUST1619,Andi Smith,WEST,beauty,Face Mask Set,2,15.86,Completed,PayPal
ORD102883,10/3/2024,CUST1574,Ahmad Hidayat,east,Electronics,USB-C Cable,3,91.57,completed,Gift Card
ORD103262,5/4/2023,CUST1650,Dewi Lee,East,Electronics,Wireless Mouse,2,31.27,Completed,Credit Card
ORD103800,1/13/2024,CUST1079,Siti Sari,Midwest, Books ,Cookbook,1,23.92,Returned,Gift Card
ORD103691,7/24/2024,CUST1124,Siti Wijaya,WEST,Sports & Outdoors,Water Bottle,1,27.42,Completed,PayPal
ORD102723,7/2/2024,CUST1543,Ayu Wilson,south,Beauty,Shampoo,5,44.87,Completed,PayPal
ORD102142,10/20/2024,CUST1106,Lisa Kurniawan,East ,sports & outdoors,Hiking Backpack,1,64.69,Returned,
ORD100254,10/10/2024,CUST1322,Ahmad Wijaya,Mid-West,Books,Self-Help Guide,1,25.66,Completed,Debit Card
ORD100930,2/27/2023,CUST1118,Budi Anderson,west,toys,RC Car,1,15.5,Completed,Credit Card
ORD101033,7/8/2024,CUST1488,John Taylor,Mid-West,Electronics,Wireless Mouse,1,147.44,Completed,PayPal
ORD100806,4/25/2023,CUST1498,Michael Salim,East ,Home & Kitchen,Storage Containers,1,15.51,Completed,Gift Card
ORD100657,2/7/2024,CUST1103,Ahmad Salim,South ,Home & Kitchen,Non-Stick Pan,1,116.4,Completed,Debit Card
ORD102841,8/14/2023,CUST1682,Ayu Hidayat,west,Home & Kitchen,Blender,1,48.58,Completed,Debit Card
ORD101456,5/11/2023,CUST1436,Lisa Garcia,East,SPORTS & OUTDOORS,Yoga Mat,5,32.8,Completed,PayPal
ORD102904,8/9/2023,CUST1344,Ahmad Salim,South,electronics,Smartphone Case,1,141.27,Completed,Gift Card
ORD100211,4/2/2024,CUST1407,Rina Smith,east,beauty,Shampoo,1,41.99,Completed,PayPal
ORD102276,11/6/2024,CUST1562,Robert Tan,West,Electronics,Laptop Stand,3,,Completed,Gift Card
ORD101464,5/3/2024,CUST1831,Sarah Hidayat,EAST,Clothing,Hoodie,1,76.46,Cancelled,Gift Card
ORD103927,4/19/2024,CUST1755,Budi Sari, West,Home & Kitchen,Storage Containers,5,37.43,completed,Debit Card
ORD103867,7/8/2024,CUST1596,Ayu Garcia,south,Sports & Outdoors,Jump Rope,2,97.16,Cancelled,
ORD100962,11/7/2023,CUST1807,Lisa Wilson,Midwest,Electronics,Bluetooth Speaker,1,128.11,cancelled,PayPal
ORD100362,14-Jan-24,CUST1682,Ayu Hidayat, West,Home & Kitchen,Cutting Board,2,86.91,Completed,Credit Card
ORD102712,5/6/2023,CUST1248,Andi Pratama,East ,Books,Cookbook,2,18.23,completed,Debit Card
ORD101406,14/08/2024,CUST1349,John Halim,East,TOYS,Board Game,1,,Completed,Gift Card
ORD102454,9/25/2024,CUST1634,James Sari,Mid-West,Books,Self-Help Guide,1,25.62,Pending,Gift Card
ORD100240,2/6/2024,CUST1863,David Pratama,EAST,Toys,Puzzle 1000pc,5,30.04,Completed,Gift Card
ORD102531,9/25/2024,CUST1099,Sarah Santos,EAST,Home & Kitchen,Blender,1,96.15,Cancelled,Gift Card
ORD102272,7/15/2024,CUST1594,James Chen,EAST,Electronics,Wireless Earbuds,1,54.53,Completed,Gift Card
ORD103939,9/3/2023,CUST1247,Andi Nugroho,SOUTH,Home & Kitchen,Throw Pillow,5,56.16,Completed,Gift Card
ORD102337,1/3/2023,CUST1076,Kevin Santos,East,home & kitchen,Storage Containers,1,88.3,Cancelled,Gift Card
ORD100001,14/11/2023,CUST1206,Siti Wilson,EAST,Electronics,USB-C Cable,1,143.35,Completed,Gift Card
ORD103136,3/4/2024,CUST1061,Robert Chen,,Home & Kitchen,Blender,4,93.5,Completed,PayPal
ORD102166,29-May-23,CUST1264,Siti Halim,WEST,home & kitchen,Throw Pillow,1,15.22,Pending,Credit Card
ORD101377,2/25/2024,CUST1198,Putri Anderson,Midwest,Toys,Action Figure,2,56.13,completed,Debit Card
ORD101988,14-Oct-23,CUST1683,Putri Lee,East ,Sports & Outdoors,Yoga Mat,2,37.9,Completed,Debit Card
ORD101710,3/2/2023,CUST1857,John Kurniawan, West,books,Fiction Novel,1,32,Completed,Gift Card
ORD103428,5/31/2024,CUST1263,John Santos,SOUTH,Home & Kitchen,Cutting Board,2,116.26,Cancelled,
ORD101048,4/23/2024,CUST1140,Maria Wijaya,east,clothing,Running Shorts,1,50.29,Completed,Credit Card
ORD101857,8/5/2023,CUST1104,Sarah Tan,East ,Electronics,Webcam,1,68.92,Completed,Debit Card
ORD103194,3/22/2023,CUST1468,Michael Tan,south,Clothing,Baseball Cap,1,28.22,Completed,PayPal
ORD102221,5/22/2024,CUST1318,David Smith, West,Books,Cookbook,2,16.41,Completed,PayPal
ORD103315,12/20/2024,CUST1714,Ayu Nugroho,South, Toys ,RC Car,1,23.45,Completed,Debit Card
ORD103960,19/02/2024,CUST1350,Linda Salim,South , Home & Kitchen ,Coffee Maker,1,116.23,Completed,Gift Card
ORD102190,4/17/2023,CUST1460,Rina Sari,EAST,Sports & Outdoors,Jump Rope,1,76.02,Completed,Gift Card
ORD102310,2/16/2023,CUST1896,Andi Taylor,WEST,Toys,Board Game,1,38.37,Completed,Credit Card
ORD103393,10/2/2024,CUST1623,John Yusuf,East ,electronics,USB-C Cable,2,105.66,Completed,Debit Card
ORD101400,25-Apr-23,CUST1268,Sarah Lee,East,Home & Kitchen,Coffee Maker,1,40.64,Completed,
ORD102382,11/5/2023,CUST1424,Linda Garcia,Midwest,books,Fiction Novel,1,33.47,Pending,Credit Card
ORD101274,13-Dec-24,CUST1130,Maria Johnson,EAST,electronics,USB-C Cable,2,81.8,Completed,PayPal
ORD100383,7/26/2023,CUST1098,Sarah Yusuf,South ,Toys,Building Blocks,2,40.81,Completed,Gift Card
ORD103422,31/01/2023,CUST1780,Lisa Wijaya,Mid-West,Sports & Outdoors,Yoga Mat,2,21.2,Completed,Debit Card
ORD101811,11/9/2023,CUST1334,Fajar Santos,EAST,Sports & Outdoors,Jump Rope,1,14.75,Completed,Debit Card
ORD100081,16-Jul-24,CUST1295,Robert Taylor,South ,Clothing,Baseball Cap,1,24.8,Completed,Credit Card
ORD101516,4/29/2024,CUST1739,Fajar Wilson,SOUTH,Sports & Outdoors,Water Bottle,1,38.13,Completed,
ORD102877,1/24/2023,CUST1308,Robert Yusuf, West,Electronics,Smartphone Case,1,141.75,Completed,Credit Card
ORD101744,1-Jan-23,CUST1460,Rina Sari,west,Books,Business Strategy Book,1,32.26,Completed,Debit Card
ORD102789,7/22/2023,CUST1342,Putri Anderson, West,Clothing,Cotton T-Shirt,1,68.9,Completed,Debit Card
ORD102826,3/18/2024,CUST1210,Nina Garcia,midwest,Toys,Puzzle 1000pc,,59.92,Completed,Gift Card
ORD100681,5/13/2023,CUST1385,Michael Lee,WEST,Sports & Outdoors,Hiking Backpack,1,14.69,Completed,Debit Card
ORD102956,3/30/2024,CUST1572,Maria Yusuf,east,Toys,Puzzle 1000pc,1,15.07,Completed,Gift Card
ORD100434,29/12/2024,CUST1873,Ayu Anderson,WEST,Toys,Board Game,1,48.73,completed,Gift Card
ORD102178,3-Jul-24,CUST1691,Dewi Anderson,South,Clothing,Baseball Cap,1,47.45,Completed,PayPal
ORD101440,19-Apr-24,CUST1526,Robert Brown,west,Beauty,Lip Balm,3,33.66,Completed,Credit Card
ORD102004,7/27/2024,CUST1076,Kevin Santos,EAST,Sports & Outdoors,Yoga Mat,2,31.32,completed,Gift Card
ORD103918,13-May-24,CUST1517,Siti Nugroho,South,Home & Kitchen,Non-Stick Pan,1,44.12,Completed,Gift Card
ORD102297,9/2/2023,CUST1708,Ayu Smith,EAST,Books,Children's Book,1,33.55,Completed,PayPal
ORD103200,5/7/2024,CUST1711,Maria Smith,East ,Electronics,USB-C Cable,2,,Completed,PayPal
ORD101743,11/24/2024,CUST1385,Michael Lee,Mid-West,clothing,Denim Jeans,2,40.05,Completed,Gift Card
ORD103053,31-Jan-23,CUST1150,Ayu Wijaya,East ,Clothing,Denim Jeans,1,76.02,Completed,PayPal
ORD103468,3/6/2023,CUST1159,Michael Smith,South,Beauty,Sunscreen SPF50,1,40.33,returned,Credit Card
ORD100129,4/10/2023,CUST1843,Siti Hidayat,south,Beauty,Sunscreen SPF50,4,7.44,Completed,PayPal
ORD103218,10/28/2023,CUST1474,Kevin Sari,East,Beauty,Sunscreen SPF50,999,9.1,Completed,Gift Card
ORD102502,24-Mar-24,CUST1691,Dewi Anderson, West,Home & Kitchen,Blender,2,15.55,Completed,PayPal
ORD101796,21-Nov-24,CUST1524,Robert Smith,west,Toys,Building Blocks,4,48.25,Completed,Credit Card
ORD100838,5/1/2023,CUST1219,Linda Yusuf,Mid-West,Sports & Outdoors,Hiking Backpack,2,60.55,Completed,Debit Card
ORD103361,6/18/2024,CUST1201,Linda Johnson,west,TOYS,RC Car,1,39.5,Completed,Debit Card
ORD102442,8/8/2023,CUST1517,Siti Nugroho,South,Books,Business Strategy Book,4,31.61,Returned,PayPal
ORD100970,7/14/2023,CUST1685,Budi Kurniawan,WEST,Beauty,Shampoo,1,40.78,Completed,Debit Card
ORD100458,28-Apr-23,CUST1540,Dewi Yusuf,Midwest,Home & Kitchen,Cutting Board,1,110.35,Pending,PayPal
ORD100285,8/15/2024,CUST1676,Lisa Wijaya, West,beauty,Sunscreen SPF50,1,30.73,Completed,Credit Card
ORD101900,18/12/2023,CUST1153,Fajar Salim,MIDWEST,Clothing,Wool Socks,1,27.4,Completed,Debit Card
ORD103656,28/02/2024,CUST1353,Andi Halim,SOUTH,books,Cookbook,1,32.02,Returned,Credit Card
ORD100430,4/30/2023,CUST1474,Kevin Sari,,Clothing,Running Shorts,2,59.52,Completed,PayPal
ORD100870,1/29/2024,CUST1172,Nina Lee,EAST,Electronics,Wireless Earbuds,1,15.96,Completed,Debit Card
ORD102480,2-Jan-23,CUST1891,Sarah Lee,Mid-West,electronics,Wireless Earbuds,1,146.14,Completed,Debit Card
ORD100147,31/12/2024,CUST1036,Ayu Johnson,WEST,Books,Business Strategy Book,1,15.01,Completed,Gift Card
ORD103283,11/14/2024,CUST1078,Rina Santos,East ,home & kitchen,LED Desk Lamp,5,55.25,Completed,PayPal
ORD103353,5/14/2024,CUST1287,John Pratama,Mid-West,beauty,Sunscreen SPF50,2,41.69,Completed,Debit Card
ORD100816,8/26/2024,CUST1332,Siti Johnson,west,Toys,Board Game,1,51.6,Completed,PayPal
ORD102169,12/9/2023,CUST1630,John Kurniawan,West,Sports & Outdoors,Jump Rope,1,66.33,Cancelled,Debit Card
ORD100908,4/1/2023,CUST1763,Fajar Yusuf,East,Electronics,Smartphone Case,1,20.92,Completed,PayPal
ORD102180,9/29/2024,CUST1426,Ahmad Johnson,MIDWEST,Electronics,Laptop Stand,1,19.48,Cancelled,Debit Card
ORD100035,6/13/2023,CUST1063,David Anderson,SOUTH,Beauty,Moisturizer,3,33.38,completed,Debit Card
ORD102035,5/6/2023,CUST1601,Nina Taylor,EAST,Home & Kitchen,LED Desk Lamp,4,30.54,Completed,Debit Card
ORD103191,1/15/2023,CUST1414,Ayu Chen,South,Sports & Outdoors,Water Bottle,1,87.11,Completed,Debit Card
ORD103324,11-Apr-24,CUST1650,Dewi Lee,MIDWEST, Beauty ,Sunscreen SPF50,3,40.83,Completed,Credit Card
ORD101101,2/21/2023,CUST1596,Ayu Garcia,south,Sports & Outdoors,Jump Rope,2,71.17,Completed,PayPal
ORD102905,9/2/2024,CUST1864,John Anderson,South,books,Business Strategy Book,1,27.47,Completed,Credit Card
ORD102840,6/26/2023,CUST1138,Fajar Anderson,EAST,beauty,Sunscreen SPF50,3,9.7,Completed,Debit Card
ORD102343,25/07/2023,CUST1772,Ahmad Hidayat,,Electronics,Wireless Earbuds,500,52.43,Returned,Gift Card
ORD100041,1/4/2023,CUST1182,Dewi Tan,west,Books,Children's Book,,27.92,Completed,Debit Card
ORD100569,7/3/2024,CUST1383,,south,Home & Kitchen,Blender,1,82.13,Completed,Credit Card
ORD101132,5/7/2024,CUST1426,Ahmad Johnson,,Electronics,Laptop Stand,4,84.76,Completed,Debit Card
ORD100378,5/20/2024,CUST1570,Siti Wijaya,EAST,Beauty,Moisturizer,2,32.73,completed,Debit Card
ORD101375,8/27/2024,CUST1642,Putri Salim,South ,sports & outdoors,Water Bottle,2,93.26,Pending,Debit Card
ORD102407,12/26/2023,CUST1089,Dewi Pratama,South ,Clothing,Running Shorts,4,66.06,Completed,Credit Card
ORD102289,19/05/2023,CUST1199,Dewi Chen,midwest,home & kitchen,Storage Containers,1,90.55,completed,Debit Card
ORD102788,8/24/2024,CUST1354,Fajar Tan,East ,Electronics,Laptop Stand,2,110.97,Cancelled,Gift Card
ORD100812,2/26/2023,CUST1576,,East ,Sports & Outdoors,Camping Tent,1,45.8,Pending,Debit Card
ORD100807,10/8/2024,CUST1772,Ahmad Hidayat,Mid-West,Sports & Outdoors,Hiking Backpack,1,47.59,Completed,Gift Card
ORD101003,6/7/2023,CUST1321,Putri Garcia,South ,Electronics,Webcam,1,98.39,Completed,Credit Card
ORD101725,10/24/2023,CUST1606,Lisa Halim,East , Clothing ,Baseball Cap,2,71.35,completed,Debit Card
ORD101201,5/24/2024,CUST1758,John Tan,South , Toys ,Action Figure,1,34.17,Completed,Debit Card
ORD103376,11/8/2023,CUST1029,Nina Smith,Midwest,TOYS,RC Car,3,47.24,Completed,Gift Card
ORD101660,1/1/2024,CUST1145,Linda Smith,MIDWEST,Clothing,Wool Socks,1,1234.56,completed,Debit Card
ORD100408,12/1/2024,CUST1439,Maria Johnson,West,books,Self-Help Guide,2,21.71,Completed,Credit Card
ORD103396,31-Aug-23,CUST1422,Budi Pratama,Midwest,Sports & Outdoors,Hiking Backpack,1,82.86,completed,Credit Card
ORD101852,5/13/2024,CUST1236,Michael Wilson,midwest,Electronics,Wireless Earbuds,2,146.05,Completed,PayPal
ORD101266,9/4/2023,CUST1319,Rina Santos,east,Clothing,Running Shorts,1,72.35,Completed,PayPal
ORD100407,1/24/2023,CUST1186,Andi Anderson,West,Sports & Outdoors,Camping Tent,3,63.72,Returned,PayPal
ORD102040,11/14/2024,CUST1321,Putri Garcia,SOUTH,BOOKS,Business Strategy Book,1,27.68,Completed,Gift Card
ORD102667,3/18/2024,CUST1321,Putri Garcia,MIDWEST,toys,Board Game,1,42.61,Completed,Debit Card
ORD102992,4/20/2024,CUST1240,Linda Chen,east,Sports & Outdoors,Camping Tent,1,12.2,Completed,Debit Card
ORD102599,1/2/2023,CUST1394,Nina Santos,midwest,CLOTHING,Cotton T-Shirt,2,45.14,Completed,PayPal
ORD103710,26-Feb-24,CUST1862,Ahmad Santos,west,Home & Kitchen,LED Desk Lamp,1,49.07,Completed,Credit Card
ORD100581,4/4/2024,CUST1777,Ayu Chen,MIDWEST,TOYS,Action Figure,4,21.87,Completed,Credit Card
ORD101188,7/9/2024,CUST1593,Sarah Taylor,SOUTH,Toys,Puzzle 1000pc,1,56.38,Completed,Credit Card
ORD103520,10/11/2024,CUST1523,Michael Chen,EAST,Clothing,Running Shorts,1,44,Completed,Gift Card
ORD102025,6/11/2023,CUST1754,Kevin Salim,midwest,Home & Kitchen,Cutting Board,4,70.03,Completed,PayPal
ORD102018,22/07/2023,CUST1769,Nina Tan,,Home & Kitchen,Blender,1,24.14,Completed,Debit Card
ORD101291,6/11/2023,CUST1666,,west,Books,Business Strategy Book,1,14.54,Returned,Credit Card
ORD102329,6/17/2024,CUST1258,Ayu Smith,WEST,Beauty,Face Mask Set,4,41.69,Completed,Debit Card
ORD100104,4/21/2024,CUST1823,John Johnson,South, Books ,Fiction Novel,1,20.21,Cancelled,Debit Card
ORD100900,1/21/2023,CUST1451,Ahmad Garcia, West,Books,Business Strategy Book,1,28.69,Pending,Debit Card
ORD101827,9/4/2023,CUST1434,Fajar Pratama,,Books,Cookbook,1,26.84,Completed,PayPal
ORD102672,7/1/2023,CUST1394,Nina Santos,SOUTH,Home & Kitchen,Blender,2,102.73,Completed,Debit Card
ORD100729,2/26/2024,CUST1418,Fajar Halim,MIDWEST,Electronics,Laptop Stand,1,63.76,Completed,Gift Card
ORD103534,8/29/2023,CUST1726,John Tan,EAST,Books,Self-Help Guide,2,30.8,Completed,Credit Card
ORD101455,8/1/2024,CUST1428,Andi Chen,MIDWEST, electronics ,Smartphone Case,2,134.43,Completed,Gift Card
ORD103994,1/17/2024,CUST1058,John Johnson,West,ELECTRONICS,USB-C Cable,1,30.13,Cancelled,Gift Card
ORD102281,3/16/2024,CUST1412,Siti Anderson,Mid-West,Home & Kitchen,Cutting Board,1,22.47,completed,Credit Card
ORD103551,6/8/2024,CUST1215,Putri Salim,South ,Clothing,Winter Jacket,1,30.61,Completed,Debit Card
ORD102547,9/10/2024,CUST1239,Dewi Wilson,Midwest,Beauty,Moisturizer,1,22.85,Completed,Gift Card
ORD102558,8/8/2024,CUST1535,Maria Brown,East ,Clothing,Hoodie,1,37.02,Cancelled,PayPal
ORD100221,7/8/2024,CUST1109,Rina Halim,South,Electronics,Bluetooth Speaker,1,128.99,Returned,
ORD101758,2-Dec-24,CUST1628,John Chen,WEST,sports & outdoors,Hiking Backpack,1,78.89,Cancelled,PayPal
ORD101444,1/3/2024,CUST1204,Dewi Garcia,West, Beauty ,Lip Balm,1,13.03,Returned,Credit Card
ORD100176,1/14/2023,CUST1584,John Garcia,Mid-West,BEAUTY,Lip Balm,1,38.92,Completed,Credit Card
ORD102159,21/12/2024,CUST1295,Robert Taylor,west, books ,Children's Book,3,19.45,Completed,PayPal
ORD100572,9-Jun-23,CUST1134,Dewi Anderson,east,Electronics,Bluetooth Speaker,1,130.98,Completed,Credit Card
ORD100640,9/10/2024,CUST1392,Nina Garcia,MIDWEST,SPORTS & OUTDOORS,Water Bottle,2,49.92,Completed,Gift Card
ORD100146,11/7/2024,CUST1153,Fajar Salim,East ,Books,Cookbook,2,30.09,Completed,PayPal
ORD102042,10/15/2023,CUST1512,Rina Wilson,West,Books,Fiction Novel,2,33.05,Completed,Gift Card
ORD102133,11/30/2024,CUST1745,Ahmad Halim,east,Clothing,Denim Jeans,1,,Completed,Debit Card
ORD102972,7/2/2024,CUST1473,Maria Pratama,WEST,Sports & Outdoors,Hiking Backpack,3,64.06,Completed,Debit Card
ORD100712,4/4/2024,CUST1078,Rina Santos,south,Home & Kitchen,LED Desk Lamp,1,28.93,Completed,PayPal
ORD102637,9/30/2023,CUST1395,Lisa Kurniawan,South,Home & Kitchen,Coffee Maker,1,33,Completed,Debit Card
ORD102012,11/10/2024,CUST1137,Budi Wijaya,EAST,Sports & Outdoors,Camping Tent,2,71.49,completed,Credit Card
ORD100773,5/12/2023,CUST1883,,WEST,SPORTS & OUTDOORS,Yoga Mat,1,62.6,Completed,Gift Card
ORD101369,11/20/2024,CUST1205,David Johnson,West,Clothing,Wool Socks,1,14.07,Completed,PayPal
ORD100479,8/20/2024,CUST1319,Rina Santos,MIDWEST,books,Children's Book,1,13.97,Cancelled,PayPal
ORD103591,17-Aug-23,CUST1771,Putri Salim,WEST,Toys,Action Figure,1,27.46,cancelled,PayPal
ORD103291,4/17/2023,CUST1412,Siti Anderson,EAST,Clothing,Hoodie,1,32.34,Completed,Debit Card
ORD101166,4/13/2023,CUST1039,Robert Tan,south,CLOTHING,Cotton T-Shirt,1,53.14,Completed,Debit Card
ORD102149,6/9/2023,CUST1019,Siti Sari,Mid-West,Beauty,Lip Balm,1,13.35,Completed,Debit Card
ORD103097,1/24/2024,CUST1392,Nina Garcia,East ,electronics,Webcam,1,147.37,Completed,Credit Card
ORD102742,20-Mar-24,CUST1026,Putri Yusuf,East ,Home & Kitchen,LED Desk Lamp,1,107.68,completed,Debit Card
ORD103060,10/17/2024,CUST1591,Fajar Wilson,midwest,SPORTS & OUTDOORS,Jump Rope,2,74.58,Completed,Gift Card
ORD102823,9-Oct-24,CUST1578,Putri Salim,South,BEAUTY,Lip Balm,1,9.52,Completed,Credit Card
ORD101208,3/19/2023,CUST1418,Fajar Halim, West,TOYS,RC Car,4,11,Completed,Credit Card
ORD101210,1/6/2024,CUST1769,Nina Tan,MIDWEST,clothing,Winter Jacket,,37.87,Completed,Debit Card
ORD103492,5/3/2023,CUST1773,Andi Nugroho,South,Sports & Outdoors,Jump Rope,4,55.96,Completed,Credit Card
ORD101218,7/3/2024,CUST1246,Ayu Brown,east,Beauty,Sunscreen SPF50,2,39.22,Completed,Debit Card
ORD101161,5/8/2024,CUST1076,Kevin Santos,east,beauty,Shampoo,1,29.83,Returned,Gift Card
ORD102397,8/8/2023,CUST1667,Robert Halim,MIDWEST,SPORTS & OUTDOORS,Resistance Bands,1,29.75,Pending,PayPal
ORD101659,30/06/2024,CUST1548,Andi Tan,Mid-West,Sports & Outdoors,Yoga Mat,1,96.21,Completed,Credit Card
ORD102566,11/17/2023,CUST1014,Linda Halim,SOUTH,clothing,Cotton T-Shirt,1,19.27,Returned,Debit Card
ORD101861,6-Dec-24,CUST1274,Dewi Anderson,EAST,Books,Fiction Novel,2,32.02,Completed,Credit Card
ORD102595,22-Sep-24,CUST1172,Nina Lee,South ,Books,Business Strategy Book,1,32.61,Pending,Debit Card
ORD100802,8/1/2024,CUST1866,Dewi Lee,west,Toys,Action Figure,1,30.66,Completed,Gift Card
ORD101021,15-Jun-23,CUST1673,Ahmad Smith,Mid-West,Home & Kitchen,LED Desk Lamp,4,63.94,Returned,PayPal
ORD100644,8/28/2024,CUST1122,Sarah Smith,WEST,Electronics,Wireless Mouse,1,133.78,Completed,Credit Card
ORD103832,12/11/2023,CUST1036,Ayu Johnson,EAST,Clothing,Hoodie,1,16.19,completed,Debit Card
ORD102808,4/10/2024,CUST1676,Lisa Wijaya,MIDWEST,Toys,Action Figure,1,26.2,Completed,Debit Card
ORD100833,9/9/2024,CUST1487,Andi Lee,south,Sports & Outdoors,Camping Tent,1,60.65,Completed,
ORD102463,3/20/2024,CUST1544,Ayu Garcia, West,Books,Cookbook,2,20.6,Completed,PayPal
ORD102378,12/18/2023,CUST1120,,midwest,Cloths,Hoodie,1,39.37,Returned,PayPal
ORD103435,15/11/2023,CUST1425,Linda Anderson,south,Toys,Building Blocks,1,50.34,Completed,Gift Card
ORD102691,1/5/2023,CUST1364,David Brown,,Clothing,Baseball Cap,1,23.9,Returned,Credit Card
ORD102119,11/27/2024,CUST1507,,East,Books,Business Strategy Book,1,17.42,Completed,Gift Card
ORD100205,8/24/2023,CUST1741,Siti Wilson,South,beauty,Face Mask Set,2,44.71,Completed,PayPal
ORD100960,6/15/2023,CUST1519,Andi Santos,East,Clothing,Denim Jeans,3,46.23,Completed,PayPal
ORD103876,12/1/2023,CUST1746,Siti Garcia,Midwest,HOME & KITCHEN,Storage Containers,1,73.9,Completed,PayPal
ORD102264,3/24/2023,CUST1693,Lisa Santos,west,BEAUTY,Sunscreen SPF50,1,25.74,completed,
ORD102814,3/18/2024,CUST1191,Putri Yusuf,MIDWEST,Electronics,Bluetooth Speaker,1,98.77,Pending,PayPal
ORD100039,3/9/2024,CUST1836,Kevin Salim,East,ELECTRONICS,USB-C Cable,2,146.74,Completed,Credit Card
ORD101652,8/3/2024,CUST1341,Fajar Wijaya,east,Beauty,Moisturizer,1,7.26,Completed,Gift Card
ORD102662,1/30/2023,CUST1071,Kevin Lee,MIDWEST,HOME & KITCHEN,LED Desk Lamp,1,45.52,Completed,PayPal
ORD102859,8/22/2024,CUST1730,Linda Kurniawan,SOUTH,Home & Kitchen,Storage Containers,1,74.15,Completed,Credit Card
ORD102844,2/4/2023,CUST1422,Budi Pratama,MIDWEST,Home & Kitchen,LED Desk Lamp,1,38.48,Completed,PayPal
ORD101790,25-May-24,CUST1402,Rina Nugroho,midwest,books,Self-Help Guide,2,9.32,Completed,Debit Card
ORD100239,5/20/2024,CUST1008,Kevin Chen,West,Clothing,Cotton T-Shirt,2,77.07,Completed,Gift Card
ORD100050,1/15/2024,CUST1100,Ahmad Wijaya,midwest,Toys,Board Game,1,47.48,Completed,Credit Card
ORD103812,27-Jan-23,CUST1148,Siti Yusuf,South, Sports & Outdoors ,Yoga Mat,1,48.49,Completed,Gift Card
ORD101751,8/6/2024,CUST1764,Andi Yusuf,midwest,Clothing,Running Shorts,1,55.64,Completed,PayPal
ORD103481,1/25/2023,CUST1141,Fajar Taylor,South ,Beauty,Shampoo,2,6.84,Returned,PayPal
ORD101162,3/29/2023,CUST1170,Ayu Salim,East ,Books,Business Strategy Book,1,23.26,Completed,Credit Card
ORD100400,12/17/2024,CUST1883,Kevin Anderson,SOUTH,Books,Fiction Novel,4,31.66,Returned,Debit Card
ORD100013,11/5/2024,CUST1546,John Garcia,west,Electronic,Smartphone Case,1,72.72,Completed,Debit Card
ORD100940,1/15/2023,CUST1209,Andi Sari,south,Electronics,Wireless Earbuds,1,30.24,Completed,PayPal
ORD102150,3/28/2024,CUST1256,James Wijaya,Midwest,Sports & Outdoors,Camping Tent,1,17.49,Completed,Debit Card
ORD101469,17-Sep-24,CUST1121,David Nugroho,EAST,beauty,Lip Balm,2,26.8,Completed,Gift Card
ORD103604,5/3/2023,CUST1891,Sarah Lee,East,Electronics,Bluetooth Speaker,1,104.51,Completed,PayPal
ORD101808,9/10/2023,CUST1519,Andi Santos,East ,Sports & Outdoors,Jump Rope,1,97.15,completed,Credit Card
ORD101277,25-Apr-24,CUST1165,John Sari,South,Books,Fiction Novel,1,23.4,completed,Credit Card
ORD103413,10/29/2023,CUST1399,Rina Lee,EAST,Books,Fiction Novel,2,25.3,Completed,
ORD102680,8/7/2024,CUST1499,David Santos,East,Sports & Outdoors,Water Bottle,1,58.1,Cancelled,Gift Card
ORD102628,8/11/2023,CUST1818,Siti Salim,south,toys,Action Figure,2,,Completed,Gift Card
ORD101177,8/8/2023,CUST1270,Andi Salim,West,Clothing,Running Shorts,1,21.02,Completed,Gift Card
ORD100319,5/2/2024,CUST1171,James Anderson,SOUTH,Sports & Outdoors,Camping Tent,1,45.45,completed,PayPal
ORD101760,4/14/2024,CUST1119,Andi Kurniawan,Midwest,Toys,Action Figure,1,37.71,Completed,PayPal
ORD102938,7-Apr-23,CUST1480,Rina Lee,South,Clothing,Running Shorts,2,67.18,Completed,Debit Card
ORD101779,25-Apr-24,CUST1568,Budi Chen,South ,toys,Puzzle 1000pc,1,44.95,Completed,Credit Card
ORD103261,9/20/2024,CUST1545,Rina Yusuf,south,Home & Kitchen,Cutting Board,1,108.34,Completed,PayPal
ORD102892,8/1/2023,CUST1836,Kevin Salim,West,Sports & Outdoors,Jump Rope,2,20.34,Completed,Credit Card
ORD103086,9/28/2023,CUST1785,Maria Nugroho,midwest,Toys,Action Figure,1,52.39,completed,Debit Card
ORD100785,10/26/2023,CUST1353,Andi Halim,MIDWEST,ELECTRONICS,USB-C Cable,1,89.17,Completed,Gift Card
ORD101892,6/20/2024,CUST1889,James Sari,SOUTH,beauty,Lip Balm,3,36.06,Completed,Gift Card
ORD103745,8/9/2024,CUST1661,Ayu Halim,SOUTH,beauty,Face Mask Set,1,14.41,Completed,PayPal
ORD102218,22-Jul-23,CUST1887,Maria Wilson,East ,Electronics,Power Bank,2,75.91,Completed,PayPal
ORD102062,27-Sep-23,CUST1712,David Nugroho,South,Clothing,Running Shorts,5,12.16,completed,PayPal
ORD101729,8/16/2023,CUST1599,Siti Kurniawan,West,Toys,Building Blocks,1,15.98,Cancelled,Gift Card
ORD102157,9/3/2024,CUST1230,Budi Sari,Mid-West,Sports & Outdoors,Hiking Backpack,2,47.25,Completed,PayPal
ORD101141,26/05/2023,CUST1388,Rina Tan,EAST,Clothing,Baseball Cap,3,56.02,Completed,Gift Card
ORD100777,11/1/2023,CUST1365,David Chen,SOUTH,SPORTS & OUTDOORS,Yoga Mat,1,44.89,Completed,Credit Card
ORD101836,9/18/2023,CUST1082,Fajar Smith,West,home & kitchen,Throw Pillow,1,23.91,Completed,Credit Card
ORD100638,5/22/2024,CUST1094,Siti Garcia,Mid-West,Home & Kitchen,LED Desk Lamp,2,16.31,completed,Gift Card
ORD102361,9-Jul-23,CUST1298,Dewi Anderson, West,Home & Kitchen,Storage Containers,1,47.88,Completed,Credit Card
ORD103762,8/15/2024,CUST1232,Michael Chen,East,Books,Self-Help Guide,3,26.02,Completed,Gift Card
ORD103232,9/2/2023,CUST1625,Lisa Pratama,South, Electronics ,Power Bank,5,55.27,Completed,PayPal
ORD101662,4/8/2024,CUST1121,David Nugroho,,Home & Kitchen,Storage Containers,1,24.34,Completed,PayPal
ORD103934,2/25/2023,CUST1832,Rina Pratama,south,Electronics,Power Bank,2,90.02,Completed,PayPal
ORD101637,5/19/2023,CUST1843,Siti Hidayat,South ,Books,Children's Book,2,10.87,Cancelled,Debit Card
ORD100040,1/27/2024,CUST1184,Michael Kurniawan,SOUTH,Toys,Puzzle 1000pc,1,21.76,Completed,Gift Card
ORD100419,11/2/2024,CUST1275,Andi Johnson,Midwest,Books,Fiction Novel,1,14.52,Completed,Gift Card
ORD103337,10/31/2023,CUST1799,Robert Hidayat,south,Beauty,Lip Balm,1,12.66,Completed,PayPal
ORD103747,3/4/2024,CUST1332,Siti Johnson,WEST,Clothing,Cotton T-Shirt,1,39.71,Completed,Credit Card
ORD102752,2/8/2024,CUST1030,Sarah Lee,MIDWEST,Clothing,Wool Socks,1,78.65,Completed,Debit Card
ORD102928,11/11/2024,CUST1462,Michael Lee,West,CLOTHING,Winter Jacket,3,44.29,Returned,Credit Card
ORD102113,19-Jul-23,CUST1417,Andi Hidayat,South,Books,Business Strategy Book,1,12.24,Completed,PayPal
ORD102818,8/9/2023,CUST1660,Andi Salim,East ,Sports & Outdoors,Hiking Backpack,1,,Completed,Credit Card
ORD100832,7/6/2024,CUST1035,David Smith,South,BEAUTY,Shampoo,2,15.34,Completed,PayPal
ORD101216,9/18/2023,CUST1862,Ahmad Santos,WEST,Sports & Outdoors,Resistance Bands,2,20.72,Completed,Debit Card
ORD100440,9/30/2023,CUST1349,John Halim,West,Home & Kitchen,Storage Containers,5,113.3,Completed,Gift Card
ORD102701,10/5/2023,CUST1257,Sarah Taylor,EAST,Beauty,Sunscreen SPF50,4,25.1,Pending,Gift Card
ORD103281,11/27/2024,CUST1583,Andi Smith,south,beauty,Lip Balm,1,37.88,Cancelled,Debit Card
ORD103854,4/1/2023,CUST1396,David Wijaya,SOUTH,HOME & KITCHEN,Coffee Maker,1,114.34,Completed,Credit Card
ORD102769,5/7/2023,CUST1579,Kevin Tan,East ,Sports & Outdoors,Camping Tent,5,79.33,Completed,Debit Card
ORD102492,10/14/2023,CUST1454,Fajar Wijaya,South,Home & Kitchen,LED Desk Lamp,3,93.45,Completed,Credit Card
ORD100518,6/3/2024,CUST1093,Kevin Nugroho,west,Clothing,Winter Jacket,2,56.55,completed,Gift Card
ORD102811,25-Jul-24,CUST1235,Nina Halim, West,Books,Self-Help Guide,2,25.55,Completed,Credit Card
ORD102184,7/12/2024,CUST1300,Sarah Taylor,South ,Clothing,Baseball Cap,1,39.53,Completed,Gift Card
ORD102730,10/31/2024,CUST1368,Budi Smith,South ,sports & outdoors,Yoga Mat,1,71.77,Completed,PayPal
ORD102552,11/15/2023,CUST1512,Rina Wilson, West,BEAUTY,Face Mask Set,2,30.34,Completed,Debit Card
ORD103190,4/7/2024,CUST1331,Ayu Chen,SOUTH,home & kitchen,Throw Pillow,2,32.03,Returned,PayPal
ORD102526,7/11/2024,CUST1382,David Hidayat, West,Books,Fiction Novel,1,15.67,Completed,Credit Card
ORD102880,11/18/2024,CUST1849,Putri Santos,south,Beauty,Lip Balm,1,9.5,Completed,Credit Card
ORD101182,30/07/2024,CUST1862,Ahmad Santos, West,clothing,Baseball Cap,1,41.4,Completed,
ORD100048,2-Aug-23,CUST1823,John Johnson, West,Toys,Action Figure,2,53.75,Cancelled,Debit Card
ORD103173,1/14/2024,CUST1589,Siti Nugroho,East ,home & kitchen,Blender,2,32.09,Completed,Credit Card
ORD100090,12/17/2024,CUST1664,Dewi Nugroho,SOUTH, Clothing ,Cotton T-Shirt,1,34.42,Completed,Gift Card
ORD103070,12/23/2024,CUST1572,Maria Yusuf,South,Home & Kitchen,Non-Stick Pan,2,16.53,Completed,PayPal
ORD102229,10/20/2024,CUST1236,Michael Wilson,East ,Electronics,Bluetooth Speaker,1,111.43,Pending,PayPal
ORD101302,5/4/2023,CUST1470,Robert Salim,South ,Electronic,Smartphone Case,2,35.79,Completed,PayPal
ORD103544,1/27/2024,CUST1463,Linda Brown,south, Beauty ,Moisturizer,2,42.8,Completed,PayPal
ORD100141,1-Jul-23,CUST1031,Robert Tan,South ,Clothing,Hoodie,3,70.35,Pending,Gift Card
ORD102967,11/26/2023,CUST1582,Michael Lee,MIDWEST,Books,Children's Book,1,29.14,Completed,Gift Card
ORD100594,23/04/2023,CUST1732,Sarah Salim,south,Toys,Building Blocks,1,31.65,Completed,Debit Card
ORD100667,12/31/2024,CUST1514,Rina Wijaya,West,Beauty,Sunscreen SPF50,1,43.7,Completed,PayPal
ORD102211,12-Jan-23,CUST1728,Siti Santos,South,Beauty,Moisturizer,,12.11,Cancelled,PayPal
ORD103401,9/13/2023,CUST1091,Nina Wilson,East,Toys,Building Blocks,1,14.66,completed,Credit Card
ORD102445,29/09/2024,CUST1236,Michael Wilson,Mid-West,home & kitchen,LED Desk Lamp,3,65.52,Completed,PayPal
ORD101323,3/16/2023,CUST1299,Lisa Chen,MIDWEST,Beauty,Shampoo,5,24.42,Completed,Debit Card
ORD101993,12/16/2023,CUST1460,Rina Sari,Mid-West,Home & Kitchen,Blender,1,106.78,Completed,Gift Card
ORD100186,1/25/2023,CUST1793,Putri Hidayat,east,sports & outdoors,Jump Rope,2,37.86,Completed,Debit Card
ORD103341,9/20/2023,CUST1294,James Yusuf,west,Beauty,Lip Balm,3,23.67,Completed,Debit Card
ORD102158,2/22/2023,CUST1848,Sarah Nugroho,East ,Books,Fiction Novel,1,18.5,Completed,Gift Card
ORD100121,,CUST1538,Dewi Kurniawan,EAST,Toys,RC Car,1,24.15,Returned,Gift Card
ORD103456,10/26/2023,CUST1221,Siti Chen,East ,Beauty,Lip Balm,1,21.11,Completed,Debit Card
ORD100742,6/19/2024,CUST1303,James Wilson,MIDWEST,Electronics,Webcam,2,135.48,Completed,Debit Card
ORD100161,16/02/2023,CUST1693,Lisa Santos,East,Home & Kitchen,Cutting Board,2,13.06,Completed,PayPal
ORD100300,12/7/2023,CUST1606,Lisa Halim,MIDWEST,Beauty,Lip Balm,1,31.19,Completed,Credit Card
ORD103028,7/20/2023,CUST1180,Rina Tan,south,Beauty,Face Mask Set,2,17.79,Completed,Gift Card
ORD100939,31/10/2024,CUST1759,Budi Johnson,Mid-West,Home & Kitchen,Coffee Maker,1,47.31,Completed,Credit Card
ORD100015,6/11/2023,CUST1415,Sarah Salim,East,Home & Kitchen,Cutting Board,4,106.12,Completed,Gift Card
ORD102275,10/6/2023,CUST1292,Budi Halim,south,Home & Kitchen,Throw Pillow,1,72.55,Completed,Debit Card
ORD100800,23-Jan-24,CUST1352,Lisa Taylor,MIDWEST,Beauty,Shampoo,2,23.18,Cancelled,
ORD102698,6/11/2023,CUST1649,Rina Wilson,East,Beauty,Shampoo,1,13.18,Completed,Gift Card
ORD100079,11/19/2023,CUST1170,Ayu Salim,west,Sports & Outdoors,Resistance Bands,2,11.37,Cancelled,Credit Card
ORD102081,15/09/2024,CUST1590,Putri Tan,East ,Clothing,Baseball Cap,2,69.17,Completed,Credit Card
ORD103257,5/8/2024,CUST1543,Ayu Wilson,EAST, Clothing ,Baseball Cap,1,11.65,Completed,PayPal
ORD101376,12/3/2024,CUST1566,Sarah Chen,SOUTH,Toys,Action Figure,1,53.72,Completed,Debit Card
ORD101031,10/11/2023,CUST1217,Michael Santos,West,Books,Fiction Novel,2,26.07,Completed,Credit Card
ORD103180,2/24/2023,CUST1443,Andi Hidayat,east,sports & outdoors,Water Bottle,1,28.01,Completed,Debit Card
ORD102312,11/26/2024,CUST1474,Kevin Sari,south,Books,Business Strategy Book,2,25.47,Completed,Gift Card
ORD100168,2/6/2023,CUST1669,Dewi Brown,South ,Electronics,Bluetooth Speaker,1,106.83,Completed,Credit Card
ORD102673,3-Apr-23,CUST1575,Michael Halim,SOUTH,Toys,Board Game,1,37.83,Returned,Credit Card
ORD102817,11/14/2023,CUST1133,Andi Hidayat,WEST,Beauty,Moisturizer,2,29.84,Completed,Gift Card
ORD101817,4/13/2024,CUST1474,Kevin Sari,East,Clothing,Wool Socks,2,46.66,Completed,PayPal
ORD100233,4/23/2024,CUST1029,Nina Smith,Mid-West,Electronics,Laptop Stand,2,77.17,Pending,Debit Card
ORD101944,17/02/2024,CUST1041,Michael Wijaya,SOUTH,BOOKS,Children's Book,2,29.84,Completed,
ORD103809,9/19/2024,CUST1211,Sarah Santos, West,Toys,Board Game,2,25.33,Cancelled,Credit Card
ORD101722,5/27/2023,CUST1891,Sarah Lee,west, Toys ,Puzzle 1000pc,2,56.82,Completed,PayPal
ORD101679,3/7/2023,CUST1529,Ahmad Garcia,midwest,Sports & Outdoors,Hiking Backpack,3,32.15,Completed,Credit Card
ORD100290,12/3/2024,CUST1518,Siti Salim,East, Books ,Self-Help Guide,1,18.65,completed,Gift Card
ORD103122,1/22/2023,CUST1640,Siti Smith,South,ELECTRONICS,Smartphone Case,1,56.05,Completed,Gift Card
ORD100462,7/22/2024,CUST1382,David Hidayat,,Books,Cookbook,1,14.33,Completed,Credit Card
ORD101829,5/29/2024,CUST1234,Nina Salim,EAST,Toys,Action Figure,1,48.74,Completed,Credit Card
ORD102959,7/1/2024,CUST1237,Nina Anderson,east,Books,Self-Help Guide,2,25.64,completed,
ORD103764,1/26/2024,CUST1231,Dewi Smith,midwest,toys,RC Car,2,18.65,Cancelled,Gift Card
ORD102795,1/21/2024,CUST1034,Putri Pratama,EAST,Books,Fiction Novel,3,11.55,pending,PayPal
ORD101422,6/3/2024,CUST1035,David Smith,West,Clothing,Hoodie,1,75.31,Completed,Gift Card
ORD101075,16/08/2023,CUST1263,John Santos,East ,books,Self-Help Guide,,17.39,Completed,Credit Card
ORD102152,3/24/2024,CUST1736,James Nugroho,Midwest,Electronics,Webcam,2,127.39,Completed,Debit Card
ORD101730,5/19/2024,CUST1833,Putri Yusuf,MIDWEST,HOME & KITCHEN,Storage Containers,2,79.45,Completed,Debit Card
ORD100078,9/2/2024,CUST1382,David Hidayat,South ,Beauty,Shampoo,1,20.45,Completed,Gift Card
ORD103649,21-Apr-23,CUST1449,Michael Chen,MIDWEST,Books,Business Strategy Book,1,11.9,Completed,PayPal
ORD101964,9/18/2024,CUST1820,Maria Brown,east,Home & Kitchen,Throw Pillow,1,16.78,Completed,Debit Card
ORD103694,26-Mar-23,CUST1689,Siti Tan,East ,Toys,Puzzle 1000pc,1,39.5,completed,Credit Card
ORD101015,8/5/2023,CUST1345,Michael Santos,south,Electronics,Bluetooth Speaker,5,104.55,Completed,Debit Card
ORD102066,8/9/2024,CUST1039,Robert Tan,South,Books,Self-Help Guide,1,25.06,completed,Credit Card
ORD103582,3/7/2023,CUST1376,Nina Yusuf,south,Sports & Outdoors,Resistance Bands,2,64.12,Completed,PayPal
ORD100112,2/15/2024,CUST1063,David Anderson,west,Toys,Puzzle 1000pc,1,19.45,Completed,Credit Card
ORD100416,4/13/2024,CUST1506,Lisa Wilson,Mid-West,electronics,Wireless Mouse,1,23.97,Completed,PayPal
ORD100367,10/5/2024,CUST1370,Rina Anderson,SOUTH, Books ,Children's Book,2,22.7,Completed,Credit Card
ORD101888,12/20/2024,CUST1814,Michael Taylor,East ,Books,Children's Book,1,9.56,Completed,PayPal
ORD100954,9/10/2024,CUST1465,Nina Wilson,midwest,Sports & Outdoors,Jump Rope,1,90.91,Pending,Credit Card
ORD102747,7/28/2024,CUST1256,James Wijaya,west,Books,Children's Book,3,34.66,Completed,Debit Card
ORD102612,5/31/2024,CUST1501,Fajar Yusuf,, SPORTS & OUTDOORS ,Yoga Mat,3,24.19,Completed,Gift Card
ORD101056,4/4/2024,CUST1599,,west,Home & Kitchen,Cutting Board,1,56.95,Completed,Gift Card
ORD102027,7/27/2023,CUST1241,Fajar Hidayat,East,Sports & Outdoors,Resistance Bands,2,53.79,Completed,Credit Card
ORD100958,18-Jun-23,CUST1234,Nina Salim,East,Beauty,Lip Balm,2,36.34,Completed,Credit Card
ORD103444,12/4/2023,CUST1191,Putri Yusuf,midwest,Electronics,Bluetooth Speaker,1,56.08,Completed,Gift Card
ORD102026,13-Sep-23,CUST1710,Linda Chen,EAST,Sports & Outdoors,Camping Tent,2,99.56,Cancelled,Credit Card
ORD102058,3/13/2023,CUST1528,Maria Chen,EAST,toys,Puzzle 1000pc,2,44.57,Completed,Gift Card
ORD102372,9/26/2023,CUST1745,Ahmad Halim,MIDWEST,Beauty,Sunscreen SPF50,1,19.96,Completed,Gift Card
ORD101215,1/13/2023,CUST1639,Dewi Salim,WEST,Clothing,Hoodie,1,43.65,Completed,Credit Card
ORD103486,25-Apr-23,CUST1087,Linda Tan,,Toys,RC Car,1,23.58,Completed,Credit Card
ORD101306,2/19/2024,CUST1701,John Santos,WEST,Beauty,Shampoo,2,21.38,Completed,PayPal
ORD100019,8/6/2024,CUST1412,Siti Anderson,South,HOME & KITCHEN,Coffee Maker,1,,Completed,Debit Card
ORD101245,24/04/2024,CUST1412,Siti Anderson,West,Clothing,Wool Socks,1,,Cancelled,PayPal
ORD100563,11/24/2024,CUST1292,Budi Halim,East ,Books,Children's Book,1,21.87,completed,PayPal
ORD102257,5/24/2023,CUST1791,Kevin Chen, West,Toys,Action Figure,1,43.04,Cancelled,PayPal
ORD101882,8/6/2023,CUST1602,Siti Lee, West,Home & Kitchen,Blender,1,95.79,Returned,Debit Card
ORD100428,11/7/2023,CUST1488,John Taylor,South ,Sports & Outdoors,Jump Rope,1,78.32,Completed,Debit Card
ORD101304,3/29/2024,CUST1798,Siti Anderson,WEST,sports & outdoors,Camping Tent,,17.53,Completed,PayPal
ORD102074,10/31/2024,CUST1771,Putri Salim,south,Electronics,Wireless Mouse,1,129.57,Completed,Debit Card
ORD102404,30-May-24,CUST1115,Maria Wilson,WEST,Toys,RC Car,1,18.5,Cancelled,Credit Card
ORD102084,12/13/2024,CUST1734,Ahmad Wilson, West,Clothing,Hoodie,1,53.93,Cancelled,Credit Card
ORD103711,5/14/2024,CUST1853,Robert Smith,Midwest,sports & outdoors,Camping Tent,,61.08,returned,PayPal
ORD103407,11/7/2023,CUST1569,David Kurniawan,EAST,Sports & Outdoors,Camping Tent,1,15.39,Completed,PayPal
ORD102417,8/6/2023,CUST1349,John Halim,west,beauty,Sunscreen SPF50,,32.85,Returned,Gift Card
ORD100223,12/16/2024,CUST1403,Michael Johnson,South,TOYS,Puzzle 1000pc,2,41.5,Completed,Debit Card
ORD101301,8/19/2023,CUST1873,Ayu Anderson,WEST,Sports & Outdoors,Jump Rope,1,97.51,Completed,Gift Card
ORD101434,8/6/2024,CUST1761,Ahmad Johnson,South,SPORTS & OUTDOORS,Yoga Mat,2,27.54,Completed,Credit Card
ORD103830,9/6/2024,CUST1626,Fajar Pratama,South,Toys,Action Figure,1,24.02,Completed,Credit Card
ORD101562,11/8/2024,CUST1006,James Smith,EAST,Electronics,Smartphone Case,1,122.04,returned,PayPal
ORD103967,4/29/2024,CUST1846,Kevin Kurniawan,east,Books,Children's Book,5,33.69,Completed,Credit Card
ORD102996,6/20/2024,CUST1213,Michael Tan,East,Electronics,Wireless Mouse,2,47.35,Completed,PayPal
ORD102768,4/21/2024,CUST1573,Putri Kurniawan,midwest,Toys,RC Car,1,51.34,Completed,Credit Card
ORD102080,5/5/2024,CUST1878,Ayu Sari,west,Home & Kitchen,LED Desk Lamp,1,67.6,Completed,Gift Card
ORD103898,8/13/2023,CUST1126,Ahmad Garcia,east, beauty ,Moisturizer,1,6.8,Returned,PayPal
ORD101078,8/23/2024,CUST1010,Budi Anderson,East,clothing,Denim Jeans,4,11.05,Completed,Gift Card
ORD103822,4/26/2024,CUST1587,Robert Santos,WEST,Beauty,Sunscreen SPF50,1,26.83,Completed,Debit Card
ORD102932,3/17/2023,CUST1063,David Anderson,midwest,Beauty,Lip Balm,2,34.43,Completed,Gift Card
ORD103780,1/21/2024,CUST1342,Putri Anderson,SOUTH, Electronics ,Webcam,2,83.47,Completed,Credit Card
ORD102036,6/6/2024,CUST1876,John Hidayat,midwest,Electronics,Smartphone Case,1,121.86,Completed,Credit Card
ORD103814,3/14/2024,CUST1160,James Nugroho,midwest,beauty,Face Mask Set,2,16.76,Completed,Gift Card
ORD101914,23-Sep-23,CUST1838,Budi Chen,south,Home & Kitchen,Throw Pillow,,,Completed,PayPal
ORD102692,3/27/2024,CUST1409,John Kurniawan,SOUTH,beauty,Moisturizer,1,10.31,Completed,Debit Card
ORD103533,2/27/2024,CUST1894,Putri Anderson,East ,home & kitchen,Blender,1,,Completed,Gift Card
ORD101389,12/23/2023,CUST1850,Dewi Wijaya,MIDWEST,Electronic,Smartphone Case,2,29.05,Completed,PayPal
ORD101582,3/17/2024,CUST1563,James Yusuf,Mid-West,Books,Fiction Novel,2,20.29,Completed,Gift Card
ORD103227,9/28/2023,CUST1828,Andi Chen,MIDWEST,Clothing,Cotton T-Shirt,1,58.11,completed,PayPal
ORD101042,7/25/2023,CUST1465,Nina Wilson, West,Home & Kitchen,Blender,3,78.9,Completed,Debit Card
ORD101974,10/26/2023,CUST1011,Dewi Garcia,South ,clothing,Cotton T-Shirt,2,27.54,Completed,Gift Card
ORD101717,1-Mar-23,CUST1367,James Salim,midwest,Sports & Outdoors,Camping Tent,1,96,Completed,Credit Card
ORD102937,15/05/2024,CUST1712,David Nugroho,MIDWEST,Beauty,Face Mask Set,2,44.4,Completed,Gift Card
ORD103632,3/12/2024,CUST1504,,Midwest, Books ,Business Strategy Book,2,31.65,Completed,Credit Card
ORD103314,8/4/2023,CUST1821,Ayu Kurniawan,SOUTH,Electronics,Bluetooth Speaker,2,26.26,Pending,Debit Card
ORD103475,16-Apr-24,CUST1125,Lisa Santos,EAST,Electronics,Laptop Stand,1,28.26,Returned,Credit Card
ORD100654,10/1/2023,CUST1112,Putri Halim,south,Clothing,Cotton T-Shirt,1,50.83,Completed,Gift Card
ORD101835,1/8/2024,CUST1116,Michael Lee,midwest,Toys,Building Blocks,1,53.5,Completed,Gift Card
ORD100879,1/5/2023,CUST1390,Ayu Hidayat,EAST,Clothing,Wool Socks,2,12.8,Returned,Debit Card
ORD103347,12/29/2024,CUST1407,Rina Smith,South , Home & Kitchen ,Storage Containers,,84.09,completed,PayPal
ORD103683,16-Oct-23,CUST1820,Maria Brown,South,Home & Kitchen,LED Desk Lamp,1,51.16,returned,PayPal
ORD101712,21/11/2023,CUST1094,Siti Garcia,SOUTH,ELECTRONICS,Smartphone Case,1,122.24,Completed,Gift Card
ORD100061,31-Dec-23,CUST1279,Rina Garcia,south,Toys,Board Game,2,23.33,Completed,Gift Card
ORD100111,2/1/2023,CUST1050,Sarah Anderson,midwest,Beauty,Face Mask Set,1,31.46,Returned,Gift Card
ORD102243,7-Jan-24,CUST1876,John Hidayat,East ,Books,Cookbook,2,18.04,Completed,PayPal
ORD101708,27-Sep-24,CUST1121,David Nugroho,East,Sports & Outdoors,Hiking Backpack,1,79.1,Completed,PayPal
ORD103450,6/9/2024,CUST1436,Lisa Garcia,East ,electronics,Webcam,1,100.89,Completed,PayPal
ORD101746,11/17/2024,CUST1775,Putri Hidayat,East,Home & Kitchen,Non-Stick Pan,1,15.78,Completed,Gift Card
ORD101540,6/1/2024,CUST1754,Kevin Salim, West,Electronics,Power Bank,1,,Returned,Debit Card
ORD100862,5/7/2024,CUST1365,David Chen,midwest,Electronics,Smartphone Case,1,83.85,Completed,Credit Card
ORD100499,6/25/2023,CUST1071,Kevin Lee,Midwest,Sports & Outdoors,Yoga Mat,2,39.05,Completed,Gift Card
ORD103902,18-Nov-24,CUST1422,Budi Pratama,South ,Beauty,Shampoo,1,8.41,Pending,Credit Card
ORD103345,9/30/2024,CUST1884,Kevin Salim,East ,Toys,Puzzle 1000pc,1,28.14,Pending,PayPal
ORD101617,8/7/2023,CUST1030,Sarah Lee,midwest,Electronics,Webcam,2,123.09,Completed,PayPal
ORD101472,4/18/2023,CUST1780,Lisa Wijaya,South,Beauty,Sunscreen SPF50,1,44.49,Cancelled,Gift Card
ORD101926,1/3/2024,CUST1851,Robert Salim,East ,Clothing,Hoodie,2,69.14,Cancelled,Gift Card
ORD101915,3/6/2023,CUST1247,Andi Nugroho,east,Toys,Building Blocks,1,38.89,completed,PayPal
ORD103829,10/7/2024,CUST1572,Maria Yusuf,south,Beauty,Lip Balm,1,33.31,Completed,PayPal
ORD101727,7/23/2024,CUST1097,Fajar Anderson,Mid-West,Beauty,Face Mask Set,1,28.97,completed,Gift Card
ORD103817,7/2/2024,CUST1689,Siti Tan,south,Books,Self-Help Guide,2,21.53,Completed,Gift Card
ORD102125,22-Oct-24,CUST1405,Rina Lee,East,Beauty,Shampoo,1,33.44,completed,PayPal
ORD102925,11/9/2023,CUST1718,Dewi Lee,MIDWEST,Toys,Action Figure,2,17.54,Pending,Gift Card
ORD102165,10/18/2023,CUST1839,John Tan,south, Toys ,RC Car,2,29.47,Completed,Debit Card
ORD103693,10/13/2023,CUST1697,Michael Sari,EAST,Books,Fiction Novel,2,19.15,Completed,PayPal
ORD103488,11/26/2023,CUST1596,Ayu Garcia,South,electronics,USB-C Cable,1,55.41,Completed,Gift Card
ORD100328,2/18/2024,CUST1527,Rina Anderson,South ,BEAUTY,Lip Balm,1,22.92,Cancelled,Credit Card
ORD100142,8/8/2024,CUST1291,Dewi Wijaya,east,Electronics,Webcam,1,50.07,Completed,PayPal
ORD100312,13-Jul-24,CUST1867,Nina Garcia,Mid-West,Beauty,Shampoo,,25.94,Completed,Credit Card
ORD101022,1/4/2023,CUST1654,John Smith,West,Electronics,Bluetooth Speaker,1,41.3,Returned,Credit Card
ORD100529,3/23/2023,CUST1451,Ahmad Garcia,east,beauty,Sunscreen SPF50,,33.37,Completed,Gift Card
ORD101593,25-Nov-24,CUST1150,Ayu Wijaya, West,Electronics,Laptop Stand,1,94.47,Completed,Gift Card
ORD101196,,CUST1254,Nina Garcia,South ,Beauty,Sunscreen SPF50,2,30.21,returned,Gift Card
ORD102693,26-Dec-24,CUST1768,Rina Nugroho,MIDWEST,Sports & Outdoors,Yoga Mat,1,74.81,Returned,Credit Card
ORD103977,4/19/2023,CUST1510,Sarah Halim,SOUTH, Home & Kitchen ,Blender,1,93.36,Completed,Credit Card
ORD101579,5/8/2024,CUST1167,Putri Hidayat,east,HOME & KITCHEN,Non-Stick Pan,1,110.78,completed,Debit Card
ORD101615,5/21/2024,CUST1285,John Kurniawan,WEST,HOME & KITCHEN,Non-Stick Pan,5,65.98,completed,PayPal
ORD100957,6/1/2023,CUST1078,Rina Santos,south,CLOTHING,Running Shorts,1,15.06,Completed,PayPal
ORD100389,1/22/2024,CUST1020,Putri Chen,EAST,Beauty,Lip Balm,1,30.87,Completed,Debit Card
ORD100583,,CUST1076,Kevin Santos,South ,Clothing,Running Shorts,2,23.24,Completed,PayPal
ORD103357,20-Jun-23,CUST1514,Rina Wijaya,Mid-West,Clothing,Cotton T-Shirt,1,43.65,Completed,PayPal
ORD101803,5-Jun-23,CUST1349,John Halim,South ,BOOKS,Children's Book,2,22.54,Completed,Gift Card
ORD101107,3/17/2024,CUST1884,Kevin Salim,East,Sports & Outdoors,Resistance Bands,1,10.67,Completed,Credit Card
ORD103494,1/3/2024,CUST1655,John Tan,EAST,books,Business Strategy Book,1,8.75,completed,Debit Card
ORD101519,10/15/2024,CUST1529,Ahmad Garcia,South ,Toys,Board Game,1,33.86,Completed,Gift Card
ORD101569,7/13/2023,CUST1464,Dewi Taylor,south,Books,Business Strategy Book,1,31.25,cancelled,Gift Card
ORD100617,13-Oct-23,CUST1618,Budi Lee,South,Sports & Outdoors,Water Bottle,2,96.46,Completed,PayPal
ORD101076,8/30/2024,CUST1126,Ahmad Garcia,west,Books,Fiction Novel,1,19.02,Completed,PayPal
ORD100058,2/17/2023,CUST1888,Putri Tan,SOUTH, Beauty ,Sunscreen SPF50,1,35.1,Returned,Debit Card
ORD101702,9-Feb-24,CUST1825,Linda Nugroho,east,Books,Self-Help Guide,1,11.61,cancelled,Debit Card
ORD100122,12/25/2024,CUST1654,John Smith,midwest,Sports & Outdoors,Jump Rope,1,75.4,Pending,Debit Card
ORD100235,4/25/2024,CUST1834,Andi Nugroho,MIDWEST, Toys ,Puzzle 1000pc,1,37.82,Completed,Gift Card
ORD100472,20-Nov-23,CUST1229,Kevin Anderson,South ,Electronics,Power Bank,1,30.74,Completed,PayPal
ORD101030,5/21/2023,CUST1026,Putri Yusuf,West,HOME & KITCHEN,Blender,2,71.19,Returned,Credit Card
ORD103557,15-Nov-23,CUST1593,Sarah Taylor,south, SPORTS & OUTDOORS ,Camping Tent,1,61.96,Returned,Debit Card
ORD100556,2/7/2024,CUST1085,John Kurniawan,south,Home & Kitchen,LED Desk Lamp,3,55.13,Completed,Debit Card
ORD102572,10/19/2024,CUST1852,Putri Garcia,Midwest,Clothing,Cotton T-Shirt,1,59.85,Completed,Debit Card
ORD103680,1/15/2023,CUST1142,Kevin Salim,west,Sports & Outdoors,Camping Tent,1,68.23,Completed,Debit Card
ORD102386,8/24/2024,CUST1222,Dewi Sari, West,Books,Children's Book,1,25.16,completed,Credit Card
ORD100997,14-Aug-23,CUST1201,Linda Johnson,Mid-West,electronics,Webcam,1,135.84,Completed,Debit Card
ORD103373,18/04/2023,CUST1380,Lisa Brown,midwest, Sports & Outdoors ,Hiking Backpack,2,10.01,Completed,Gift Card
ORD100194,10/11/2023,CUST1320,Lisa Wijaya, West,Clothing,Baseball Cap,4,66.42,Cancelled,PayPal
ORD102279,9/1/2024,CUST1895,Michael Johnson,Mid-West,Clothing,Hoodie,1,61.37,Completed,Credit Card
ORD102875,4/30/2023,CUST1808,Michael Kurniawan,midwest,Sports & Outdoors,Jump Rope,999,85.82,Completed,Credit Card
ORD102611,11/11/2024,CUST1622,Michael Garcia,East,Books,Self-Help Guide,1,9.09,Completed,Gift Card
ORD100820,28-Jun-24,CUST1068,Linda Nugroho,East,Beauty,Moisturizer,1,35.44,Completed,Credit Card
ORD100027,5/5/2023,CUST1324,Budi Santos,MIDWEST,Sports & Outdoors,Resistance Bands,1,,Completed,Gift Card
ORD100120,7/1/2023,CUST1339,Siti Hidayat,WEST,books,Cookbook,1,9.27,Returned,Debit Card
ORD102039,9/1/2023,CUST1865,Ayu Salim,Mid-West,TOYS,Building Blocks,2,55.64,Completed,Credit Card
ORD101087,12/17/2023,CUST1311,John Nugroho,south,Books,Fiction Novel,1,8.33,Completed,Gift Card
ORD100413,4/24/2024,CUST1266,Kevin Nugroho,SOUTH,Clothing,Winter Jacket,2,36.28,completed,Debit Card
ORD100107,4/14/2024,CUST1237,Nina Anderson,SOUTH,Toys,Action Figure,1,18.73,Pending,Credit Card
ORD103550,7/21/2023,CUST1675,Putri Kurniawan,Mid-West,Toys,Building Blocks,3,14.08,Completed,Credit Card
ORD100477,4/20/2024,CUST1675,Putri Kurniawan,South ,Books,Fiction Novel,1,24.58,Completed,Credit Card
ORD101094,16/06/2024,CUST1621,James Wijaya,midwest,Clothing,Hoodie,1,20.47,Completed,Credit Card
ORD103625,4/13/2023,CUST1783,Ayu Taylor,East,Books,Business Strategy Book,1,29.95,Completed,Debit Card
ORD103290,4/15/2023,CUST1143,Linda Wijaya,west,SPORTS & OUTDOORS,Camping Tent,5,62.15,Cancelled,PayPal
ORD102633,8/5/2024,CUST1666,Michael Nugroho,Mid-West,electronics,USB-C Cable,,89.55,Completed,PayPal
ORD103159,8/23/2024,CUST1605,,West,SPORTS & OUTDOORS,Camping Tent,2,20.91,Cancelled,PayPal
ORD101586,2/21/2023,CUST1407,Rina Smith,South,Electronics,Wireless Mouse,2,115.95,Completed,PayPal
ORD101029,6/6/2023,CUST1680,Putri Halim,Mid-West,Clothing,Wool Socks,1,35.17,Completed,Gift Card
ORD103105,1/20/2023,CUST1196,Putri Pratama,south,Electronics,Webcam,3,119.29,Completed,Credit Card
ORD100123,9/8/2024,CUST1746,Siti Garcia,east,Electronics,Webcam,1,21.94,Completed,PayPal
ORD101047,12/11/2023,CUST1639,Dewi Salim,Midwest,Clothing,Denim Jeans,2,20.94,Completed,PayPal
ORD103480,10/16/2023,CUST1309,Fajar Santos,West, Toys ,RC Car,1,15.58,Completed,Gift Card
ORD100037,,CUST1806,Ahmad Hidayat,Midwest,Electronics,Wireless Mouse,1,94.76,Completed,PayPal
ORD101898,3/7/2024,CUST1271,Lisa Chen,East ,Toys,Puzzle 1000pc,1,35.21,Completed,Credit Card
ORD100795,17-Apr-23,CUST1523,Michael Chen,South,Beauty,Lip Balm,1,42.86,Completed,Debit Card
ORD102248,4/2/2024,CUST1193,Dewi Kurniawan,East,Beauty,Lip Balm,1,34.23,Completed,PayPal
ORD102195,4/4/2023,CUST1523,Michael Chen, West,electronics,Bluetooth Speaker,1,114.08,Cancelled,Gift Card
ORD102838,1/10/2023,CUST1098,Sarah Yusuf, West,Home & Kitchen,Blender,1,111.53,Completed,PayPal
ORD101269,8/25/2024,CUST1216,Robert Anderson,Midwest,Books,Self-Help Guide,2,18.57,Cancelled,Gift Card
ORD102052,11/4/2024,CUST1837,Dewi Johnson,Midwest,Home & Kitchen,Blender,1,,Completed,Debit Card
ORD103248,5/23/2024,CUST1838,Budi Chen,South,Sports & Outdoors,Water Bottle,1,48.11,Completed,Credit Card
ORD101080,3/20/2023,CUST1624,Budi Smith,West,Toys,RC Car,1,39.82,Completed,Credit Card
ORD102114,10/25/2024,CUST1565,Rina Hidayat, West,Electronics,Laptop Stand,2,145.47,Completed,Debit Card
ORD100622,4/6/2024,CUST1811,Putri Santos,Midwest,Beauty,Lip Balm,4,15.83,Returned,PayPal
ORD102713,24/03/2024,CUST1481,James Chen,EAST,Books,Children's Book,1,34.52,Cancelled,Gift Card
ORD100959,2/4/2023,CUST1650,Dewi Lee,South ,books,Fiction Novel,1,17.24,Completed,Gift Card
ORD101885,11/30/2023,CUST1401,Nina Taylor,South ,sports & outdoors,Resistance Bands,2,11.98,Completed,Debit Card
ORD103807,1/4/2023,CUST1740,Dewi Hidayat,MIDWEST,SPORTS & OUTDOORS,Resistance Bands,1,34.55,Completed,Credit Card
ORD102910,2/12/2023,CUST1177,Ayu Pratama,south,Clothing,Winter Jacket,1,19.25,Completed,Credit Card
ORD102461,10/27/2023,CUST1076,Kevin Santos,midwest,electronics,Wireless Mouse,2,50.17,Cancelled,Credit Card
ORD100503,3-Sep-23,CUST1715,Dewi Tan,South,Books,Fiction Novel,3,14.49,Cancelled,PayPal
ORD102360,1/11/2023,CUST1308,Robert Yusuf,midwest,Sports & Outdoors,Hiking Backpack,,17.66,Completed,Debit Card
ORD101594,3/30/2024,CUST1884,Kevin Salim,West,BOOKS,Cookbook,3,18.04,Completed,Debit Card
ORD103736,21/03/2023,CUST1249,Kevin Taylor,west,Toys,Board Game,2,33.23,Completed,PayPal
ORD101228,4/2/2024,CUST1092,Putri Nugroho,Midwest,Beauty,Shampoo,1,32.46,Completed,Credit Card
ORD103253,27-Jul-24,CUST1110,Budi Lee,East ,Books,Self-Help Guide,1,23.99,Completed,Credit Card
ORD101627,4/6/2024,CUST1513,Robert Kurniawan,west,books,Cookbook,1,12.89,Completed,Gift Card
ORD100658,5-Dec-24,CUST1003,Siti Anderson,SOUTH,Electronics,Smartphone Case,1,89.21,Completed,
ORD102538,2/3/2024,CUST1002,Sarah Kurniawan,south,Home & Kitchen,Coffee Maker,2,20.77,Completed,Gift Card
ORD100130,1/15/2024,CUST1676,Lisa Wijaya,south,HOME & KITCHEN,Coffee Maker,1,87.2,Cancelled,Debit Card
ORD100647,11/27/2023,CUST1229,Kevin Anderson,West,ELECTRONICS,Wireless Earbuds,1,118.82,Cancelled,Gift Card
ORD102188,10/13/2024,CUST1223,Michael Halim,south,Electronics,Smartphone Case,1,96.64,Completed,PayPal
ORD103666,6/8/2023,CUST1127,Linda Halim,West,Toys,Puzzle 1000pc,,38.22,Completed,Credit Card
ORD102856,8/31/2024,CUST1684,Fajar Salim,west, Books ,Cookbook,5,15.01,Completed,Credit Card
ORD101756,1/23/2023,CUST1591,Fajar Wilson,Midwest,Home & Kitchen,LED Desk Lamp,1,19.95,Completed,PayPal
ORD100034,30-Aug-23,CUST1331,Ayu Chen,Mid-West,Clothing,Cotton T-Shirt,3,58.79,Completed,Debit Card
ORD103325,3/9/2023,CUST1493,Lisa Kurniawan,Midwest,Electronics,Webcam,2,113.39,Completed,Gift Card
ORD101128,2/12/2023,CUST1333,Nina Lee,EAST,Home & Kitchen,Cutting Board,1,83.17,Completed,PayPal
ORD103622,3-May-24,CUST1070,Kevin Johnson,midwest,Books,Children's Book,1,30.06,Completed,Credit Card
ORD102208,2/10/2023,CUST1712,David Nugroho,east,Beauty,Shampoo,1,43.96,Completed,Debit Card
ORD101580,3/30/2023,CUST1508,Budi Garcia, West,Home & Kitchen,Coffee Maker,1,35.26,Completed,PayPal
ORD100132,3/22/2023,CUST1486,Sarah Lee,SOUTH,Books,Cookbook,3,29.57,Completed,
ORD102557,6/7/2023,CUST1380,Lisa Brown,MIDWEST,Clothing,Wool Socks,1,70.17,Completed,Credit Card
ORD100551,7-Mar-23,CUST1832,Rina Pratama,South ,Beauty,Moisturizer,1,43.01,Completed,Credit Card
ORD100856,9/28/2024,CUST1103,Ahmad Salim,SOUTH,Beauty,Moisturizer,3,22.24,Completed,PayPal
ORD102965,5/18/2023,CUST1808,Michael Kurniawan,SOUTH,Home & Kitchen,Coffee Maker,1,116.58,Completed,Credit Card
ORD101668,10/22/2023,CUST1575,Michael Halim,South ,Clothing,Wool Socks,3,37.49,completed,PayPal
ORD101657,12/28/2024,CUST1537,Putri Sari,WEST,sports & outdoors,Hiking Backpack,1,39.15,Cancelled,Debit Card
ORD101106,8/12/2023,CUST1587,Robert Santos,east,Home & Kitchen,Cutting Board,1,$106.64 ,Completed,Debit Card
ORD100986,20-Jul-24,CUST1275,Andi Johnson,East ,Toys,Puzzle 1000pc,1,29.1,Completed,PayPal
ORD103643,25/10/2023,CUST1493,Lisa Kurniawan,east,Electronics,Webcam,2,43.13,Cancelled,
ORD102210,4/7/2023,CUST1222,Dewi Sari,south,Clothing,Hoodie,2,49.92,Completed,PayPal
ORD100809,7/18/2023,CUST1096,Michael Santos,midwest,Toys,Board Game,2,51.02,Completed,PayPal
ORD101965,11/18/2023,CUST1629,James Tan,south,Clothing,Running Shorts,1,10.02,Completed,
ORD100044,5/27/2023,CUST1591,Fajar Wilson,WEST,Books,Self-Help Guide,1,24.9,Pending,PayPal
ORD101322,12/24/2023,CUST1321,Putri Garcia,Mid-West,Books,Self-Help Guide,4,17.57,Returned,Gift Card
ORD102567,5/14/2024,CUST1304,,Midwest,Clothing,Baseball Cap,4,27.23,Completed,Credit Card
ORD102533,5/30/2023,CUST1678,Lisa Brown,Mid-West,Home & Kitchen,Coffee Maker,1,66.84,Completed,Gift Card
ORD102670,2/28/2023,CUST1657,Lisa Brown,West,Home & Kitchen,Coffee Maker,4,28.09,completed,Debit Card
ORD101329,5/20/2023,CUST1028,Maria Garcia,Midwest,Clothing,Wool Socks,4,68.67,Completed,PayPal
ORD103861,6/11/2024,CUST1707,Michael Yusuf,East ,Clothing,Running Shorts,1,48.27,Cancelled,PayPal
ORD103246,4/10/2024,CUST1819,Lisa Salim,Mid-West,Electronics,USB-C Cable,2,134.29,Completed,Gift Card
ORD103941,9/27/2024,CUST1364,David Brown,West,Books,Self-Help Guide,2,30.31,Completed,Debit Card
ORD103400,5/23/2024,CUST1715,Dewi Tan,west, Sports & Outdoors ,Resistance Bands,4,79.22,Completed,Credit Card
ORD103662,19/05/2023,CUST1155,Budi Brown,SOUTH,Home & Kitchen,Coffee Maker,2,79.15,Returned,Debit Card
ORD100392,31-May-24,CUST1437,John Tan,EAST,Clothing,Hoodie,4,66.36,Completed,Gift Card
ORD102285,29-Dec-23,CUST1896,Andi Taylor,WEST,ELECTRONICS,Bluetooth Speaker,2,120.6,Cancelled,Credit Card
ORD101184,8/23/2023,CUST1650,Dewi Lee,EAST,ELECTRONICS,Power Bank,2,143.88,Completed,Debit Card
ORD101648,18-Nov-24,CUST1893,John Wijaya,South,Toys,Action Figure,2,18.54,Cancelled,Debit Card
ORD100009,5/5/2023,CUST1726,John Tan,midwest,Beauty,Shampoo,1,36.12,Pending,PayPal
ORD103688,8/3/2024,CUST1441,Fajar Hidayat,west, Books ,Cookbook,1,11.93,Completed,PayPal
ORD103251,8/12/2023,CUST1441,Fajar Hidayat,Mid-West,Electronics,Bluetooth Speaker,1,42.43,Completed,PayPal
ORD100568,6/25/2024,CUST1103,Ahmad Salim,West, Sports & Outdoors ,Camping Tent,1,23.81,Completed,PayPal
ORD100618,8/7/2023,CUST1063,David Anderson,,Toys,RC Car,3,27.53,Completed,Credit Card
ORD103100,10/21/2023,CUST1569,David Kurniawan, West,Sports & Outdoors,Jump Rope,2,89.86,Completed,Gift Card
ORD102570,3/30/2024,CUST1451,Ahmad Garcia,south,Sports & Outdoors,Yoga Mat,1,45.16,Completed,PayPal
ORD100884,7/8/2023,CUST1111,Siti Halim,East ,Electronics,USB-C Cable,1,96.13,Completed,Credit Card
ORD103287,9/22/2024,CUST1062,Andi Salim,South ,Beauty,Sunscreen SPF50,1,27.94,Completed,
ORD100484,28-Jun-23,CUST1202,,WEST,HOME & KITCHEN,Non-Stick Pan,1,84.99,Completed,PayPal
ORD101886,7/29/2023,CUST1503,Andi Anderson,midwest,Beauty,Face Mask Set,2,37.49,Completed,PayPal
ORD101062,6/3/2023,CUST1551,Linda Smith,East,Beauty,Face Mask Set,1,13.25,Pending,Debit Card
ORD100222,8/16/2023,CUST1187,Dewi Anderson,Mid-West,toys,Action Figure,1,25.09,Completed,PayPal
ORD102952,10-May-23,CUST1897,Linda Kurniawan,west,Electronics,Smartphone Case,2,73.22,Completed,PayPal
ORD103887,11/15/2023,CUST1397,Maria Anderson,Mid-West,Beauty,Lip Balm,1,38.71,Completed,PayPal
ORD102311,10/30/2024,CUST1579,Kevin Tan,East,Toys,Action Figure,1,24.59,Completed,Credit Card
ORD101112,1/3/2023,CUST1798,Siti Anderson,EAST,toys,Puzzle 1000pc,1,16.14,Completed,PayPal
ORD102076,8/21/2023,CUST1869,Maria Garcia,SOUTH,Books,Children's Book,1,22.9,Completed,
ORD101803,5-Jun-23,CUST1349,John Halim,South ,BOOKS,Children's Book,2,22.54,completed,Gift Card
ORD100661,12/28/2023,CUST1498,,South,Home & Kitchen,Blender,5,108.24,Completed,Debit Card
ORD102515,9/11/2024,CUST1424,Linda Garcia,MIDWEST,Beauty,Face Mask Set,,9.05,Completed,
ORD103119,,CUST1171,James Anderson,EAST,Beauty,Shampoo,1,8.19,Completed,PayPal
ORD103893,11/27/2024,CUST1354,Fajar Tan,Midwest,Sports & Outdoors,Jump Rope,1,16.72,Completed,Gift Card
ORD100866,9/16/2024,CUST1416,Robert Nugroho,Midwest,Clothing,Baseball Cap,4,24.72,Completed,Debit Card
ORD102837,5-Jan-24,CUST1451,Ahmad Garcia,EAST,Sports & Outdoors,Camping Tent,1,80.44,Completed,Credit Card
ORD101131,10-Jun-24,CUST1006,James Smith,west,Home & Kitchen,Blender,1,39.74,Completed,Debit Card
ORD101233,5-Jan-24,CUST1585,Robert Anderson,East ,Home & Kitchen,Non-Stick Pan,1,28.73,Completed,Debit Card
ORD102871,7/2/2024,CUST1126,Ahmad Garcia,west,SPORTS & OUTDOORS,Camping Tent,1,12.17,Completed,Debit Card
ORD101360,2/9/2024,CUST1891,Sarah Lee,Midwest,Sports & Outdoors,Jump Rope,1,49.37,Completed,PayPal
ORD100642,12/3/2023,CUST1321,Putri Garcia,Midwest,Electronics,Wireless Earbuds,1,130.03,Completed,Debit Card
ORD103670,11/8/2023,CUST1885,Lisa Santos,MIDWEST,Home & Kitchen,Throw Pillow,1,113.92,Returned,Debit Card
ORD103635,5/29/2024,CUST1461,Dewi Brown,MIDWEST,BEAUTY,Moisturizer,1,34.69,Completed,Gift Card
ORD100117,6/13/2023,CUST1059,Dewi Chen,midwest,Toys,Board Game,2,22.89,Completed,PayPal
ORD102478,18/10/2024,CUST1432,Andi Smith,South ,ELECTRONICS,Webcam,2,140.59,Completed,PayPal
ORD100574,4/30/2024,CUST1717,Siti Sari,south,Clothing,Wool Socks,2,37.55,Completed,Credit Card
ORD103594,11/16/2024,CUST1871,Andi Smith,EAST,Electronics,Bluetooth Speaker,1,26.75,Completed,Debit Card
ORD101480,11/26/2023,CUST1591,Fajar Wilson,West,Toys,RC Car,2,17.81,Completed,Credit Card
ORD100456,2-May-24,CUST1572,Maria Yusuf,east,electronics,USB-C Cable,1,137.64,completed,Credit Card
ORD100397,3/27/2023,CUST1872,Siti Taylor,East,Electronics,Wireless Mouse,2,70.31,Completed,Debit Card
ORD100560,8/29/2024,CUST1353,Andi Halim,South ,Toys,Action Figure,1,38.36,Completed,Credit Card
ORD102491,10/11/2023,CUST1758,John Tan,West,Electronics,Wireless Mouse,1,62.9,Completed,Debit Card
ORD100398,7/8/2024,CUST1859,Rina Kurniawan,West,Beauty,Shampoo,2,18.08,Completed,Credit Card
ORD100094,9/12/2023,CUST1810,Dewi Salim,Midwest,Clothing,Denim Jeans,1,36.87,Completed,Debit Card
ORD103907,10/11/2023,CUST1305,Linda Nugroho,east,Clothing,Cotton T-Shirt,1,27.28,Cancelled,Debit Card
ORD101344,1/30/2024,CUST1159,Michael Smith,EAST,Home & Kitchen,Storage Containers,1,105.72,Completed,Debit Card
ORD100956,4/7/2024,CUST1120,Dewi Johnson,south,beauty,Sunscreen SPF50,1,26.07,Completed,PayPal
ORD101522,9-Oct-23,CUST1169,Lisa Hidayat,Mid-West,Home & Kitchen,Cutting Board,1,106.98,Completed,Debit Card
ORD102212,9/2/2023,CUST1297,Nina Wilson,East,electronics,Laptop Stand,2,119.49,Completed,PayPal
ORD102173,6/9/2024,CUST1481,James Chen,MIDWEST,Home & Kitchen,Blender,1,38.15,Completed,Gift Card
ORD101059,25-Sep-23,CUST1085,John Kurniawan,EAST,HOME & KITCHEN,Storage Containers,5,68.18,Completed,PayPal
ORD101253,24-Nov-23,CUST1880,Dewi Johnson,East,Sports & Outdoors,Jump Rope,1,24.29,Completed,PayPal
ORD100321,11/22/2024,CUST1100,Ahmad Wijaya,South ,Home & Kitchen,LED Desk Lamp,2,19.87,Completed,PayPal
ORD102607,1-Apr-23,CUST1369,Sarah Halim,east,Clothing,Wool Socks,1,28.18,Completed,Credit Card
ORD102497,7/6/2024,CUST1107,Fajar Yusuf,East,Beauty,Shampoo,2,35.77,Completed,Debit Card
ORD101081,1/28/2023,CUST1236,Michael Wilson,SOUTH,Sports & Outdoors,Hiking Backpack,2,57.33,Completed,Gift Card
ORD101298,8/11/2023,CUST1435,Dewi Lee,West, Electronics ,Power Bank,1,84.26,Completed,Credit Card
ORD101176,23-Mar-24,CUST1254,Nina Garcia,WEST,Cloths,Baseball Cap,2,49.19,Completed,Debit Card
ORD100480,6/3/2024,CUST1600,Maria Wijaya,east,Beauty,Shampoo,2,42.42,Completed,Credit Card
ORD102908,11/11/2024,CUST1617,Robert Tan,EAST,Clothing,Cotton T-Shirt,1,19.51,Completed,Gift Card
ORD100998,1/1/2023,CUST1155,Budi Brown,midwest,Sports & Outdoors,Hiking Backpack,4,26.43,Pending,PayPal
ORD101625,4-Dec-23,CUST1133,Andi Hidayat,East,ELECTRONICS,Smartphone Case,1,29.89,Completed,
ORD101336,12/13/2023,CUST1572,Maria Yusuf,South ,Books,Self-Help Guide,1,16.04,Completed,Debit Card
ORD100414,10/17/2023,CUST1854,,Mid-West,Home & Kitchen,LED Desk Lamp,1,19.42,Returned,Debit Card
ORD103069,7/30/2024,CUST1258,Ayu Smith,south,SPORTS & OUTDOORS,Jump Rope,1,93.96,Completed,Gift Card
ORD103648,5/7/2023,CUST1335,Nina Yusuf,,electronics,Wireless Mouse,1,25.23,Completed,PayPal
ORD103129,9/28/2023,CUST1176,David Hidayat,MIDWEST,Cloths,Winter Jacket,1,41.16,Completed,Debit Card
ORD100895,10/18/2024,CUST1581,Rina Hidayat,midwest,Beauty,Shampoo,4,18.26,Completed,PayPal
ORD103018,6/14/2024,CUST1778,Kevin Wilson,Midwest,sports & outdoors,Resistance Bands,1,62.61,completed,Gift Card
ORD102750,12/9/2023,CUST1772,Ahmad Hidayat,South,toys,RC Car,1,28.11,Completed,Debit Card
ORD101105,1/1/2023,CUST1168,Linda Nugroho,east,Beauty,Moisturizer,2,41.89,Completed,
ORD103379,8/1/2023,CUST1885,Lisa Santos,EAST,BEAUTY,Lip Balm,1,39.3,Completed,PayPal
ORD102437,11/6/2023,CUST1075,Linda Anderson,midwest,Clothing,Wool Socks,1,75.26,Completed,PayPal
ORD101115,8-Feb-23,CUST1802,Ahmad Yusuf,west,Books,Fiction Novel,-3,30.39,Cancelled,Credit Card
ORD103426,11/21/2024,CUST1465,Nina Wilson,MIDWEST,Home & Kitchen,Throw Pillow,3,31.03,Cancelled,Credit Card
ORD102963,2/29/2024,CUST1220,David Wijaya,West,Sports & Outdoors,Hiking Backpack,2,87.02,Completed,PayPal
ORD103753,7/24/2024,CUST1353,Andi Halim,south,Books,Fiction Novel,1,19.77,Cancelled,Gift Card
ORD100017,7/14/2023,CUST1254,Nina Garcia,MIDWEST,Toys,Puzzle 1000pc,1,25.48,Completed,Gift Card
ORD102966,9/28/2024,CUST1132,Robert Tan,West,Electronics,Wireless Mouse,2,39.4,Completed,Credit Card
ORD103983,1/22/2024,CUST1594,James Chen,east,Sports & Outdoors,Hiking Backpack,1,56.5,Completed,Credit Card
ORD102927,19-May-24,CUST1196,Putri Pratama,East,Home & Kitchen,Coffee Maker,1,48.93,Completed,Credit Card
ORD102851,22-Jan-24,CUST1601,Nina Taylor, West,Sports & Outdoors,Camping Tent,1,92.15,Completed,Debit Card
ORD102429,7/18/2024,CUST1654,John Smith,Midwest,Sports & Outdoors,Water Bottle,1,41.95,Completed,Credit Card
ORD101762,2/9/2024,CUST1499,David Santos,South,Sports & Outdoors,Jump Rope,1,46.65,Completed,
ORD103003,3/30/2024,CUST1337,Budi Smith, West,Home & Kitchen,Non-Stick Pan,-1,32.73,Completed,PayPal
ORD100546,28/10/2024,CUST1298,Dewi Anderson,west,Clothing,Denim Jeans,1,63.46,Completed,Credit Card
ORD101197,20-Sep-24,CUST1822,Ayu Wilson,East,beauty,Moisturizer,1,20.83,Completed,PayPal
ORD102786,6-Feb-23,CUST1509,Fajar Wilson,WEST,Electronics,Laptop Stand,1,71.14,Completed,Gift Card
ORD101243,9/1/2024,CUST1218,Siti Tan,midwest,Toys,Board Game,1,42.73,Completed,Gift Card
ORD103402,15/05/2024,CUST1701,John Santos,SOUTH,books,Fiction Novel,1,29.36,Completed,Debit Card
ORD102049,25-Aug-24,CUST1091,Nina Wilson,south,Books,Fiction Novel,3,8.47,Returned,Credit Card
ORD103210,10/17/2024,CUST1004,Ahmad Yusuf,South ,Clothing,Hoodie,2,65.37,Completed,Credit Card
ORD102335,5/14/2023,CUST1818,Siti Salim,South ,Home & Kitchen,Non-Stick Pan,1,66.63,Completed,Credit Card
ORD102586,8/8/2023,CUST1071,Kevin Lee,SOUTH,home & kitchen,Non-Stick Pan,1,70.72,Completed,
ORD102549,12/26/2023,CUST1712,David Nugroho,MIDWEST,electronics,Power Bank,2,46.16,Completed,Gift Card
ORD101604,4/16/2023,CUST1417,Andi Hidayat, West,Sports & Outdoors,Yoga Mat,4,42.55,Completed,PayPal
ORD101090,7/19/2024,CUST1640,Siti Smith,SOUTH,sports & outdoors,Hiking Backpack,2,56.34,Completed,Gift Card
ORD103056,9/3/2024,CUST1023,Siti Wilson,East ,sports & outdoors,Hiking Backpack,1,24.82,Completed,Debit Card
ORD100803,3-Aug-24,CUST1550,Nina Anderson,East ,Toys,Building Blocks,1,22.38,Completed,PayPal
ORD103886,10/6/2024,CUST1633,James Kurniawan,east,Home & Kitchen,Coffee Maker,3,71.13,Completed,Credit Card
ORD100873,11/15/2024,CUST1674,Dewi Lee,South,Books,Children's Book,2,22.49,Completed,Debit Card
ORD103595,1/11/2024,CUST1275,Andi Johnson,Mid-West,Electronics,Wireless Earbuds,5,69.8,Completed,PayPal
ORD102396,29-Jul-24,CUST1682,Ayu Hidayat,South ,Toys,RC Car,2,28.56,completed,Credit Card
ORD102576,15-Sep-23,CUST1612,Budi Nugroho,EAST,Electronics,Wireless Earbuds,3,57.61,completed,Debit Card
ORD100376,8/8/2023,CUST1288,Ahmad Halim,East,Clothing,Baseball Cap,2,27.53,Returned,Gift Card
ORD100631,7/20/2024,CUST1121,David Nugroho,SOUTH,BEAUTY,Sunscreen SPF50,2,25.1,Completed,Debit Card
ORD101565,10/13/2023,CUST1261,Robert Taylor,SOUTH,Books,Fiction Novel,1,34.63,Completed,PayPal
ORD101060,3/15/2023,CUST1715,Dewi Tan, West,Beauty,Moisturizer,1,31.49,Completed,Credit Card
ORD101862,11/27/2024,CUST1515,John Salim,south,Clothing,Hoodie,4,57.91,Completed,Credit Card
ORD102689,2/29/2024,CUST1757,Sarah Lee,SOUTH,Home & Kitchen,Non-Stick Pan,2,86.68,Completed,
ORD103153,4/9/2024,CUST1267,Maria Anderson,midwest,electronics,Webcam,2,117.03,Completed,Gift Card
ORD100284,2/3/2023,CUST1151,Ayu Smith,east,ELECTRONICS,Laptop Stand,2,100.23,Completed,Debit Card
ORD100631,7/20/2024,CUST1121,David Nugroho,SOUTH,BEAUTY,Sunscreen SPF50,2,25.1,Completed,Debit Card
ORD103811,7/14/2023,CUST1835,Nina Wilson, West,toys,RC Car,2,43.51,Completed,Debit Card
ORD103299,9/8/2024,CUST1107,Fajar Yusuf,midwest,Home & Kitchen,Cutting Board,1,31.13,Completed,Credit Card
ORD103910,31-Aug-24,CUST1254,Nina Garcia,East,Toys,Puzzle 1000pc,1,59.8,Completed,Gift Card
ORD103351,28-Jan-23,CUST1236,Michael Wilson,East,Beauty,Shampoo,2,12.74,Completed,PayPal
ORD101765,,CUST1757,Sarah Lee, West,Beauty,Moisturizer,1,44.45,Cancelled,Debit Card
ORD101929,11-Apr-23,CUST1141,Fajar Taylor,East,TOYS,Action Figure,4,58.93,Completed,PayPal
ORD101097,4/5/2023,CUST1149,Sarah Yusuf,MIDWEST,Toys,Puzzle 1000pc,1,15.44,completed,PayPal
ORD101692,10/1/2023,CUST1413,Dewi Chen,Midwest,Home & Kitchen,Throw Pillow,1,55.66,Completed,Gift Card
ORD102842,7/14/2024,CUST1447,Ahmad Chen,west,Clothing,Cotton T-Shirt,1,42.72,Completed,PayPal
ORD102196,4/30/2023,CUST1561,Nina Santos,East,Toys,Building Blocks,2,54.84,Completed,PayPal
ORD101462,7/12/2024,CUST1133,,South ,Home & Kitchen,Coffee Maker,1,73.64,Completed,Debit Card
ORD103581,6/14/2023,CUST1120,Dewi Johnson,Mid-West,Clothing,Running Shorts,2,68.72,Completed,PayPal
ORD101995,15/06/2024,CUST1886,Robert Taylor,east,Beauty,Lip Balm,1,26.97,Completed,Gift Card
ORD100351,8/17/2024,CUST1342,Putri Anderson,East ,Clothing,Winter Jacket,2,76.06,Cancelled,PayPal
ORD102146,9-Apr-24,CUST1668,Siti Brown,,Sports & Outdoors,Camping Tent,1,90.64,Completed,Debit Card
ORD103760,25/05/2023,CUST1843,Siti Hidayat,east,Sports & Outdoors,Camping Tent,1,59.63,Completed,Credit Card
ORD100566,11/3/2023,CUST1695,James Johnson,EAST,Clothing,Baseball Cap,3,72.35,Completed,Debit Card
ORD100483,1/31/2023,CUST1006,James Smith,EAST,Home & Kitchen,Coffee Maker,1,102.03,Completed,PayPal
ORD103229,14-Jun-24,CUST1618,Budi Lee,East ,Books,Children's Book,2,15.48,completed,Credit Card
ORD102315,21-Mar-24,CUST1007,Budi Garcia,South ,Home & Kitchen,Cutting Board,3,52.53,Completed,
ORD100128,11/1/2023,CUST1567,Putri Garcia,MIDWEST,Beauty,Sunscreen SPF50,1,42.05,Completed,Credit Card
ORD102592,4/3/2024,CUST1870,Dewi Chen,WEST,Clothing,Denim Jeans,5,76.57,Completed,PayPal
ORD103016,2/20/2023,CUST1774,Maria Wijaya,South ,Sports & Outdoors,Camping Tent,1,22.67,Cancelled,Debit Card
ORD100356,5/10/2024,CUST1808,Michael Kurniawan,midwest,HOME & KITCHEN,Non-Stick Pan,1,114.7,Completed,Debit Card
ORD102803,16-Nov-23,CUST1763,Fajar Yusuf,west,Electronics,Laptop Stand,5,101.98,Cancelled,Credit Card
ORD103820,4-Jun-23,CUST1532,Siti Lee,WEST,Clothing,Winter Jacket,1,10.49,completed,Debit Card
ORD102412,2/27/2023,CUST1891,Sarah Lee,Mid-West,Toys,Board Game,3,16.71,Cancelled,Debit Card
ORD103415,3/19/2023,CUST1722,Sarah Wilson,South,Books,Children's Book,1,25.92,completed,PayPal
ORD103577,25-Nov-24,CUST1707,Michael Yusuf,east,Books,Children's Book,1,32.23,Completed,Credit Card
ORD101520,12/18/2024,CUST1513,Robert Kurniawan,MIDWEST,Books,Cookbook,1,10.1,Returned,Credit Card
ORD101035,7/14/2024,CUST1535,Maria Brown, West,Home & Kitchen,Storage Containers,1,92.16,Completed,Gift Card
ORD100054,1/17/2023,CUST1653,Michael Chen,South ,beauty,Sunscreen SPF50,1,11.58,Completed,Gift Card
ORD103502,4-Aug-24,CUST1432,Andi Smith,East ,Beauty,Face Mask Set,1,40.39,Completed,Credit Card
ORD100746,7/28/2024,CUST1746,Siti Garcia,SOUTH,home & kitchen,Blender,1,95.36,Completed,PayPal
ORD103254,2/2/2024,CUST1649,Rina Wilson,west,Beauty,Shampoo,1,29.87,Completed,Debit Card
ORD101241,2/24/2023,CUST1044,David Smith, West,BEAUTY,Face Mask Set,1,23.36,Cancelled,PayPal
ORD103279,2/9/2024,CUST1117,Sarah Pratama,South,Electronics,Wireless Earbuds,1,28.04,Completed,Gift Card
ORD101190,3/17/2023,CUST1638,Maria Kurniawan,,Toys,Building Blocks,1,29.17,Completed,Credit Card
ORD100457,6/30/2024,CUST1251,Nina Salim,South,Toys,Action Figure,1,19.43,Completed,Gift Card
ORD103741,8/8/2023,CUST1705,Michael Johnson,south,Sports & Outdoors,Hiking Backpack,1,76.32,Completed,Debit Card
ORD103915,25-Nov-23,CUST1581,Rina Hidayat,West,clothing,Baseball Cap,1,76.16,Completed,Credit Card
ORD103294,3/1/2024,CUST1699,John Yusuf,East ,Home & Kitchen,LED Desk Lamp,1,110.05,completed,Gift Card
ORD101282,11/12/2024,CUST1302,Dewi Taylor, West,Clothing,Hoodie,5,58.93,Completed,Debit Card
ORD100634,4/6/2023,CUST1109,Rina Halim,midwest,Clothing,Hoodie,2,,Completed,Debit Card
ORD103078,2/26/2024,CUST1502,Rina Kurniawan,East,Beauty,Face Mask Set,,19.42,Completed,Debit Card
ORD103701,4/25/2024,CUST1299,Lisa Chen,South ,Toys,RC Car,1,40.22,Returned,Credit Card
ORD103677,3/22/2023,CUST1008,Kevin Chen,East,Electronics,Power Bank,1,76.14,Completed,Credit Card
ORD101776,11/6/2024,CUST1834,Andi Nugroho,east,Toys,Puzzle 1000pc,1,53.1,Completed,PayPal
ORD103532,3/19/2024,CUST1373,James Smith,south,Toys,Building Blocks,1,22.69,Completed,Debit Card
ORD100695,20-Mar-23,CUST1620,Budi Chen,East,Sports & Outdoors,Camping Tent,4,,completed,PayPal
ORD100613,5/7/2023,CUST1264,Siti Halim,south,sports & outdoors,Resistance Bands,1,8.56,Pending,Gift Card
ORD102560,12/10/2024,CUST1144,Kevin Smith,South,Home & Kitchen,LED Desk Lamp,1,99.12,Completed,Credit Card
ORD102895,4/26/2024,CUST1107,Fajar Yusuf, West,Beauty,Shampoo,1,19.27,Completed,PayPal
ORD100465,9/5/2024,CUST1678,Lisa Brown, West,HOME & KITCHEN,Blender,2,45.68,Completed,
ORD103787,11/5/2024,CUST1413,Dewi Chen,South,books,Children's Book,1,32.74,Returned,Credit Card
ORD103378,8/24/2023,CUST1052,Fajar Halim,EAST,beauty,Shampoo,2,17.45,Completed,Credit Card
ORD103580,8/1/2023,CUST1057,,south,Sports & Outdoors,Hiking Backpack,1,76.98,Completed,PayPal
ORD101466,7/20/2023,CUST1090,Lisa Pratama,East , Toys ,Building Blocks,1,47,Completed,Credit Card
ORD101477,11/20/2024,CUST1108,Rina Garcia,Midwest,Electronics,Smartphone Case,1,29.22,Completed,Debit Card
ORD101504,9/22/2024,CUST1332,Siti Johnson,WEST,home & kitchen,Coffee Maker,1,73.04,Completed,Debit Card
ORD101800,8/30/2023,CUST1890,Ahmad Sari, West,clothing,Wool Socks,1,45.29,Completed,Debit Card
ORD103810,12/2/2023,CUST1266,Kevin Nugroho,midwest,Sports & Outdoors,Water Bottle,1,97.11,Cancelled,PayPal
ORD101631,12/5/2023,CUST1750,Nina Brown,SOUTH,Sports & Outdoors,Jump Rope,1,47.19,Completed,Gift Card
ORD100405,10/18/2024,CUST1755,Budi Sari,East,Home & Kitchen,Cutting Board,1,37.29,Completed,Gift Card
ORD103264,1/11/2024,CUST1354,Fajar Tan,Mid-West,Clothing,Running Shorts,1,10.38,Completed,Credit Card
ORD101124,8/12/2024,CUST1494,Robert Pratama,south,Clothing,Hoodie,1,36.32,Completed,PayPal
ORD102839,1/21/2023,CUST1585,Robert Anderson,Mid-West,Clothing,Running Shorts,2,49.01,Completed,PayPal
ORD103626,25-Jul-23,CUST1657,Lisa Brown,midwest,Electronics,Webcam,1,25.98,Completed,Debit Card
ORD102369,8/23/2024,CUST1454,Fajar Wijaya,south,Toys,Board Game,1,15.61,Completed,PayPal
ORD101272,19-May-23,CUST1218,Siti Tan,west,books,Self-Help Guide,1,14.55,Completed,PayPal
ORD100197,1/8/2024,CUST1137,Budi Wijaya,East ,Sports & Outdoors,Hiking Backpack,2,75.79,Completed,PayPal
ORD102266,5/21/2024,CUST1412,Siti Anderson,WEST,Beauty,Lip Balm,3,32.78,Completed,Credit Card
ORD103437,3/29/2024,CUST1450,David Santos,East ,Electronics,Wireless Mouse,1,97.51,completed,Debit Card
ORD101269,8/25/2024,CUST1216,Robert Anderson,Midwest,Books,Self-Help Guide,2,18.57,cancelled,Gift Card
ORD102568,5/24/2023,CUST1875,Fajar Garcia,South,Books,Business Strategy Book,1,9.69,Completed,Credit Card
ORD101884,3/24/2023,CUST1052,Fajar Halim,South,Electronics,Power Bank,1,108.41,Completed,PayPal
ORD100882,7/7/2023,CUST1117,Sarah Pratama,South,Electronics,Smartphone Case,1,80.76,Completed,PayPal
ORD101353,31-Oct-24,CUST1085,John Kurniawan,West,Clothing,Baseball Cap,3,24.12,Completed,PayPal
ORD103301,3/6/2024,CUST1302,Dewi Taylor, West,Electronics,Smartphone Case,1,74.83,Completed,
ORD101715,2-Feb-24,CUST1052,Fajar Halim,south,Sports & Outdoors,Hiking Backpack,2,59.23,Completed,Debit Card
ORD103272,20-Nov-23,CUST1222,Dewi Sari,EAST,Toys,Building Blocks,1,48.88,Cancelled,PayPal
ORD101416,11/28/2023,CUST1422,Budi Pratama,East ,Electronics,Wireless Earbuds,2,93.17,Completed,PayPal
ORD102665,8/23/2023,CUST1172,Nina Lee,east,Home & Kitchen,Non-Stick Pan,5,93.48,Completed,Debit Card
ORD103723,1/13/2023,CUST1767,Andi Smith,West,toys,Building Blocks,1,34.87,Completed,Debit Card
ORD102302,9/15/2024,CUST1596,Ayu Garcia,south,electronics,Smartphone Case,1,98.43,Completed,Gift Card
ORD101495,9/21/2023,CUST1085,John Kurniawan,South ,Home & Kitchen,Storage Containers,1,103.41,Completed,Debit Card
ORD102827,,CUST1818,Siti Salim,SOUTH,toys,RC Car,1,21,Completed,Credit Card
ORD100824,,CUST1040,Lisa Garcia,Midwest,Toys,Puzzle 1000pc,2,24.38,Cancelled,PayPal
ORD102886,4/2/2023,CUST1462,Michael Lee,west,electronics,Wireless Mouse,2,121.54,Completed,Gift Card
ORD103653,13-Mar-24,CUST1672,Ahmad Smith,east,Home & Kitchen,Coffee Maker,1,44.4,Completed,Credit Card
ORD100792,12/1/2024,CUST1211,Sarah Santos,south,Books,Children's Book,1,21.74,Completed,PayPal
ORD100713,12/16/2023,CUST1598,Nina Halim,MIDWEST,Beauty,Shampoo,1,28.02,Completed,Credit Card
ORD102594,4/13/2023,CUST1426,Ahmad Johnson,EAST,Sports & Outdoors,Yoga Mat,2,45.1,Returned,Debit Card
ORD101849,6/30/2023,CUST1309,,South ,HOME & KITCHEN,Throw Pillow,1,70.12,Completed,PayPal
ORD101510,6/7/2023,CUST1171,James Anderson,East,Clothing,Hoodie,1,38.3,Completed,Debit Card
ORD100719,12/22/2023,CUST1284,Lisa Smith,Midwest,Books,Business Strategy Book,1,26.54,Completed,Credit Card
ORD102875,4/30/2023,CUST1808,Michael Kurniawan,midwest,Sports & Outdoors,Jump Rope,1,85.82,Completed,Credit Card
ORD102593,11/29/2024,CUST1734,Ahmad Wilson,South,Books,Cookbook,1,24.17,Completed,PayPal
ORD103010,6-Apr-24,CUST1709,Maria Kurniawan,West, Sports & Outdoors ,Resistance Bands,,24.13,Completed,Credit Card
ORD101159,8/8/2023,CUST1358,Andi Yusuf,East,beauty,Lip Balm,2,18.08,Completed,Debit Card
ORD101232,10/8/2024,CUST1135,Rina Kurniawan,Mid-West,Sports & Outdoors,Jump Rope,1,13.13,Completed,PayPal
ORD102953,8/21/2024,CUST1824,Linda Chen,midwest,SPORTS & OUTDOORS,Yoga Mat,1,83.86,Cancelled,Credit Card
ORD103963,1/15/2024,CUST1692,Ayu Chen,East ,BOOKS,Fiction Novel,1,10.39,Completed,Debit Card
ORD101959,2/12/2023,CUST1569,David Kurniawan,MIDWEST,Home & Kitchen,LED Desk Lamp,2,15.48,Completed,PayPal
ORD101258,2/4/2023,CUST1150,Ayu Wijaya,South,Electronics,Laptop Stand,1,119.65,Completed,Gift Card
ORD101222,5-May-23,CUST1591,Fajar Wilson,west,books,Cookbook,5,19.38,Completed,Credit Card
ORD102005,7/27/2023,CUST1537,Putri Sari, West,Toys,Board Game,3,28.92,Cancelled,Credit Card
ORD103274,6/25/2024,CUST1297,Nina Wilson,south,toys,Building Blocks,2,49.5,Completed,Credit Card
ORD101181,1/12/2023,CUST1584,John Garcia,Mid-West, Sports & Outdoors ,Hiking Backpack,1,51.78,Completed,Credit Card
ORD102453,11/26/2023,CUST1594,James Chen, West, Electronics ,Power Bank,2,53.99,Completed,Credit Card
ORD103958,30/03/2024,CUST1005,Dewi Wijaya,,Toys,Building Blocks,1,,Completed,Gift Card
ORD102988,11/28/2023,CUST1803,,Mid-West,Books,Business Strategy Book,2,33.15,Completed,Gift Card
ORD103860,4/15/2024,CUST1638,Maria Kurniawan,EAST,Electronics,Laptop Stand,2,115.1,Completed,Credit Card
ORD103031,10/26/2024,CUST1843,Siti Hidayat,East ,Beauty,Moisturizer,1,26.59,completed,Credit Card
ORD103316,10/7/2023,CUST1130,Maria Johnson,south,Toys,Puzzle 1000pc,1,55.23,Completed,Debit Card
ORD101247,7/1/2023,CUST1734,Ahmad Wilson,WEST,Home & Kitchen,Blender,2,117.42,Completed,PayPal
ORD102850,5/14/2023,CUST1327,Rina Lee,Mid-West,Beauty,Moisturizer,1,36.91,Completed,Credit Card
ORD103287,9/22/2024,CUST1062,Andi Salim,South ,Beauty,Sunscreen SPF50,1,27.94,Completed,
ORD103575,6/17/2024,CUST1182,Dewi Tan,South ,Beauty,Face Mask Set,1,39.74,Completed,PayPal
ORD100010,2/12/2024,CUST1132,Robert Tan,EAST,Books,Fiction Novel,1,10,Pending,Gift Card
ORD101619,1/23/2024,CUST1212,Budi Wilson,east,Books,Self-Help Guide,1,10.3,Completed,Debit Card
ORD103647,7-Aug-23,CUST1751,Sarah Brown,EAST,Home & Kitchen,Non-Stick Pan,1,62.15,Completed,PayPal
ORD103230,10/26/2023,CUST1638,Maria Kurniawan,EAST,HOME & KITCHEN,Storage Containers,4,19.23,Completed,Debit Card
ORD101285,12/7/2024,CUST1230,Budi Sari,West,Cloths,Hoodie,one,74.56,Completed,Credit Card
ORD103833,31/05/2024,CUST1207,Maria Taylor,east,Clothing,Running Shorts,1,58.86,completed,Gift Card
ORD103389,26/08/2024,CUST1167,Putri Hidayat,south,Electronics,Bluetooth Speaker,2,90.65,Completed,Debit Card
ORD102565,2/7/2023,CUST1810,Dewi Salim,WEST,Clothing,Winter Jacket,5,52.47,Completed,Debit Card
ORD101741,7/9/2023,CUST1046,Michael Pratama,Midwest,home & kitchen,Storage Containers,1,27.47,Completed,Gift Card
ORD101769,6/18/2024,CUST1703,Budi Wilson,midwest,Clothing,Baseball Cap,1,56.2,Completed,Credit Card
ORD101869,10/4/2023,CUST1184,Michael Kurniawan,west,HOME & KITCHEN,Non-Stick Pan,1,59.64,Completed,PayPal
ORD102960,13/04/2023,CUST1475,Ayu Taylor,SOUTH,ELECTRONICS,Laptop Stand,2,148.37,Completed,PayPal
ORD101171,20-Jan-23,CUST1065,Lisa Tan, West,Books,Cookbook,1,21.64,completed,Debit Card
ORD100135,6/1/2023,CUST1800,David Chen,south,Sports & Outdoors,Yoga Mat,1,43.36,Completed,Credit Card
ORD103792,5-Jan-24,CUST1225,Siti Wilson,South ,SPORTS & OUTDOORS,Camping Tent,1,31.18,completed,Debit Card
ORD100964,26-Sep-23,CUST1771,Putri Salim,midwest,sports & outdoors,Jump Rope,1,57.44,Completed,Gift Card
ORD101841,11/19/2024,CUST1241,Fajar Hidayat,West,Clothing,Cotton T-Shirt,2,$34.82 ,Completed,Credit Card
ORD100543,19/08/2023,CUST1385,Michael Lee,west,Electronics,Laptop Stand,1,136.82,Completed,Credit Card
ORD100494,8/22/2023,CUST1483,Nina Anderson, West,Beauty,Sunscreen SPF50,1,6.92,Completed,PayPal
ORD102455,4/13/2024,CUST1818,Siti Salim, West,Books,Fiction Novel,3,11.58,Cancelled,Debit Card
ORD100997,14-Aug-23,CUST1201,Linda Johnson,Mid-West,electronics,Webcam,1,135.84,Completed,Debit Card
ORD100524,11-Sep-24,CUST1646,Maria Salim,WEST,Beauty,Moisturizer,1,35.39,Completed,PayPal
ORD103955,8-Feb-24,CUST1157,Robert Kurniawan,Midwest,beauty,Face Mask Set,1,33.54,Cancelled,PayPal
ORD101420,4/25/2023,CUST1783,Ayu Taylor,MIDWEST,Home & Kitchen,Throw Pillow,1,26.41,Cancelled,PayPal
ORD103565,10/29/2023,CUST1574,Ahmad Hidayat,,clothing,Baseball Cap,,21.69,Completed,Credit Card
ORD101273,7-Mar-24,CUST1748,Robert Salim,East,Clothing,Wool Socks,2,53.87,Pending,Debit Card
ORD101642,4/1/2023,CUST1435,Dewi Lee,west,Beauty,Face Mask Set,2,31.5,Completed,PayPal
ORD100786,1/20/2024,CUST1783,Ayu Taylor,south,Electronics,Power Bank,2,90.96,Returned,PayPal
ORD102950,3/29/2023,CUST1432,Andi Smith,west,beauty,Moisturizer,1,14.08,completed,Credit Card
ORD100961,7/27/2024,CUST1808,Michael Kurniawan,South,beauty,Shampoo,4,35.14,Completed,PayPal
ORD100893,7/15/2024,CUST1894,Putri Anderson,Mid-West,Beauty,Sunscreen SPF50,3,36.21,cancelled,Gift Card
ORD101343,7/3/2024,CUST1270,Andi Salim,midwest,Electronics,Webcam,2,80.67,Cancelled,Gift Card
ORD101050,14-Sep-23,CUST1348,Putri Nugroho,East,clothing,Winter Jacket,4,65.17,Completed,PayPal
ORD102653,12/12/2024,CUST1757,Sarah Lee,midwest,Home & Kitchen,Cutting Board,2,106.14,Completed,Credit Card
ORD101119,6/7/2023,CUST1393,Putri Johnson,South ,Books,Cookbook,1,23.58,Cancelled,PayPal
ORD101371,3/18/2023,CUST1551,Linda Smith,midwest,Books,Fiction Novel,1,12.48,Completed,Gift Card
ORD103442,4/13/2023,CUST1755,Budi Sari,East,Beauty,Shampoo,1,40.44,Completed,Debit Card
ORD101698,2/8/2024,CUST1881,Ahmad Salim,East,CLOTHING,Wool Socks,1,77.81,Cancelled,PayPal
ORD102249,2/7/2023,CUST1721,Nina Wijaya,west,Toys,Board Game,2,53.42,Completed,Credit Card
ORD103916,6/6/2023,CUST1681,Maria Hidayat,east,Sports & Outdoors,Water Bottle,1,86.62,Cancelled,Debit Card
ORD101300,6/1/2023,CUST1630,John Kurniawan,west,Home & Kitchen,Throw Pillow,2,92.51,Completed,Gift Card
ORD103044,2/21/2024,CUST1217,Michael Santos, West,Clothing,Baseball Cap,2,76.4,Completed,PayPal
ORD101533,20/04/2024,CUST1119,Andi Kurniawan,south,Beauty,Shampoo,1,35.77,Completed,Gift Card
ORD101315,27-Jul-23,CUST1430,Maria Garcia,WEST,Home & Kitchen,Non-Stick Pan,1,65.37,Completed,Credit Card
ORD101870,10/25/2023,CUST1315,Andi Brown,EAST,Electronics,Bluetooth Speaker,2,59.88,Completed,Debit Card
ORD101411,30-Jul-23,CUST1211,Sarah Santos,Mid-West,sports & outdoors,Yoga Mat,1,88.93,Completed,Gift Card
ORD103852,11/29/2023,CUST1188,James Lee,west,Books,Cookbook,2,15.06,Completed,Debit Card
ORD102156,1/11/2024,CUST1798,Siti Anderson,,Beauty,Lip Balm,1,6.38,Completed,Gift Card
ORD103671,5/29/2024,CUST1352,Lisa Taylor, West,Clothing,Hoodie,1,14.17,Completed,PayPal
ORD100345,1/15/2023,CUST1221,Siti Chen,SOUTH,Books,Children's Book,1,32.03,Completed,PayPal
ORD102754,7/1/2023,CUST1814,Michael Taylor,east,Sports & Outdoors,Resistance Bands,1,81.34,Completed,Credit Card
ORD103920,2/13/2024,CUST1631,Lisa Tan,Midwest,Beauty,Sunscreen SPF50,2,34.91,Completed,PayPal
ORD103767,11/23/2023,CUST1481,James Chen,West,Toys,Board Game,2,22.9,Completed,
ORD102975,,CUST1246,Ayu Brown,East ,electronics,Laptop Stand,1,112.19,Completed,Debit Card
ORD101077,2/12/2023,CUST1035,David Smith,East ,Beauty,Moisturizer,2,15.09,Pending,Credit Card
ORD101025,6/8/2024,CUST1348,Putri Nugroho,South,Toys,Board Game,1,12.36,Completed,Gift Card
ORD100633,10/9/2023,CUST1826,Maria Halim,Midwest,Toys,Board Game,1,25.72,completed,PayPal
ORD103149,8/28/2024,CUST1238,John Pratama,West,Books,Self-Help Guide,1,23.43,pending,Gift Card
ORD101211,20-Mar-23,CUST1667,Robert Halim,west,Sports & Outdoors,Resistance Bands,1,58.96,completed,PayPal
ORD101664,3/12/2023,CUST1179,David Salim,,Home & Kitchen,Coffee Maker,2,112.14,Completed,Debit Card
ORD101257,10/31/2024,CUST1065,Lisa Tan,east,Electronics,Power Bank,2,148,Completed,PayPal
ORD101821,9/2/2023,CUST1738,Fajar Halim,east,Beauty,Moisturizer,2,44.42,Completed,Credit Card
ORD100218,9/22/2023,CUST1600,Maria Wijaya,South,Toys,Building Blocks,1,9.56,Completed,PayPal
ORD103024,4/18/2023,CUST1231,Dewi Smith,South ,Books,Children's Book,1,25.52,Completed,Debit Card
ORD101788,8/6/2024,CUST1191,,South ,Electronics,Power Bank,2,15.61,Completed,
ORD100412,9/17/2023,CUST1240,Linda Chen,East,Sports & Outdoors,Resistance Bands,3,43.83,Completed,Gift Card
ORD100195,5/24/2023,CUST1111,Siti Halim,EAST,Cloths,Wool Socks,2,25.97,cancelled,PayPal
ORD103114,11-Sep-24,CUST1630,John Kurniawan,west,sports & outdoors,Yoga Mat,3,52.88,Cancelled,PayPal
ORD102338,10/5/2024,CUST1471,James Anderson,EAST,Beauty,Sunscreen SPF50,3,18.79,Pending,Credit Card
ORD101339,6/27/2023,CUST1355,Michael Garcia,West,TOYS,RC Car,1,23.65,Completed,Debit Card
ORD100021,6/15/2024,CUST1039,Robert Tan,Mid-West,Clothing,Wool Socks,1,54.35,Completed,PayPal
ORD103193,9/7/2023,CUST1687,Siti Sari,Mid-West,Clothing,Hoodie,2,45.02,Completed,PayPal
ORD100250,12/9/2024,CUST1604,John Wilson,midwest,Home & Kitchen,Coffee Maker,2,82.95,Completed,Credit Card
ORD102334,21-Sep-23,CUST1213,Michael Tan,East ,Toys,RC Car,1,59.55,Pending,Credit Card
ORD102929,3/7/2023,CUST1858,Maria Hidayat,East,Sports & Outdoors,Resistance Bands,2,17.88,Completed,Debit Card
ORD103085,7/4/2023,CUST1364,David Brown,South,books,Self-Help Guide,1,26.55,Completed,Credit Card
ORD101506,4/8/2024,CUST1060,Ahmad Wilson,South ,Clothing,Baseball Cap,2,69.11,Completed,Debit Card
ORD102677,16-Aug-24,CUST1439,Maria Johnson,Mid-West,Books,Children's Book,4,27.88,Completed,Debit Card
ORD102373,6/6/2024,CUST1288,Ahmad Halim,Midwest, Books ,Fiction Novel,2,30.21,completed,Debit Card
ORD101158,6/3/2023,CUST1345,Michael Santos,midwest,toys,Building Blocks,1,$41.30 ,Completed,Gift Card
ORD102299,9/22/2023,CUST1853,Robert Smith,East ,home & kitchen,Storage Containers,,13.42,Completed,Debit Card
ORD103214,1/3/2024,CUST1482,Sarah Johnson,midwest,Toys,RC Car,1,13.66,Returned,Credit Card
ORD100287,3/13/2024,CUST1644,Andi Salim,SOUTH,Books,Fiction Novel,1,21.95,Completed,Debit Card
ORD101508,8/1/2024,CUST1022,Andi Anderson,East,Clothing,Cotton T-Shirt,2,18.67,Returned,PayPal
ORD100097,3/9/2024,CUST1040,Lisa Garcia,Mid-West,Electronics,Webcam,1,125.87,Completed,Credit Card
ORD102420,1/30/2024,CUST1511,Maria Brown,Midwest,Electronics,Power Bank,1,68.78,Completed,Debit Card
ORD102961,4/3/2023,CUST1062,Andi Salim,west,Beauty,Lip Balm,5,7.95,Completed,Credit Card
ORD102346,9/16/2023,CUST1362,Linda Taylor,Mid-West, Toys ,Puzzle 1000pc,1,26.24,Cancelled,Credit Card
ORD101259,3/25/2024,CUST1844,Ahmad Johnson,East ,Books,Fiction Novel,1,32.14,Completed,Credit Card
ORD102057,4/7/2024,CUST1293,Robert Yusuf,South ,ELECTRONICS,Laptop Stand,3,70.16,Cancelled,Credit Card
ORD102505,19-Jul-23,CUST1318,David Smith,west,Electronics,Smartphone Case,2,67.06,Completed,Debit Card
ORD100387,12/20/2023,CUST1640,Siti Smith,East ,Home & Kitchen,Cutting Board,1,115.42,Pending,Gift Card
ORD102140,16/07/2023,CUST1237,Nina Anderson,South , Beauty ,Shampoo,1,27.21,Completed,Credit Card
ORD102088,11-May-23,CUST1052,Fajar Halim,,toys,Action Figure,2,38.42,Completed,PayPal
ORD102471,19-Nov-24,CUST1420,Ayu Wijaya,Midwest,Sports & Outdoors,Resistance Bands,2,38.06,Completed,Gift Card
ORD101647,22/08/2023,CUST1514,Rina Wijaya,west,books,Fiction Novel,1,30.73,Completed,Credit Card
ORD102391,9/13/2023,CUST1263,John Santos,WEST,Sports & Outdoors,Hiking Backpack,1,84.25,Completed,Debit Card
ORD101752,5/10/2023,CUST1641,Rina Nugroho,south,books,Children's Book,1,28.86,Pending,Debit Card
ORD102796,3/12/2023,CUST1038,Linda Nugroho,east,Beauty,Shampoo,1,29.61,Completed,Gift Card
ORD101114,4/12/2024,CUST1178,Michael Pratama,Mid-West,Electronics,Smartphone Case,2,99.62,completed,Credit Card
ORD103731,12/30/2024,CUST1382,David Hidayat,east, SPORTS & OUTDOORS ,Camping Tent,2,14.84,Pending,Gift Card
ORD100600,28-May-23,CUST1869,Maria Garcia,Mid-West,Toys,Puzzle 1000pc,1,41.38,Cancelled,Gift Card
ORD101082,3/4/2024,CUST1245,Dewi Yusuf,MIDWEST,Sports & Outdoors,Resistance Bands,2,28.96,Completed,Debit Card
ORD103615,25/05/2023,CUST1684,,,Beauty,Sunscreen SPF50,1,8.41,Completed,Gift Card
ORD101771,2/19/2024,CUST1622,Michael Garcia,South,Electronics,Smartphone Case,1,27.5,cancelled,PayPal
ORD100858,12/29/2024,CUST1712,David Nugroho,East,Electronics,USB-C Cable,2,52.15,Completed,Gift Card
ORD103866,8/13/2024,CUST1753,Kevin Lee,west,books,Cookbook,1,25.74,completed,Debit Card
ORD100985,9-Mar-24,CUST1670,David Sari,Mid-West,toys,Puzzle 1000pc,4,11.28,Cancelled,PayPal
ORD101528,9/21/2024,CUST1291,Dewi Wijaya,east,Beauty,Moisturizer,1,13.64,Completed,Credit Card
ORD100765,2/11/2023,CUST1615,Putri Anderson,SOUTH,Home & Kitchen,Cutting Board,4,87.86,Pending,PayPal
ORD101557,6/9/2024,CUST1043,Michael Wilson,West,Sports & Outdoors,Yoga Mat,-2,9.42,Completed,Credit Card
ORD101867,5/10/2024,CUST1746,Siti Garcia,East ,Electronics,Smartphone Case,1,73.42,Completed,PayPal
ORD101095,1/31/2023,CUST1120,Dewi Johnson,SOUTH,Clothing,Wool Socks,1,77.05,Completed,PayPal
ORD100080,12/28/2024,CUST1668,Siti Brown,South ,Sports & Outdoors,Camping Tent,1,57,Cancelled,Gift Card
ORD100134,2/2/2024,CUST1609,Rina Chen,East,Home & Kitchen,Blender,1,23.93,Completed,
ORD103524,9/10/2023,CUST1842,Siti Salim,west,sports & outdoors,Jump Rope,1,55.27,Returned,PayPal
ORD102268,7/30/2023,CUST1410,Fajar Hidayat,SOUTH,Clothing,Wool Socks,3,25.94,Completed,Gift Card
ORD101491,10/7/2023,CUST1701,John Santos, West,Books,Children's Book,2,31.51,Completed,Debit Card
ORD101832,5/10/2024,CUST1814,, West,Electronics,Wireless Earbuds,2,88.75,Completed,Credit Card
ORD102474,11/11/2023,CUST1637,Linda Tan,WEST,Beauty,Sunscreen SPF50,1,10.51,Completed,Debit Card
ORD101066,2/12/2023,CUST1374,Nina Garcia, West,HOME & KITCHEN,Throw Pillow,1,58.05,Completed,Credit Card
ORD102727,9/4/2023,CUST1713,Dewi Taylor,WEST,ELECTRONICS,Webcam,250,44.7,Completed,Debit Card
ORD103282,4/13/2023,CUST1684,Fajar Salim,South,Beauty,Shampoo,1,14.75,Completed,Credit Card
ORD102342,2/28/2024,CUST1477,Budi Tan,west,Beauty,Lip Balm,1,25.5,Completed,Gift Card
ORD102798,5/9/2024,CUST1052,Fajar Halim,MIDWEST,Sports & Outdoors,Resistance Bands,1,50.14,Completed,PayPal
ORD101436,8/20/2024,CUST1276,Rina Nugroho,West,Toys,Building Blocks,2,29.45,Completed,Gift Card
ORD100890,5/28/2023,CUST1490,,midwest,Clothing,Running Shorts,1,46.2,Completed,PayPal
ORD103945,30/04/2023,CUST1772,Ahmad Hidayat,south,Beauty,Lip Balm,1,17.43,Completed,PayPal
ORD103181,12/3/2023,CUST1145,Linda Smith,East, Beauty ,Moisturizer,1,37.9,Completed,Gift Card
ORD102686,9/9/2024,CUST1167,Putri Hidayat,South ,Books,Fiction Novel,1,33.29,Completed,PayPal
ORD103491,10/10/2023,CUST1792,Linda Sari,midwest,Books,Business Strategy Book,1,13.83,Completed,PayPal
ORD100530,1/8/2023,CUST1778,Kevin Wilson,EAST,Electronic,Wireless Earbuds,1,138.03,Completed,Credit Card
ORD101449,11/9/2024,CUST1084,Ahmad Anderson,Midwest,Electronics,Bluetooth Speaker,2,104.61,Completed,Debit Card
ORD102277,10/8/2023,CUST1460,Rina Sari, West,Sports & Outdoors,Yoga Mat,1,12.96,Completed,Debit Card
ORD100274,3/23/2023,CUST1610,Dewi Tan,EAST,clothing,Denim Jeans,2,70.98,Completed,Gift Card
ORD103848,10/6/2023,CUST1889,James Sari,South ,CLOTHING,Hoodie,1,71.81,Completed,Debit Card
ORD100211,4/2/2024,CUST1407,Rina Smith,east,beauty,Shampoo,1,41.99,completed,PayPal
ORD103326,11-Aug-24,CUST1333,,west,Books,Self-Help Guide,4,10.83,Completed,Credit Card
ORD102541,1/21/2023,CUST1312,Linda Wijaya,South ,Clothing,Hoodie,-2,36.76,completed,Credit Card
ORD102787,11/22/2023,CUST1596,Ayu Garcia,south,Toys,Action Figure,3,17.12,Completed,PayPal
ORD103419,2/6/2024,CUST1870,Dewi Chen,east,Beauty,Lip Balm,2,16.93,Cancelled,PayPal
ORD101498,12/3/2024,CUST1779,Andi Yusuf,Mid-West,electronics,Wireless Mouse,1,138.8,Completed,Gift Card
ORD100181,9/3/2024,CUST1726,John Tan,WEST,Clothing,Cotton T-Shirt,4,57.08,Completed,Debit Card
ORD101098,4/5/2024,CUST1278,David Salim,east,beauty,Moisturizer,5,18.05,Completed,Credit Card
ORD102222,12/12/2024,CUST1246,Ayu Brown,EAST,Books,Fiction Novel,1,13,Completed,Debit Card
ORD101408,,CUST1808,Michael Kurniawan,Midwest,Home & Kitchen,Coffee Maker,1,41.66,Pending,Credit Card
ORD100133,7/17/2023,CUST1775,Putri Hidayat,west,sports & outdoors,Water Bottle,2,88.38,Completed,Gift Card
ORD103879,5/15/2023,CUST1054,Putri Garcia,South,Electronics,Power Bank,3,135.85,Completed,Debit Card
ORD102947,9/25/2023,CUST1189,Ahmad Kurniawan, West,electronics,Wireless Mouse,2,54.95,Completed,Gift Card
ORD101509,9/23/2023,CUST1833,Putri Yusuf,EAST,Clothing,Winter Jacket,4,33.2,Completed,Credit Card
ORD100937,5/6/2024,CUST1468,Michael Tan, West,Sports & Outdoors,Hiking Backpack,1,38.99,Completed,Debit Card
ORD102465,12/4/2024,CUST1040,Lisa Garcia,WEST,home & kitchen,Non-Stick Pan,1,23.42,Completed,PayPal
ORD100506,7/15/2024,CUST1475,Ayu Taylor,,sports & outdoors,Camping Tent,3,45.83,Completed,Gift Card
ORD103561,2/23/2023,CUST1051,Lisa Tan,west,books,Cookbook,1,19.06,Completed,Debit Card
ORD102354,8/2/2024,CUST1306,John Chen,South ,Books,Self-Help Guide,2,25.35,Completed,PayPal
ORD103841,5/19/2023,CUST1175,Lisa Kurniawan,Mid-West,Toys,Board Game,1,13.85,Completed,Debit Card
ORD100281,24-Jun-23,CUST1163,Lisa Pratama,South,Sports & Outdoors,Hiking Backpack,2,86.72,Returned,PayPal
ORD101524,1/18/2024,CUST1172,Nina Lee,,Home & Kitchen,Blender,1,78.32,Completed,Gift Card
ORD101459,12/7/2023,CUST1392,Nina Garcia,East,Toys,Building Blocks,2,16.37,completed,Debit Card
ORD101840,4/13/2023,CUST1249,Kevin Taylor,South,clothing,Hoodie,1,47.35,Completed,PayPal
ORD100137,3-Oct-23,CUST1339,Siti Hidayat,East ,Beauty,Shampoo,5,15,Cancelled,Credit Card
ORD103612,16-May-23,CUST1427,James Halim,West,Clothing,Cotton T-Shirt,3,40.78,Completed,Gift Card
ORD102197,14-Mar-23,CUST1671,John Taylor, West,Sports & Outdoors,Camping Tent,2,61.48,Pending,Gift Card
ORD101229,3/5/2024,CUST1629,James Tan, West,Electronics,Laptop Stand,1,121.87,completed,Debit Card
ORD100113,5/6/2023,CUST1454,Fajar Wijaya,EAST,toys,Puzzle 1000pc,1,38.74,Completed,Gift Card
ORD100155,18-Aug-23,CUST1168,Linda Nugroho,east,TOYS,Board Game,1,,Completed,PayPal
ORD103304,7/15/2023,CUST1490,David Halim,West,beauty,Shampoo,2,21.93,Completed,Credit Card
ORD100331,5/15/2024,CUST1143,Linda Wijaya,east,Electronics,USB-C Cable,1,29.22,Completed,
ORD100370,5/21/2023,CUST1593,,West,Home & Kitchen,Throw Pillow,2,87.02,Completed,Debit Card
ORD102636,11/13/2023,CUST1609,Rina Chen, West,Beauty,Lip Balm,3,44.77,Completed,PayPal
ORD103987,7/29/2024,CUST1680,Putri Halim,South ,Beauty,Shampoo,1,42.51,Completed,Debit Card
ORD101121,8/5/2024,CUST1399,Rina Lee,Mid-West,Sports & Outdoors,Jump Rope,1,59.23,Completed,Credit Card
ORD101745,12/6/2023,CUST1479,Nina Nugroho,EAST,Sports & Outdoors,Hiking Backpack,5,15.34,Completed,Gift Card
ORD101043,8/13/2023,CUST1799,Robert Hidayat,South ,clothing,Wool Socks,4,42.38,Pending,PayPal
ORD102995,12/19/2023,CUST1703,Budi Wilson,midwest,Sports & Outdoors,Water Bottle,1,64.15,Completed,Gift Card
ORD100674,1/7/2023,CUST1655,John Tan,MIDWEST, toys ,Puzzle 1000pc,2,38.03,Completed,PayPal
ORD103949,23/01/2024,CUST1755,Budi Sari,South,Toys,RC Car,4,47.3,completed,Debit Card
ORD102660,12/13/2024,CUST1213,Michael Tan,EAST,Home & Kitchen,Storage Containers,2,14.82,Completed,Debit Card
ORD102658,7/20/2024,CUST1619,, West,CLOTHING,Cotton T-Shirt,1,45.78,Completed,PayPal
ORD100070,1/4/2024,CUST1596,Ayu Garcia,South,sports & outdoors,Hiking Backpack,1,20.33,Completed,Credit Card
ORD101566,9/12/2023,CUST1360,Michael Santos,South ,Toys,Action Figure,1,9.06,Completed,Debit Card
ORD100114,8/8/2023,CUST1391,Siti Pratama,WEST, Beauty ,Lip Balm,1,29.02,Returned,Debit Card
ORD102303,4-Oct-23,CUST1445,Kevin Anderson,midwest,Electronics,USB-C Cable,1,127.19,Completed,Gift Card
ORD100995,4/4/2024,CUST1521,John Smith,Midwest,Clothing,Wool Socks,2,72.56,Completed,
ORD102375,11/4/2023,CUST1679,Siti Halim,SOUTH,Clothing,Running Shorts,3,69.49,Completed,Gift Card
ORD101167,6/1/2023,CUST1831,Sarah Hidayat,South,Beauty,Face Mask Set,1,21.07,Completed,Credit Card
ORD103247,11/26/2024,CUST1177,Ayu Pratama,EAST,Beauty,Sunscreen SPF50,1,,Completed,Debit Card
ORD100648,4/24/2023,CUST1005,Dewi Wijaya,Midwest,beauty,Moisturizer,3,11.21,Completed,Debit Card
ORD101340,30-Jan-23,CUST1264,Siti Halim,west,toys,Board Game,4,21.36,Completed,PayPal
ORD103487,5/14/2024,CUST1898,Ahmad Nugroho,South,Sports & Outdoors,Hiking Backpack,1,13.48,Completed,Debit Card
ORD103108,6-May-24,CUST1468,Michael Tan, West,Cloths,Wool Socks,2,44.11,Pending,Credit Card
ORD101223,2/16/2023,CUST1395,Lisa Kurniawan,South,Sports & Outdoors,Camping Tent,1,41.6,Returned,Gift Card
ORD103118,20-Feb-24,CUST1283,Michael Brown,WEST,Electronics,Smartphone Case,2,132.61,Completed,Credit Card
ORD102564,6/25/2023,CUST1042,Sarah Wijaya,Mid-West, Beauty ,Face Mask Set,1,12.98,Cancelled,Debit Card
ORD102780,10/17/2023,CUST1494,,South,Clothing,Hoodie,1,20.37,Completed,Gift Card
ORD100593,1/25/2023,CUST1856,Siti Brown,east,sports & outdoors,Water Bottle,1,74.12,Completed,Gift Card
ORD100747,8/12/2024,CUST1104,Sarah Tan,SOUTH,Clothing,Baseball Cap,4,65.39,Completed,Debit Card
ORD101536,3/14/2024,CUST1508,,MIDWEST,Clothing,Denim Jeans,1,24.97,Completed,PayPal
ORD101723,2/1/2023,CUST1197,Sarah Lee,Midwest,Home & Kitchen,Storage Containers,1,87.29,Completed,Credit Card
ORD103938,5/25/2024,CUST1235,Nina Halim,East ,Sports & Outdoors,Yoga Mat,1,28.57,Completed,Credit Card
ORD101925,8-Oct-24,CUST1045,Budi Yusuf,east,home & kitchen,LED Desk Lamp,1,58.17,Returned,Gift Card
ORD102050,8-May-24,CUST1219,Linda Yusuf,South ,CLOTHING,Baseball Cap,2,38.91,Completed,Credit Card
ORD102709,4/24/2024,CUST1790,Andi Salim,South ,clothing,Denim Jeans,1,75.95,Completed,Gift Card
ORD100431,1/9/2023,CUST1301,Sarah Tan,EAST,Books,Children's Book,1,25.54,Completed,Gift Card
ORD101470,7/27/2023,CUST1893,John Wijaya,East,books,Children's Book,2,30.66,Completed,PayPal
ORD101748,3/12/2023,CUST1639,Dewi Salim,west,Electronic,Smartphone Case,1,59.84,Completed,Gift Card
ORD103858,5/1/2023,CUST1395,Lisa Kurniawan,south,Books,Business Strategy Book,1,14.43,Cancelled,Credit Card
ORD101792,2/28/2023,CUST1146,Ayu Smith,south,Sports & Outdoors,Yoga Mat,1,18.5,Cancelled,PayPal
ORD101578,5/6/2024,CUST1418,Fajar Halim,SOUTH,SPORTS & OUTDOORS,Yoga Mat,1,75.66,Completed,Debit Card
ORD103509,18-Jun-23,CUST1594,James Chen,WEST,Cloths,Denim Jeans,2,16.91,Completed,Gift Card
ORD101352,4/30/2024,CUST1238,John Pratama,South ,Home & Kitchen,Non-Stick Pan,2,93.81,Completed,PayPal
ORD100839,1/10/2024,CUST1679,Siti Halim,Midwest,Electronics,Laptop Stand,1,125.43,Completed,Credit Card
ORD100822,9/30/2024,CUST1021,David Wijaya,Midwest,sports & outdoors,Hiking Backpack,1,15.22,Cancelled,Credit Card
ORD103768,12/17/2023,CUST1893,John Wijaya,East ,electronics,Smartphone Case,3,137.03,Cancelled,Credit Card
ORD100686,8/1/2023,CUST1745,Ahmad Halim,south,Beauty,Sunscreen SPF50,2,14.78,Completed,Gift Card
ORD102236,12/29/2024,CUST1239,Dewi Wilson,East ,Home & Kitchen,LED Desk Lamp,1,82.72,Completed,PayPal
ORD102778,4/8/2023,CUST1161,Ayu Yusuf,EAST,Books,Business Strategy Book,1,,Completed,Credit Card
ORD103700,10/25/2024,CUST1246,Ayu Brown,South,Toys,Action Figure,1,16.39,completed,
ORD102099,4/11/2024,CUST1603,Sarah Anderson,south,Books,Children's Book,1,33.8,Pending,PayPal
ORD102387,18-Oct-23,CUST1064,James Lee,WEST,Books,Business Strategy Book,2,14,Returned,Gift Card
ORD101468,14/06/2023,CUST1836,Kevin Salim,West,Electronics,Wireless Earbuds,2,101.99,Completed,Debit Card
ORD103726,12/18/2024,CUST1512,Rina Wilson,Mid-West,beauty,Lip Balm,2,38.79,Completed,Credit Card
ORD100578,11/16/2024,CUST1372,Rina Nugroho,East,Home & Kitchen,Blender,2,104.74,Completed,PayPal
ORD101039,25/02/2024,CUST1741,Siti Wilson,MIDWEST,Beauty,Moisturizer,1,24.59,Completed,Debit Card
ORD101740,1/6/2023,CUST1180,Rina Tan, West,Sports & Outdoors,Camping Tent,1,82.03,Completed,PayPal
ORD100184,1/26/2023,CUST1815,Budi Garcia,MIDWEST,Electronics,Webcam,5,21.51,Returned,Debit Card
ORD100725,6/12/2024,CUST1508,Budi Garcia,West,home & kitchen,Non-Stick Pan,4,97.87,Cancelled,PayPal
ORD100012,12/21/2023,CUST1311,John Nugroho,,Clothing,Denim Jeans,3,18.37,Returned,Debit Card
ORD100101,4/11/2024,CUST1269,Andi Kurniawan,East ,Beauty,Sunscreen SPF50,2,42.44,Completed,Credit Card
ORD102587,10/15/2024,CUST1146,Ayu Smith,WEST,Electronics,Wireless Earbuds,2,88.66,Completed,Debit Card
ORD103204,10/29/2023,CUST1720,Rina Salim,EAST,electronics,Smartphone Case,1,34.79,Completed,PayPal
ORD102383,6/12/2023,CUST1090,Lisa Pratama,SOUTH,Home & Kitchen,Blender,2,110.94,Completed,Gift Card
ORD103074,11/12/2024,CUST1322,Ahmad Wijaya,WEST,Clothing,Baseball Cap,1,31.17,Completed,Gift Card
ORD102265,11-May-23,CUST1353,Andi Halim,East,Toys,RC Car,1,50.6,Completed,Gift Card
ORD103465,11/24/2023,CUST1357,Andi Garcia,Midwest,Beauty,Moisturizer,1,10.01,Completed,Credit Card
ORD102645,3/11/2024,CUST1543,Ayu Wilson,South ,Home & Kitchen,Throw Pillow,,69.79,completed,Gift Card
ORD100318,9/1/2023,CUST1157,Robert Kurniawan,South ,Toys,Board Game,2,40.29,Completed,PayPal
ORD101173,9/13/2023,CUST1565,Rina Hidayat,EAST,Electronics,Power Bank,2,70.28,Completed,Credit Card
ORD100201,5-Aug-23,CUST1450,David Santos,EAST,Clothing,Denim Jeans,1,25.87,Completed,PayPal
ORD100077,11/20/2024,CUST1116,Michael Lee,south,Home & Kitchen,Blender,1,98.34,Completed,Debit Card
ORD102573,22/10/2023,CUST1758,John Tan,midwest,Books,Business Strategy Book,2,14.07,Completed,Gift Card
ORD102728,3/29/2023,CUST1552,Andi Sari,midwest,books,Cookbook,1,29.48,Completed,Credit Card
ORD102506,11/12/2023,CUST1643,Fajar Lee,West,Home & Kitchen,LED Desk Lamp,1,43.24,Completed,Gift Card
ORD101246,6/26/2024,CUST1247,Andi Nugroho, West,Home & Kitchen,Throw Pillow,1,71.4,Completed,Debit Card
ORD100559,4/8/2023,CUST1126,Ahmad Garcia,Mid-West,Clothing,Winter Jacket,2,19.31,Completed,Debit Card
ORD103145,5/24/2023,CUST1641,Rina Nugroho,Midwest,Electronics,Webcam,2,143.1,Completed,PayPal
ORD103904,6/17/2023,CUST1271,Lisa Chen,MIDWEST, electronics ,Smartphone Case,2,34.14,Completed,Gift Card
ORD100595,9/6/2024,CUST1619,Andi Smith,SOUTH,Clothing,Denim Jeans,2,70.3,Completed,Gift Card
ORD103607,25/04/2023,CUST1531,Ahmad Halim,WEST,Home & Kitchen,LED Desk Lamp,1,48.21,Completed,Credit Card
ORD100711,4/11/2024,CUST1249,Kevin Taylor,midwest,Home & Kitchen,Non-Stick Pan,1,34.87,Completed,Credit Card
ORD102775,10/12/2024,CUST1571,Nina Nugroho,South,Home & Kitchen,Non-Stick Pan,1,83.12,Completed,Debit Card
ORD101963,5/15/2024,CUST1364,David Brown,South,beauty,Sunscreen SPF50,3,21.95,Completed,PayPal
ORD102094,22-Sep-23,CUST1190,Lisa Wijaya,SOUTH,Home & Kitchen,Non-Stick Pan,1,24,Completed,Debit Card
ORD101921,12/31/2023,CUST1515,John Salim,East ,Clothing,Denim Jeans,3,19.55,Returned,Gift Card
ORD102717,20/11/2023,CUST1264,Siti Halim,EAST,Beauty,Face Mask Set,2,27.35,Completed,Debit Card
ORD101155,13-May-23,CUST1118,Budi Anderson,South,electronics,Webcam,4,76.3,Returned,Credit Card
ORD103996,2/5/2023,CUST1248,Andi Pratama,EAST,Electronics,Webcam,3,127.33,Completed,Debit Card
ORD103182,3/22/2024,CUST1777,Ayu Chen,Midwest,Home & Kitchen,Blender,1,85.7,Completed,Credit Card
ORD102415,18-Jul-23,CUST1006,James Smith,MIDWEST,home & kitchen,Cutting Board,1,117.08,Completed,Credit Card
ORD102325,2/16/2024,CUST1226,Fajar Pratama,SOUTH,Sports & Outdoors,Camping Tent,1,13.39,Completed,Gift Card
ORD100920,10/15/2023,CUST1334,Fajar Santos,Mid-West,Beauty,Shampoo,1,13.69,Completed,Debit Card
ORD102923,5/5/2023,CUST1710,Linda Chen, West,Toys,RC Car,1,55.75,Completed,Gift Card
ORD101872,19-Sep-24,CUST1066,Michael Lee,Midwest,home & kitchen,Cutting Board,1,65.24,Completed,Debit Card
ORD102553,4/24/2024,CUST1541,Linda Johnson,south, clothing ,Winter Jacket,2,72.38,Completed,Debit Card
ORD100496,8/19/2023,CUST1009,James Anderson,MIDWEST,Sports & Outdoors,Jump Rope,1,9.04,Completed,Gift Card
ORD102534,20-Sep-23,CUST1109,Rina Halim,South ,Sports & Outdoors,Jump Rope,1,50.71,Pending,Gift Card
ORD103515,,CUST1778,Kevin Wilson,East,Home & Kitchen,Throw Pillow,2,54.89,completed,Gift Card
ORD102913,7/11/2024,CUST1374,Nina Garcia,MIDWEST,BEAUTY,Moisturizer,2,18.52,Completed,Gift Card
ORD100815,14-Apr-23,CUST1255,Budi Kurniawan,South,Home & Kitchen,Storage Containers,2,37.15,Completed,Debit Card
ORD101045,6/25/2024,CUST1628,John Chen, West,Books,Business Strategy Book,3,22.33,Completed,Credit Card
ORD100257,11/29/2023,CUST1094,Siti Garcia,West,Books,Children's Book,1,33.53,Completed,PayPal
ORD103588,1/1/2023,CUST1104,Sarah Tan,SOUTH,sports & outdoors,Water Bottle,500,32.5,Cancelled,PayPal
ORD101904,2/14/2024,CUST1684,Fajar Salim,South ,Electronics,Power Bank,1,21.44,Completed,Gift Card
ORD101168,3/23/2023,CUST1252,Ayu Brown,WEST,Electronics,Wireless Mouse,2,146.76,Pending,
ORD100468,8/28/2023,CUST1092,Putri Nugroho,midwest,toys,Action Figure,2,11.84,Pending,Debit Card
ORD102571,30-Nov-24,CUST1398,Nina Kurniawan,EAST,Sports & Outdoors,Camping Tent,,64.16,Completed,
ORD102909,6/3/2023,CUST1525,Michael Anderson,south,Toys,RC Car,2,11.97,Completed,Gift Card
ORD103793,7/5/2023,CUST1238,John Pratama,East ,Toys,Action Figure,1,56.09,Completed,Gift Card
ORD101701,12/20/2024,CUST1284,Lisa Smith, West,Toys,Puzzle 1000pc,1,43.87,completed,Gift Card
ORD100005,5/27/2023,CUST1415,Sarah Salim,West,home & kitchen,Storage Containers,1,99.31,Cancelled,Gift Card
ORD102262,1/31/2023,CUST1474,Kevin Sari,SOUTH,Books,Cookbook,1,17.53,completed,PayPal
ORD103627,4/10/2023,CUST1787,Ahmad Salim,West,Books,Children's Book,1,20.13,Completed,PayPal
ORD103871,16/08/2024,CUST1223,Michael Halim,Midwest,BOOKS,Fiction Novel,3,29.94,Completed,Credit Card
ORD100867,31-Jan-23,CUST1199,Dewi Chen,west,Clothing,Winter Jacket,500,32.44,Completed,Gift Card
ORD101742,3/28/2023,CUST1382,David Hidayat,South , books ,Cookbook,,34.47,Completed,Credit Card
ORD101999,8/2/2024,CUST1388,Rina Tan,East , Electronics ,Webcam,1,59.74,Pending,Debit Card
ORD103664,9/27/2023,CUST1085,John Kurniawan,WEST,Toys,Action Figure,1,42.08,Completed,Credit Card
ORD101697,8/2/2024,CUST1103,Ahmad Salim,WEST,Sports & Outdoors,Jump Rope,4,93.88,Completed,PayPal
ORD102941,2/4/2024,CUST1514,Rina Wijaya,south,Electronics,Power Bank,1,$130.75 ,Completed,Credit Card
ORD102809,18/12/2024,CUST1074,John Sari,,Electronics,USB-C Cable,4,17.96,Completed,Gift Card
ORD102579,2/14/2023,CUST1768,Rina Nugroho,East,Home & Kitchen,Non-Stick Pan,1,114.51,Completed,Credit Card
ORD103280,7/16/2023,CUST1895,Michael Johnson,SOUTH,Books,Self-Help Guide,2,31.91,Completed,Debit Card
ORD102045,9-Oct-24,CUST1114,Maria Lee,south,Beauty,Face Mask Set,1,19.62,Completed,PayPal
ORD102294,9/11/2024,CUST1806,Ahmad Hidayat,EAST,Clothing,Denim Jeans,1,62.58,Completed,Gift Card
ORD101843,12/16/2024,CUST1023,Siti Wilson,EAST,Home & Kitchen,Non-Stick Pan,1,8888,Completed,Credit Card
ORD100577,2/23/2023,CUST1327,Rina Lee,East,Electronics,Smartphone Case,4,65.85,Completed,Debit Card
ORD102213,20-Sep-23,CUST1376,Nina Yusuf,South,Sports & Outdoors,Yoga Mat,1,80.21,cancelled,Gift Card
ORD103798,7/19/2023,CUST1314,Michael Pratama,East ,Sports & Outdoors,Resistance Bands,1,18.98,Completed,PayPal
ORD101417,5/19/2023,CUST1382,David Hidayat,West,electronics,Wireless Earbuds,2,18.73,Completed,PayPal
ORD100612,10-Apr-24,CUST1816,John Kurniawan,South,Toys,Building Blocks,1,13.11,Completed,Debit Card
ORD103961,10/21/2024,CUST1612,Budi Nugroho,south,Electronics,Bluetooth Speaker,1,48.3,completed,Gift Card
ORD102559,7/9/2024,CUST1434,Fajar Pratama,west,Books,Children's Book,5,11.66,Completed,Debit Card
ORD103857,5/13/2024,CUST1700,Robert Smith, West,Home & Kitchen,Blender,1,12.01,Completed,Gift Card
ORD102777,25-Mar-24,CUST1113,Dewi Nugroho,South,clothing,Running Shorts,1,43.68,Completed,Debit Card
ORD103763,3/8/2023,CUST1816,John Kurniawan,EAST,Home & Kitchen,LED Desk Lamp,2,83.04,Cancelled,Credit Card
ORD103600,3/1/2024,CUST1754,Kevin Salim,west,Electronics,Webcam,2,105.51,Completed,Credit Card
ORD101252,11/13/2024,CUST1085,John Kurniawan,East,Beauty,Shampoo,2,25.63,Completed,Gift Card
ORD102845,11/20/2023,CUST1361,Rina Brown,East ,Beauty,Moisturizer,2,6.27,Completed,Debit Card
ORD103756,1/7/2024,CUST1736,James Nugroho,south,Clothing,Running Shorts,1,45.85,Completed,Credit Card
ORD103359,11/3/2023,CUST1837,Dewi Johnson,EAST,Toys,Building Blocks,2,19.1,Completed,Debit Card
ORD100565,6/29/2023,CUST1623,John Yusuf,west,Electronics,Wireless Mouse,1,99.47,completed,PayPal
ORD100916,4/28/2024,CUST1188,James Lee,East ,Clothing,Cotton T-Shirt,1,43.76,Completed,Debit Card
ORD103597,24/12/2024,CUST1453,James Tan,Midwest,Clothing,Hoodie,1,74.01,completed,Credit Card
ORD101403,27/05/2023,CUST1530,Nina Garcia,east,Beauty,Moisturizer,1,35.83,Completed,Gift Card
ORD103549,5/3/2024,CUST1232,Michael Chen, West,Books,Children's Book,2,14.14,completed,Debit Card
ORD100292,8/2/2023,CUST1855,James Brown,Midwest,Books,Self-Help Guide,2,26.54,Completed,Debit Card
ORD102930,6/5/2023,CUST1839,John Tan,Midwest,Clothing,Baseball Cap,2,39.18,Completed,Debit Card
ORD103476,3-Oct-24,CUST1171,James Anderson,midwest,books,Children's Book,1,,Completed,PayPal
ORD100508,2/4/2024,CUST1221,Siti Chen,East, sports & outdoors ,Jump Rope,2,35.05,Completed,Gift Card
ORD101423,7/4/2023,CUST1779,Andi Yusuf,EAST,Sports & Outdoors,Camping Tent,2,47.14,Completed,Credit Card
ORD100036,12/19/2024,CUST1489,Nina Salim,Mid-West,Clothing,Running Shorts,3,36.29,Completed,Gift Card
ORD102918,11/21/2023,CUST1087,Linda Tan,EAST,beauty,Lip Balm,1,41.12,Completed,Debit Card
ORD102174,1/4/2023,CUST1139,Maria Brown, West,Beauty,Sunscreen SPF50,1,35.39,Completed,Gift Card
ORD102001,28-Jun-24,CUST1271,Lisa Chen,MIDWEST,Home & Kitchen,Storage Containers,1,15.16,Completed,Debit Card
ORD103696,9/22/2024,CUST1766,Michael Kurniawan,,Home & Kitchen,Coffee Maker,2,115.34,Completed,PayPal
ORD101621,1/16/2024,CUST1171,,south,Sports & Outdoors,Camping Tent,1,13.59,Completed,Credit Card
ORD103390,31-Mar-23,CUST1575,Michael Halim,South,TOYS,Board Game,5,51.37,cancelled,Credit Card
ORD103548,9/24/2023,CUST1123,Andi Anderson,Midwest,Sports & Outdoors,Resistance Bands,5,99.19,Completed,Credit Card
ORD102668,5/22/2024,CUST1173,John Tan, West,Home & Kitchen,Throw Pillow,2,69.53,Completed,Debit Card
ORD100219,13/02/2024,CUST1852,Putri Garcia,Midwest,home & kitchen,Non-Stick Pan,1,40.06,Completed,Debit Card
ORD100585,4/8/2023,CUST1284,Lisa Smith,east,Clothing,Hoodie,2,38.54,completed,Credit Card
ORD102731,10/27/2023,CUST1552,Andi Sari,Mid-West,Sports & Outdoors,Hiking Backpack,1,79.29,Pending,PayPal
ORD100715,12/29/2023,CUST1135,Rina Kurniawan,South ,Books,Business Strategy Book,1,16.2,Completed,PayPal
ORD101017,11/19/2023,CUST1485,Dewi Smith,south,Toys,Board Game,3,12.24,Cancelled,
ORD103794,8/12/2023,CUST1319,Rina Santos, West,Sports & Outdoors,Water Bottle,1,56.76,Completed,Credit Card
ORD103109,9/18/2024,CUST1743,Linda Chen,West,Cloths,Denim Jeans,1,49.87,Completed,Gift Card
ORD100601,2/25/2023,CUST1386,Lisa Johnson,SOUTH,Beauty,Moisturizer,1,9.04,Completed,Credit Card
ORD103998,11/5/2023,CUST1348,Putri Nugroho,East ,Home & Kitchen,Storage Containers,1,104.35,Completed,Credit Card
ORD103763,3/8/2023,CUST1816,John Kurniawan,EAST,Home & Kitchen,LED Desk Lamp,2,83.04,Cancelled,Credit Card
ORD102726,8/8/2024,CUST1125,Lisa Santos,west,Toys,Action Figure,1,25.01,returned,Credit Card
ORD101943,12/5/2024,CUST1247,Andi Nugroho,South ,Home & Kitchen,Throw Pillow,1,76.4,completed,Debit Card
ORD101489,5/7/2024,CUST1393,Putri Johnson,south,Toys,RC Car,2,39.77,Completed,Credit Card
ORD101875,6/9/2024,CUST1391,Siti Pratama,South ,Beauty,Lip Balm,1,32.64,completed,PayPal
ORD101931,8/6/2024,CUST1783,Ayu Taylor,west,Home & Kitchen,LED Desk Lamp,3,,Completed,Credit Card
ORD103943,9/11/2024,CUST1794,Robert Halim,South,Toys,RC Car,1,59.68,Completed,Credit Card
ORD102160,10/25/2024,CUST1373,James Smith,SOUTH,Books,Business Strategy Book,1,28.15,completed,Debit Card
ORD103775,23-Feb-23,CUST1514,Rina Wijaya,Mid-West,Home & Kitchen,Coffee Maker,2,99.79,Completed,PayPal
ORD102733,2/12/2023,CUST1016,John Pratama,Mid-West,Toys,Action Figure,1,56.25,Completed,PayPal
ORD100439,9/12/2023,CUST1750,Nina Brown,WEST,Toys,Building Blocks,3,12.42,completed,Credit Card
ORD100682,8/26/2023,CUST1681,Maria Hidayat,SOUTH,electronics,Wireless Mouse,1,31.96,Pending,PayPal
ORD100764,25-Mar-24,CUST1166,Ahmad Garcia,West,Sports & Outdoors,Hiking Backpack,1,26.03,Completed,Gift Card
ORD100436,11/24/2024,CUST1048,Andi Kurniawan,MIDWEST,Electronics,Laptop Stand,1,92.3,completed,Credit Card
ORD102915,9/28/2023,CUST1242,Robert Anderson,South ,electronics,Laptop Stand,1,33.94,Completed,Credit Card
ORD103438,1/27/2023,CUST1176,David Hidayat,West,CLOTHING,Hoodie,1,78.69,Completed,PayPal
ORD102460,26/12/2024,CUST1676,Lisa Wijaya,South ,Beauty,Sunscreen SPF50,2,6.72,Completed,Gift Card
ORD100651,21/05/2024,CUST1675,Putri Kurniawan,East,Beauty,Shampoo,1,37.27,Completed,Credit Card
ORD102627,1/19/2024,CUST1119,Andi Kurniawan,West,Home & Kitchen,LED Desk Lamp,1,55.09,Completed,PayPal
ORD101563,1/10/2023,CUST1159,,midwest,Clothing,Running Shorts,2,63.58,Completed,Debit Card
ORD100277,4/7/2024,CUST1737,Ahmad Brown,East,Home & Kitchen,Cutting Board,1,98.93,Completed,Credit Card
ORD103937,3/22/2023,CUST1349,John Halim,WEST,beauty,Moisturizer,5,11.05,Completed,Debit Card
ORD101754,3/7/2023,CUST1188,James Lee,WEST,Sports & Outdoors,Camping Tent,1,13.92,Completed,Gift Card
ORD102028,4/7/2024,CUST1885,,,Toys,RC Car,1,35.37,Completed,PayPal
ORD103769,8/22/2024,CUST1356,,midwest,Home & Kitchen,Storage Containers,2,19.98,Cancelled,PayPal
ORD101856,5/8/2023,CUST1165,John Sari,East ,Toys,Puzzle 1000pc,1,59.43,Completed,Gift Card
ORD100493,9-Jan-23,CUST1865,Ayu Salim,WEST,Home & Kitchen,Non-Stick Pan,1,57.16,Completed,Debit Card
ORD101035,7/14/2024,CUST1535,Maria Brown, West,Home & Kitchen,Storage Containers,1,92.16,Completed,Gift Card
ORD102284,1/1/2023,CUST1834,Andi Nugroho,MIDWEST,Clothing,Winter Jacket,1,56.08,Completed,Credit Card
ORD102416,17/10/2024,CUST1269,Andi Kurniawan,South,CLOTHING,Running Shorts,1,37.69,Completed,Credit Card
ORD100993,12/25/2023,CUST1655,John Tan,Midwest,Electronics,Power Bank,1,94.01,Completed,Gift Card
ORD101068,10/21/2024,CUST1541,Linda Johnson,MIDWEST,Beauty,Moisturizer,1,37.37,Completed,Gift Card
ORD101889,14-Mar-24,CUST1882,Putri Smith,Mid-West,Beauty,Shampoo,3,35.85,Completed,Gift Card
ORD101009,4-Mar-24,CUST1367,James Salim,Mid-West,Books,Self-Help Guide,4,23.41,Completed,PayPal
ORD102836,1/9/2024,CUST1894,Putri Anderson, West,Beauty,Lip Balm,3,23.73,Returned,Gift Card
ORD102033,10/10/2024,CUST1300,Sarah Taylor,Midwest,Toys,Board Game,2,39.56,Completed,Debit Card
ORD100914,4/17/2024,CUST1174,,South ,Electronics,Laptop Stand,1,138.35,Completed,Gift Card
ORD100324,16-Oct-24,CUST1188,James Lee,South,Home & Kitchen,Blender,1,85.72,Completed,Debit Card
ORD102687,6/12/2023,CUST1491,Rina Taylor,east, Clothing ,Winter Jacket,2,56.88,Completed,Debit Card
ORD102854,12/14/2023,CUST1248,Andi Pratama,midwest,Toys,Action Figure,1,29.27,Completed,Gift Card
ORD100814,6-May-24,CUST1109,Rina Halim,WEST,Electronics,USB-C Cable,1,124.03,Returned,Gift Card
ORD100368,,CUST1472,Andi Halim,midwest, Beauty ,Shampoo,2,17.57,Completed,Gift Card
ORD101483,5/2/2024,CUST1150,Ayu Wijaya,East ,Electronics,Laptop Stand,1,63.17,Completed,Gift Card
ORD103712,5/21/2023,CUST1583,Andi Smith,WEST,Clothing,Cotton T-Shirt,1,73.98,Completed,Gift Card
ORD102740,12/24/2023,CUST1226,Fajar Pratama,East ,Toys,Puzzle 1000pc,2,31.54,Completed,PayPal
ORD103504,5/28/2023,CUST1764,Andi Yusuf,East ,electronics,Power Bank,3,123.3,Completed,PayPal
ORD103658,1/4/2023,CUST1073,Ayu Pratama,South, Books ,Fiction Novel,1,10.72,completed,Debit Card
ORD100311,9/30/2024,CUST1140,Maria Wijaya,South ,Beauty,Lip Balm,1,24.85,Completed,Gift Card
ORD102137,3/4/2024,CUST1095,Sarah Smith,South,Beauty,Shampoo,1,39.6,completed,Gift Card
ORD101152,10/20/2024,CUST1745,Ahmad Halim,east,BOOKS,Fiction Novel,2,18.86,Completed,Debit Card
ORD102957,6/23/2023,CUST1687,Siti Sari,Mid-West,HOME & KITCHEN,Storage Containers,1,31.58,Completed,Debit Card
ORD100166,10/20/2024,CUST1846,Kevin Kurniawan,East,Books,Business Strategy Book,1,,Returned,Gift Card
ORD101330,3-Jan-23,CUST1194,Maria Hidayat,Mid-West,HOME & KITCHEN,Storage Containers,1,115.62,Completed,Gift Card
ORD100238,11/25/2023,CUST1278,David Salim,south,BEAUTY,Sunscreen SPF50,2,35.68,Completed,Credit Card
ORD100511,6/27/2023,CUST1237,Nina Anderson,MIDWEST,clothing,Cotton T-Shirt,2,53.77,Completed,Debit Card
ORD103020,4/4/2023,CUST1333,Nina Lee,MIDWEST,Electronics,Power Bank,1,95.02,Returned,Debit Card
ORD101212,,CUST1503,Andi Anderson,East ,Beauty,Sunscreen SPF50,1,22.65,Returned,Gift Card
ORD103908,11/16/2023,CUST1318,David Smith,south,Electronics,Power Bank,3,38.03,Completed,Gift Card
ORD101822,11/14/2024,CUST1564,Maria Chen,south,Sports & Outdoors,Jump Rope,2,1234.56,Completed,Credit Card
ORD101987,4/3/2024,CUST1568,Budi Chen,west,books,Self-Help Guide,1,23.88,Completed,Debit Card
ORD101204,14/06/2023,CUST1355,Michael Garcia,East ,Clothing,Cotton T-Shirt,1,51.67,Cancelled,Credit Card
ORD102705,10/17/2023,CUST1451,Ahmad Garcia,,Toys,Puzzle 1000pc,2,21.23,Completed,Gift Card
ORD101149,21-Jul-24,CUST1192,Lisa Kurniawan,EAST,Clothing,Cotton T-Shirt,2,60.99,Completed,Gift Card
ORD103096,10/25/2024,CUST1752,Linda Smith,West,clothing,Denim Jeans,1,$29.64 ,Completed,
ORD103843,4/8/2024,CUST1718,Dewi Lee,midwest,Toys,Board Game,2,20.58,Completed,Gift Card
ORD103560,8/22/2023,CUST1871,Andi Smith,south,home & kitchen,Coffee Maker,2,31,Completed,Gift Card
ORD101658,10/29/2024,CUST1318,David Smith,South,Electronics,Power Bank,1,61.83,Returned,Credit Card
ORD102295,7/14/2024,CUST1596,Ayu Garcia,East ,Beauty,Lip Balm,2,12.07,Completed,Debit Card
ORD102754,7/1/2023,CUST1814,Michael Taylor,east,Sports & Outdoors,Resistance Bands,1,81.34,Completed,Credit Card
ORD102583,2/10/2024,CUST1837,Dewi Johnson,East ,Books,Self-Help Guide,1,22.53,Completed,Gift Card
ORD103639,9/8/2024,CUST1385,Michael Lee,East ,Clothing,Baseball Cap,3,52.49,Completed,Debit Card
ORD103041,24/11/2023,CUST1710,Linda Chen,Midwest,clothing,Winter Jacket,1,20.67,Cancelled,Credit Card
ORD100782,10/9/2023,CUST1416,Robert Nugroho,south,clothing,Cotton T-Shirt,2,42.47,Completed,Debit Card
ORD100620,7/2/2024,CUST1203,Linda Brown,South ,Home & Kitchen,Cutting Board,1,92.89,Completed,
ORD102282,12/26/2023,CUST1772,Ahmad Hidayat,SOUTH,Clothing,Wool Socks,1,22.05,Completed,Gift Card
ORD102722,5/22/2023,CUST1591,Fajar Wilson,MIDWEST,Clothing,Denim Jeans,1,34.97,Completed,Debit Card
ORD103209,11/16/2023,CUST1423,David Smith,SOUTH,Electronics,USB-C Cable,5,109.85,Completed,PayPal
ORD100670,6/23/2024,CUST1896,Andi Taylor,east,Toys,Board Game,1,34.41,Completed,Debit Card
ORD102430,10-Aug-23,CUST1244,Nina Pratama,MIDWEST,Home & Kitchen,Throw Pillow,1,95.68,Completed,Debit Card
ORD102414,21-Feb-23,CUST1557,Rina Lee,Midwest,Books,Fiction Novel,2,24.08,Completed,PayPal
ORD102469,6/25/2023,CUST1263,John Santos,MIDWEST,Books,Self-Help Guide,3,25.16,Completed,Debit Card
ORD100475,3/4/2023,CUST1097,Fajar Anderson,East,Beauty,Lip Balm,1,12.73,returned,Gift Card
ORD100635,11/18/2023,CUST1640,Siti Smith,South , Electronics ,USB-C Cable,1,26.53,Completed,Gift Card
ORD100837,11/27/2023,CUST1649,Rina Wilson, West,Electronics,USB-C Cable,1,24.82,completed,Gift Card
ORD102891,3/21/2024,CUST1267,Maria Anderson,east,Toys,RC Car,2,25.4,Completed,PayPal
ORD100263,9/23/2024,CUST1671,John Taylor,WEST,Electronics,Power Bank,1,100.67,cancelled,Gift Card
ORD100067,7/1/2023,CUST1617,Robert Tan,SOUTH,Beauty,Shampoo,1,,Pending,Debit Card
ORD102912,3/14/2024,CUST1851,Robert Salim,,Toys,Action Figure,4,33.78,Completed,Gift Card
ORD101789,8/1/2023,CUST1290,Lisa Nugroho,West,Beauty,Shampoo,1,14.84,completed,Gift Card
ORD101985,5/19/2024,CUST1347,Siti Halim,South,Toys,Action Figure,2,20.39,Returned,Credit Card
ORD100871,27/03/2024,CUST1353,Andi Halim,midwest,Electronics,Smartphone Case,1,68.96,Completed,PayPal
ORD102031,7/25/2024,CUST1810,Dewi Salim, West,Beauty,Face Mask Set,1,21.21,Completed,Debit Card
ORD103722,11/15/2023,CUST1451,Ahmad Garcia,SOUTH,Toys,Board Game,2,57.86,Cancelled,Credit Card
ORD102776,7/25/2023,CUST1812,Putri Hidayat,Midwest,Electronics,Wireless Earbuds,1,26.05,Returned,Gift Card
ORD100352,5/12/2024,CUST1055,John Salim,Mid-West,Electronics,Laptop Stand,1,111.97,Completed,
ORD100864,24-Dec-24,CUST1459,Rina Smith,Mid-West,books,Fiction Novel,1,21.04,Completed,Debit Card
ORD102554,11/26/2024,CUST1041,Michael Wijaya, West,Sports & Outdoors,Hiking Backpack,4,14.39,Completed,Gift Card
ORD100329,2/26/2023,CUST1367,James Salim,Mid-West,Home & Kitchen,LED Desk Lamp,1,86.2,completed,Credit Card
ORD103661,9/20/2024,CUST1863,David Pratama,EAST,Electronics,Wireless Earbuds,1,51.06,completed,Credit Card
ORD102432,9/2/2023,CUST1599,Siti Kurniawan,WEST,Books,Cookbook,1,18.6,Completed,
ORD102030,25/08/2023,CUST1584,John Garcia,WEST,Clothing,Winter Jacket,2,60.01,Completed,Gift Card
ORD101612,4-Aug-23,CUST1618,Budi Lee,west,BEAUTY,Lip Balm,4,20.63,Completed,Gift Card
ORD101109,8/9/2024,CUST1198,Putri Anderson,south,Home & Kitchen,Storage Containers,1,73.08,Completed,Gift Card
ORD102355,12/23/2024,CUST1329,Andi Tan,MIDWEST,SPORTS & OUTDOORS,Jump Rope,1,11.7,Returned,PayPal
ORD100711,4/11/2024,CUST1249,Kevin Taylor,midwest,Home & Kitchen,Non-Stick Pan,1,34.87,Completed,Credit Card
ORD103384,28/12/2024,CUST1458,Fajar Halim,EAST,Toys,RC Car,1,31.61,Completed,Debit Card
ORD102986,11/8/2024,CUST1667,Robert Halim,South,Beauty,Lip Balm,2,19.35,Completed,Debit Card
ORD103257,5/8/2024,CUST1543,Ayu Wilson,EAST, Clothing ,Baseball Cap,1,11.65,Completed,PayPal
ORD101221,2/6/2024,CUST1105,Rina Pratama,South,Clothing,Cotton T-Shirt,4,77.96,Returned,PayPal
ORD101690,25/02/2023,CUST1440,Nina Chen,midwest,Sports & Outdoors,Water Bottle,2,50.96,Completed,Debit Card
ORD100261,5/19/2023,CUST1268,Sarah Lee,south,Electronics,Webcam,1,23.8,Completed,
ORD103699,31-Aug-24,CUST1563,James Yusuf,west,Home & Kitchen,Throw Pillow,1,44.99,Completed,Gift Card
ORD101809,1/29/2024,CUST1417,Andi Hidayat,East,books,Cookbook,5,13.8,Completed,Credit Card
ORD101363,2/28/2023,CUST1526,Robert Brown,East,BEAUTY,Shampoo,1,36.8,Completed,Gift Card
ORD102760,11/19/2024,CUST1336,Robert Wilson,south,HOME & KITCHEN,LED Desk Lamp,1,47.26,Cancelled,
ORD101044,3/6/2023,CUST1674,Dewi Lee,South,Books,Self-Help Guide,4,25.46,Completed,Credit Card
ORD100770,22/12/2023,CUST1690,Fajar Garcia,South,Beauty,Lip Balm,1,11.31,Completed,Credit Card
ORD101626,5/24/2024,CUST1896,Andi Taylor,WEST,Clothing,Denim Jeans,5,76.34,Completed,PayPal
ORD101706,3/20/2024,CUST1707,Michael Yusuf,East,home & kitchen,Coffee Maker,1,72.21,Completed,PayPal
ORD103019,8/4/2024,CUST1056,Rina Smith,East,Home & Kitchen,Storage Containers,1,$16.59 ,completed,Debit Card
ORD102234,5/22/2023,CUST1766,Michael Kurniawan,MIDWEST,Sports & Outdoors,Camping Tent,2,55.31,cancelled,Gift Card
ORD101240,1/2/2023,CUST1771,Putri Salim,EAST,Electronics,Bluetooth Speaker,1,96.87,Completed,Gift Card
ORD100755,11/19/2024,CUST1873,Ayu Anderson,EAST,Clothing,Wool Socks,2,54.74,Cancelled,Debit Card
ORD102111,12/3/2024,CUST1270,Andi Salim,East, Books ,Children's Book,1,19.54,Completed,Debit Card
ORD103317,5/23/2023,CUST1353,Andi Halim,South ,ELECTRONICS,Wireless Earbuds,1,66.92,Completed,Debit Card
ORD102330,25-Sep-23,CUST1817,Ahmad Hidayat,east,Sports & Outdoors,Resistance Bands,2,65.72,Completed,Credit Card
ORD101606,4/7/2023,CUST1235,Nina Halim,South ,Beauty,Moisturizer,3,42.78,Completed,Credit Card
ORD103784,5/14/2023,CUST1172,Nina Lee,East,Electronics,Bluetooth Speaker,1,53.79,Completed,
ORD100452,27/05/2023,CUST1383,David Garcia,South,home & kitchen,Blender,4,27.44,Completed,Gift Card
ORD102800,7/11/2023,CUST1023,Siti Wilson,Midwest,Home & Kitchen,Storage Containers,1,56.46,Completed,Gift Card
ORD102106,4/4/2023,CUST1639,Dewi Salim,MIDWEST,beauty,Face Mask Set,3,37.45,Completed,Credit Card
ORD103142,9/11/2024,CUST1694,Ayu Tan,south,sports & outdoors,Yoga Mat,1,59.6,Completed,Debit Card
ORD100289,12/8/2023,CUST1818,Siti Salim,South,books,Children's Book,4,17.32,Completed,PayPal
ORD100227,10/6/2024,CUST1061,Robert Chen,Mid-West,Clothing,Baseball Cap,1,56.22,Completed,Debit Card
ORD101996,31-Oct-24,CUST1449,Michael Chen,South,books,Self-Help Guide,1,17.76,Completed,Gift Card
ORD100955,3/12/2023,CUST1700,Robert Smith,East ,Clothing,Winter Jacket,1,56.71,Completed,Gift Card
ORD101768,9/19/2023,CUST1049,,EAST,Clothing,Winter Jacket,1,58.08,completed,Credit Card
ORD100545,28-Nov-23,CUST1876,John Hidayat,east,Books,Children's Book,1,24.89,Completed,Credit Card
ORD103022,5/27/2023,CUST1258,Ayu Smith,EAST,Books,Children's Book,5,20.65,Completed,Gift Card
ORD103740,16-Sep-24,CUST1637,Linda Tan,Midwest,Sports & Outdoors,Jump Rope,2,78.82,Completed,PayPal
ORD101219,11/19/2023,CUST1526,Robert Brown,EAST,Toys,Puzzle 1000pc,1,14.43,completed,PayPal
ORD101513,6/15/2023,CUST1807,Lisa Wilson,Midwest,Home & Kitchen,Throw Pillow,1,83.22,Cancelled,Credit Card
ORD103423,11/24/2024,CUST1602,Siti Lee,south,Clothing,Hoodie,1,69.01,Completed,Gift Card
ORD101199,12/27/2024,CUST1212,Budi Wilson, West,Sports & Outdoors,Resistance Bands,4,40.72,Completed,Credit Card
ORD101108,7/11/2023,CUST1145,Linda Smith,south,Sports & Outdoors,Jump Rope,1,54.53,Completed,PayPal
ORD100689,30/10/2024,CUST1559,Fajar Sari,SOUTH,Beauty,Moisturizer,1,11.2,Completed,Debit Card
ORD103162,10/2/2023,CUST1317,David Halim,West,Sports & Outdoors,Hiking Backpack,1,79.69,Completed,Credit Card
ORD102078,25/04/2023,CUST1641,Rina Nugroho, West,Sports & Outdoors,Resistance Bands,1,61.47,Returned,Gift Card
ORD101953,20/10/2024,CUST1679,Siti Halim,EAST,Electronics,Bluetooth Speaker,1,109.86,Completed,Gift Card
ORD102536,30/10/2024,CUST1439,Maria Johnson,south,Home & Kitchen,Coffee Maker,1,36.5,Completed,Debit Card
ORD103436,7/4/2023,CUST1402,Rina Nugroho,,clothing,Wool Socks,1,33.39,Completed,PayPal
ORD102085,9/28/2024,CUST1129,Budi Wilson,Midwest,BOOKS,Fiction Novel,5,17.22,Returned,Gift Card
ORD101163,8/16/2023,CUST1327,Rina Lee,West,home & kitchen,Throw Pillow,3,22.64,Completed,Debit Card
ORD100201,5-Aug-23,CUST1450,David Santos,EAST,Clothing,Denim Jeans,1,25.87,Completed,PayPal
ORD103263,3/19/2024,CUST1752,Linda Smith,midwest,Sports & Outdoors,Hiking Backpack,1,$38.05 ,Completed,Gift Card
ORD103267,10/15/2023,CUST1133,Andi Hidayat,SOUTH,Toys,RC Car,2,34.56,Completed,Credit Card
ORD103501,14-Jun-23,CUST1174,Siti Lee,east,Home & Kitchen,Coffee Maker,2,87.51,Pending,Debit Card
ORD102392,2-Oct-23,CUST1156,Sarah Tan,East ,Beauty,Lip Balm,5,17.89,Completed,Gift Card
ORD103707,7/19/2024,CUST1397,Maria Anderson,East,electronics,Wireless Earbuds,1,142.73,completed,PayPal
ORD102551,1/17/2024,CUST1410,,South ,Sports & Outdoors,Jump Rope,2,46.81,Completed,Gift Card
ORD102096,8/31/2024,CUST1490,David Halim,MIDWEST,Electronics,Laptop Stand,1,139.49,Completed,Credit Card
ORD102785,7-Dec-23,CUST1669,Dewi Brown,MIDWEST, Books ,Children's Book,2,34.92,Cancelled,PayPal
ORD100349,12/15/2024,CUST1543,Ayu Wilson,SOUTH,ELECTRONICS,Power Bank,3,47.67,Returned,PayPal
ORD101767,10/26/2023,CUST1895,Michael Johnson,EAST,Electronics,Bluetooth Speaker,2,52.8,Completed,Gift Card
ORD101438,8/21/2024,CUST1693,Lisa Santos,MIDWEST,Clothing,Hoodie,1,28.95,Completed,Credit Card
ORD100332,8/5/2023,CUST1345,Michael Santos,South,Toys,Building Blocks,1,,Completed,Gift Card
ORD100157,3/6/2024,CUST1718,Dewi Lee,EAST,Clothing,Denim Jeans,4,65.76,Completed,Debit Card
ORD101338,11/17/2024,CUST1418,,East,Sports & Outdoors,Camping Tent,4,24.96,Returned,Gift Card
ORD102648,8/27/2024,CUST1283,,South ,Beauty,Shampoo,1,8.49,Completed,Gift Card
ORD103931,3/1/2024,CUST1192,Lisa Kurniawan,east,Clothing,Wool Socks,1,59.72,Completed,Debit Card
ORD101514,5/23/2024,CUST1137,Budi Wijaya,west,Electronics,Bluetooth Speaker,1,129.42,Completed,Credit Card
ORD103268,19-Sep-23,CUST1464,Dewi Taylor,West,books,Business Strategy Book,2,14.44,Completed,Credit Card
ORD101655,7/15/2023,CUST1502,Rina Kurniawan,south,home & kitchen,Cutting Board,2,112.71,Completed,Gift Card
ORD101511,8/17/2024,CUST1336,Robert Wilson, West,Toys,Building Blocks,1,37.88,Completed,Debit Card
ORD100088,29/11/2024,CUST1591,Fajar Wilson,SOUTH,clothing,Winter Jacket,1,20.81,completed,Credit Card
ORD100043,8/28/2023,CUST1250,Linda Smith,South ,beauty,Moisturizer,3,12.75,Completed,Credit Card
ORD100164,26-Apr-23,CUST1700,Robert Smith,South ,toys,Puzzle 1000pc,2,54.64,Cancelled,Gift Card
ORD101989,8/31/2023,CUST1684,Fajar Salim,East ,Toys,Puzzle 1000pc,1,,Completed,PayPal
ORD101630,7/10/2024,CUST1157,Robert Kurniawan,East,Clothing,Running Shorts,1,12.97,Completed,PayPal
ORD103102,30-Aug-24,CUST1666,Michael Nugroho,Midwest,Home & Kitchen,Blender,1,75.88,Completed,Gift Card
ORD102366,8/2/2023,CUST1813,Linda Pratama, West,toys,Building Blocks,1,34.21,Returned,Credit Card
ORD100006,1/16/2024,CUST1580,Linda Tan,SOUTH,Electronics,Smartphone Case,1,81.85,Completed,Credit Card
ORD101818,10/12/2024,CUST1756,Putri Kurniawan,MIDWEST, Sports & Outdoors ,Water Bottle,2,38.27,Completed,Debit Card
ORD101281,10/24/2024,CUST1581,,EAST,Sports & Outdoors,Resistance Bands,1,32.54,Completed,PayPal
ORD101887,2/23/2024,CUST1284,Lisa Smith,EAST,Home & Kitchen,Throw Pillow,1,81.06,Completed,PayPal
ORD102216,12/20/2023,CUST1408,Fajar Wijaya,East,Toys,Board Game,3,16.36,completed,Debit Card
ORD101928,1/26/2024,CUST1225,Siti Wilson,South ,books,Business Strategy Book,1,26.53,Completed,PayPal
ORD100022,1/5/2024,CUST1344,Ahmad Salim,SOUTH,Books,Business Strategy Book,1,14.12,Completed,Debit Card
ORD100753,4/27/2024,CUST1259,Andi Halim,East,Home & Kitchen,LED Desk Lamp,1,21.66,Pending,Gift Card
ORD103083,4/16/2023,CUST1492,Sarah Nugroho,WEST,Cloths,Baseball Cap,5,16.79,Completed,Credit Card
ORD100776,2/21/2023,CUST1124,Siti Wijaya,SOUTH,Toys,Board Game,2,26.2,Cancelled,Debit Card
ORD102830,7/21/2023,CUST1752,Linda Smith,WEST,Electronics,USB-C Cable,5,141.43,Completed,Debit Card
ORD103260,2/16/2023,CUST1135,Rina Kurniawan,midwest,Electronic,Wireless Mouse,1,74.31,Completed,Credit Card
ORD103405,12/31/2023,CUST1763,Fajar Yusuf,Mid-West,Toys,Puzzle 1000pc,1,21.52,Completed,PayPal
ORD100992,5/13/2024,CUST1145,Linda Smith,SOUTH,Electronics,USB-C Cable,2,37.79,Completed,Gift Card
ORD101023,5/7/2024,CUST1124,,South,Books,Business Strategy Book,one,12.13,Completed,
ORD102358,5/25/2024,CUST1304,Michael Wilson,west,beauty,Moisturizer,1,8.29,Completed,Gift Card
ORD101583,9/14/2024,CUST1857,John Kurniawan,Midwest,Sports & Outdoors,Camping Tent,2,32.49,Completed,Gift Card
ORD103681,18-Jun-23,CUST1648,James Wijaya,south,Books,Cookbook,1,16.89,Cancelled,Gift Card
ORD101373,9/18/2024,CUST1712,David Nugroho,south,toys,Board Game,4,27.2,Cancelled,Credit Card
ORD102002,5/27/2023,CUST1262,Robert Garcia,MIDWEST,Clothing,Hoodie,500,13.13,Completed,Credit Card
ORD103441,7/17/2023,CUST1884,Kevin Salim,west, Home & Kitchen ,Blender,1,81.65,Completed,Debit Card
ORD100922,2/3/2024,CUST1473,Maria Pratama,East ,Books,Self-Help Guide,1,24.31,Completed,Debit Card
ORD102919,2/27/2024,CUST1567,Putri Garcia,EAST,Electronics,Wireless Earbuds,2,36.59,Completed,PayPal
ORD100336,4/13/2023,CUST1449,Michael Chen,east,CLOTHING,Winter Jacket,,11.03,Completed,Gift Card
ORD102834,3/5/2023,CUST1344,Ahmad Salim,West,Sports & Outdoors,Camping Tent,2,23.78,Completed,PayPal
ORD102603,8/12/2023,CUST1301,Sarah Tan,WEST,toys,RC Car,,35.08,Completed,Gift Card
ORD100214,9/5/2024,CUST1823,John Johnson,West,Books,Self-Help Guide,1,25.56,completed,PayPal
ORD103593,5/23/2024,CUST1007,Budi Garcia,East,BOOKS,Fiction Novel,2,21.66,Completed,Gift Card
ORD100662,8/14/2023,CUST1702,Ahmad Salim, West,BOOKS,Fiction Novel,1,8.59,Completed,PayPal
ORD103501,14-Jun-23,CUST1174,Siti Lee,east,Home & Kitchen,Coffee Maker,2,87.51,Pending,Debit Card
ORD102766,7/16/2024,CUST1394,Nina Santos,south,Home & Kitchen,Throw Pillow,2,96.03,Cancelled,PayPal
ORD103599,1/24/2024,CUST1835,Nina Wilson,midwest,Electronics,Smartphone Case,1,45.21,Cancelled,Debit Card
ORD103235,7/5/2023,CUST1490,,East ,Toys,Board Game,5,40.07,completed,Gift Card
ORD102009,27/10/2024,CUST1415,Sarah Salim,SOUTH,Sports & Outdoors,Water Bottle,1,16.55,Completed,Credit Card
ORD101319,1/24/2023,CUST1707,Michael Yusuf,,Electronics,Power Bank,3,70.28,Completed,Debit Card
ORD102872,4/13/2023,CUST1364,,MIDWEST,Sports & Outdoors,Water Bottle,1,13.56,Completed,Debit Card
ORD101973,7/23/2023,CUST1169,Lisa Hidayat,midwest,Electronics,Bluetooth Speaker,3,101.77,Completed,Debit Card
ORD102983,3/28/2024,CUST1129,Budi Wilson,SOUTH,Toys,Action Figure,2,18.08,Completed,Gift Card
ORD100179,10/10/2024,CUST1257,Sarah Taylor,south,Clothing,Winter Jacket,5,10.35,Completed,Debit Card
ORD103192,6/15/2024,CUST1106,Lisa Kurniawan,South,Sports & Outdoors,Resistance Bands,,43.25,Completed,Credit Card
ORD103364,6/22/2023,CUST1697,Michael Sari,SOUTH,Sports & Outdoors,Resistance Bands,1,87.39,Completed,Credit Card
ORD100608,5/2/2024,CUST1289,Dewi Brown,WEST,SPORTS & OUTDOORS,Hiking Backpack,1,65.54,Completed,PayPal
ORD103818,10/21/2024,CUST1130,Maria Johnson,west,Beauty,Moisturizer,1,40.22,Completed,Gift Card
ORD101207,8/14/2024,CUST1572,Maria Yusuf,east, Clothing ,Denim Jeans,1,30.11,Completed,Debit Card
ORD103472,1-Jun-24,CUST1251,Nina Salim, West,Clothing,Denim Jeans,1,53.63,completed,Debit Card
ORD103808,2/24/2023,CUST1523,Michael Chen,west,Electronics,Wireless Mouse,1,85.14,Completed,Gift Card
ORD103052,27-Jul-23,CUST1488,John Taylor,South ,Beauty,Sunscreen SPF50,1,36.96,Completed,Credit Card
ORD102882,3/17/2023,CUST1578,Putri Salim,south,Books,Business Strategy Book,1,26.59,Completed,Credit Card
ORD102657,10/26/2023,CUST1755,Budi Sari,EAST,Toys,Puzzle 1000pc,1,13.71,Completed,Debit Card
ORD102647,8/19/2024,CUST1023,Siti Wilson,MIDWEST,Toys,Puzzle 1000pc,3,46,Completed,
ORD102014,1/4/2023,CUST1243,James Hidayat, West,Clothing,Wool Socks,2,43.04,cancelled,PayPal
ORD103350,10/13/2024,CUST1778,Kevin Wilson,east,Electronics,Power Bank,1,92.93,Completed,Debit Card
ORD100923,10/7/2023,CUST1364,David Brown,south,Toys,Action Figure,1,37.62,Returned,Gift Card
ORD100060,4/11/2023,CUST1809,Kevin Smith,Midwest,Beauty,Moisturizer,1,43.8,Completed,Credit Card
ORD103618,1/18/2023,CUST1816,John Kurniawan,SOUTH,Sports & Outdoors,Resistance Bands,1,18,Cancelled,PayPal
ORD102784,6/15/2024,CUST1681,,east,Electronics,Laptop Stand,2,89.27,Completed,
ORD100248,6/20/2024,CUST1064,James Lee,south,Beauty,Sunscreen SPF50,1,23.87,Completed,PayPal
ORD103909,18/02/2023,CUST1679,,west,Clothing,Running Shorts,1,45.5,Completed,Credit Card
ORD100304,11-Dec-24,CUST1493,Lisa Kurniawan,midwest,Sports & Outdoors,Yoga Mat,1,36.88,Completed,Gift Card
ORD100288,16/09/2024,CUST1746,Siti Garcia,south, BEAUTY ,Lip Balm,1,25.99,Completed,Debit Card
ORD103754,7/10/2024,CUST1038,Linda Nugroho, West,Sports & Outdoors,Jump Rope,2,37.47,pending,PayPal
ORD101673,10/28/2023,CUST1282,Sarah Tan,EAST,Toys,Board Game,3,31,Completed,PayPal
ORD101932,25-Aug-24,CUST1238,John Pratama,west,Home & Kitchen,Cutting Board,1,37.7,Completed,Credit Card
ORD100521,12/8/2023,CUST1384,Siti Pratama,South, Books ,Business Strategy Book,1,18.5,Completed,Gift Card
ORD101645,4/5/2023,CUST1863,David Pratama,EAST,Books,Cookbook,1,11.36,Pending,Credit Card
ORD103718,1/18/2024,CUST1348,Putri Nugroho,Mid-West,Electronics,USB-C Cable,1,78.1,completed,Gift Card
ORD101521,8/2/2023,CUST1441,Fajar Hidayat,south,Sports & Outdoors,Jump Rope,1,39.63,Cancelled,PayPal
ORD101838,1/9/2023,CUST1048,Andi Kurniawan,EAST,Clothing,Wool Socks,1,24.26,Completed,PayPal
ORD102790,3/2/2024,CUST1704,Dewi Nugroho,WEST,Clothing,Cotton T-Shirt,1,78.96,Completed,Gift Card
ORD101574,1/18/2023,CUST1577,John Anderson,Midwest,Electronics,USB-C Cable,1,50.58,Completed,Gift Card
ORD103358,8/11/2023,CUST1201,Linda Johnson,west, Books ,Self-Help Guide,2,24,completed,Credit Card
ORD103155,1/6/2023,CUST1032,Andi Sari,EAST,Clothing,Cotton T-Shirt,,76.05,Completed,Debit Card
ORD100700,1/29/2023,CUST1026,Putri Yusuf,midwest,Books,Self-Help Guide,1,26.43,completed,Gift Card
ORD103851,4/1/2023,CUST1839,John Tan,South ,Beauty,Lip Balm,2,30.53,Completed,Debit Card
ORD103062,7/25/2023,CUST1553,Fajar Hidayat, West,Beauty,Moisturizer,1,13.32,Completed,Debit Card
ORD103982,17/08/2023,CUST1121,David Nugroho,east,Books,Cookbook,1,28.22,Returned,PayPal
ORD102048,12/29/2023,CUST1503,Andi Anderson,SOUTH,Electronics,Bluetooth Speaker,1,80.03,Completed,Debit Card
ORD102456,7/27/2024,CUST1126,Ahmad Garcia,West,home & kitchen,Non-Stick Pan,1,64.21,Completed,Credit Card
ORD103499,6/7/2023,CUST1221,Siti Chen,west,sports & outdoors,Resistance Bands,1,50.05,Completed,PayPal
ORD103796,8/21/2023,CUST1807,Lisa Wilson,west,Clothing,Running Shorts,2,11.18,Completed,Credit Card
ORD102054,1/29/2023,CUST1790,Andi Salim,West,Home & Kitchen,Non-Stick Pan,1,76.66,Completed,Credit Card
ORD100404,8/3/2024,CUST1503,Andi Anderson,SOUTH,Sports & Outdoors,Jump Rope,1,17.69,Cancelled,Credit Card
ORD100026,10-Sep-23,CUST1738,Fajar Halim,south,Beauty,Face Mask Set,2,9.96,Completed,Debit Card
ORD103014,27-Apr-24,CUST1255,Budi Kurniawan,EAST,HOME & KITCHEN,Storage Containers,1,71.63,Completed,Credit Card
ORD101395,6/26/2024,CUST1547,Andi Tan,West,ELECTRONICS,USB-C Cable,1,71.11,Completed,Credit Card
ORD101994,12/2/2024,CUST1696,David Hidayat,EAST,ELECTRONICS,USB-C Cable,1,88.74,Completed,Debit Card
ORD102424,21-Jul-23,CUST1569,,East,Electronics,Wireless Mouse,3,134.17,Pending,Gift Card
ORD101040,10/8/2023,CUST1878,Ayu Sari,South ,beauty,Shampoo,1,39.45,Completed,Debit Card
ORD102015,3/15/2024,CUST1646,,East,home & kitchen,Blender,1,107.46,cancelled,Gift Card
ORD100702,9-Jul-24,CUST1818,Siti Salim,east,beauty,Face Mask Set,1,22.43,Completed,Gift Card
ORD102939,1/5/2023,CUST1816,John Kurniawan,EAST,TOYS,RC Car,1,27.83,Completed,PayPal
ORD100220,7/24/2023,CUST1275,Andi Johnson, West,Clothing,Wool Socks,1,78.31,completed,
ORD103657,26-Feb-23,CUST1481,James Chen,East ,home & kitchen,Coffee Maker,1,110.02,Completed,PayPal
ORD101293,4/5/2023,CUST1145,Linda Smith,Mid-West,Electronics,Bluetooth Speaker,1,71.3,Returned,Debit Card
ORD100708,12/10/2023,CUST1289,Dewi Brown,MIDWEST,Clothing,Cotton T-Shirt,2,77.39,Pending,Debit Card
ORD100243,10-Feb-24,CUST1015,Michael Tan,Midwest,Clothing,Baseball Cap,1,$44.88 ,Completed,Credit Card
ORD102614,7/15/2024,CUST1656,Ayu Yusuf,west,books,Children's Book,3,11.03,Completed,Credit Card
ORD100231,2/11/2024,CUST1717,Siti Sari,west,Beauty,Moisturizer,1,10.74,Completed,Credit Card
ORD103331,11/25/2023,CUST1710,Linda Chen,East,sports & outdoors,Hiking Backpack,1,18.02,Completed,
ORD102519,5/3/2024,CUST1139,Maria Brown,West,Beauty,Shampoo,2,9.04,Completed,Debit Card
ORD100317,,CUST1674,Dewi Lee,WEST,Sports & Outdoors,Resistance Bands,1,35.1,Completed,PayPal
ORD102426,11/10/2023,CUST1107,Fajar Yusuf,South ,Books,Self-Help Guide,2,15.33,Completed,Gift Card
ORD103869,5/10/2023,CUST1815,Budi Garcia,Mid-West,BOOKS,Children's Book,2,8.97,Completed,Gift Card
ORD103234,18-Sep-24,CUST1642,,South ,Clothing,Hoodie,1,,Returned,Gift Card
ORD101896,22-May-24,CUST1713,Dewi Taylor,SOUTH,Electronics,Wireless Mouse,1,86.44,Pending,Debit Card
ORD103813,3/12/2023,CUST1117,Sarah Pratama,Midwest,Toys,Board Game,2,57.83,Completed,Credit Card
ORD101426,,CUST1278,David Salim,WEST,Electronics,USB-C Cable,1,76.1,Pending,PayPal
ORD103579,6/26/2023,CUST1780,Lisa Wijaya, West,Electronics,Wireless Earbuds,2,28.59,Completed,Gift Card
ORD100002,2/14/2024,CUST1339,Siti Hidayat,Mid-West,Home & Kitchen,Coffee Maker,2,116.75,Completed,Gift Card
ORD103891,24-Mar-24,CUST1433,Sarah Tan,south,Toys,Action Figure,4,10.95,Completed,Debit Card
ORD103128,5/12/2024,CUST1268,Sarah Lee, West,books,Cookbook,3,13.45,Completed,Gift Card
ORD103590,6/7/2024,CUST1249,Kevin Taylor,EAST,Home & Kitchen,LED Desk Lamp,2,25.18,Completed,Gift Card
ORD101185,18/10/2023,CUST1565,Rina Hidayat, West,Beauty,Shampoo,3,16.92,Completed,PayPal
ORD102821,19/05/2023,CUST1475,Ayu Taylor,south, books ,Fiction Novel,2,28.37,Completed,Credit Card
ORD103375,9/29/2023,CUST1212,Budi Wilson,, electronics ,Webcam,3,113.88,Completed,Credit Card
ORD101088,4/15/2023,CUST1660,Andi Salim,East,HOME & KITCHEN,Storage Containers,4,73.93,Completed,Gift Card
ORD100626,4/17/2023,CUST1857,John Kurniawan,East ,Electronics,Bluetooth Speaker,1,78.91,Completed,Credit Card
ORD103178,11/30/2024,CUST1256,James Wijaya,WEST,Clothing,Winter Jacket,1,,Completed,Credit Card
ORD102401,5/16/2024,CUST1433,Sarah Tan,west,Sports & Outdoors,Jump Rope,1,47.46,Completed,Credit Card
ORD100437,6/4/2023,CUST1348,Putri Nugroho,EAST,Toys,RC Car,1,19.77,Cancelled,Credit Card
ORD102082,2-Feb-24,CUST1473,Maria Pratama,East,Books,Cookbook,1,33.41,Completed,Credit Card
ORD101907,3-Feb-23,CUST1068,Linda Nugroho,South ,Clothing,Cotton T-Shirt,2,$12.32 ,Completed,Debit Card
ORD101213,3/16/2023,CUST1031,Robert Tan,south,Clothing,Baseball Cap,1,47.24,Cancelled,Debit Card
ORD100913,11/23/2023,CUST1370,Rina Anderson,EAST,Beauty,Sunscreen SPF50,1,16.71,Completed,Gift Card
ORD103855,21-Jul-23,CUST1463,Linda Brown,East ,Home & Kitchen,Coffee Maker,4,48.22,Completed,Credit Card
ORD102710,1/18/2023,CUST1327,Rina Lee,WEST,Toys,Building Blocks,2,12.1,Completed,Gift Card
ORD103950,20/12/2023,CUST1678,Lisa Brown,west,Beauty,Face Mask Set,2,27.71,Completed,PayPal
ORD103675,5/16/2023,CUST1223,Michael Halim,south,Home & Kitchen,Cutting Board,1,61.21,Completed,Gift Card
ORD101780,1/2/2023,CUST1492,Sarah Nugroho,south,beauty,Sunscreen SPF50,1,25.88,Completed,Credit Card
ORD100450,5/28/2023,CUST1450,David Santos,south,Beauty,Lip Balm,1,20.51,completed,Gift Card
ORD101793,3/1/2023,CUST1780,Lisa Wijaya,East,Toys,Puzzle 1000pc,1,57.2,Completed,Credit Card
ORD100699,2/15/2023,CUST1507,Andi Brown,South ,Electronics,Webcam,1,22.44,Completed,Gift Card
ORD103823,7/3/2023,CUST1039,Robert Tan,east,Toys,Puzzle 1000pc,1,58.36,Cancelled,PayPal
ORD100032,5/31/2024,CUST1656,Ayu Yusuf,south,Books,Business Strategy Book,4,16.56,Completed,
ORD100769,12/24/2024,CUST1217,Michael Santos,South ,Sports & Outdoors,Jump Rope,2,65.51,Completed,Credit Card
ORD100396,10/24/2024,CUST1317,David Halim,South ,Sports & Outdoors,Camping Tent,1,13.17,Returned,PayPal
ORD103439,11/19/2023,CUST1292,Budi Halim,EAST,Sports & Outdoors,Yoga Mat,1,57.47,Completed,PayPal
ORD102120,3/31/2023,CUST1146,Ayu Smith,Midwest,Sports & Outdoors,Resistance Bands,2,22.97,Pending,Credit Card
ORD100315,7/31/2024,CUST1301,Sarah Tan,EAST,Home & Kitchen,Non-Stick Pan,1,112.05,Completed,Gift Card
ORD103979,12/30/2023,CUST1253,,West,Toys,Action Figure,2,22.95,Completed,Credit Card
ORD101611,31-Jul-24,CUST1271,Lisa Chen,East,Clothing,Baseball Cap,2,48.71,Completed,Credit Card
ORD101812,9/17/2023,CUST1504,Rina Sari,MIDWEST,Toys,Puzzle 1000pc,1,28.93,Returned,PayPal
ORD101923,7/18/2024,CUST1648,James Wijaya,west, Home & Kitchen ,Cutting Board,2,33.66,Completed,Credit Card
ORD102514,7/24/2024,CUST1543,Ayu Wilson, West,Home & Kitchen,Blender,2,101.48,completed,PayPal
ORD100501,13-Feb-24,CUST1206,Siti Wilson,South,Electronics,Smartphone Case,1,123.73,completed,PayPal
ORD100267,27/10/2023,CUST1872,Siti Taylor,East,Beauty,Face Mask Set,3,34.05,Cancelled,Gift Card
ORD100732,1/18/2024,CUST1880,Dewi Johnson,midwest, Beauty ,Shampoo,1,21.86,Completed,PayPal
ORD102879,8/30/2023,CUST1761,Ahmad Johnson,east,Electronics,Wireless Mouse,1,118.07,Completed,Debit Card
ORD103689,11/5/2024,CUST1354,Fajar Tan,WEST,Beauty,Face Mask Set,1,36.94,completed,Debit Card
ORD103971,8/12/2023,CUST1486,Sarah Lee,South ,Home & Kitchen,LED Desk Lamp,3,110.55,Completed,Debit Card
ORD100028,5/5/2024,CUST1731,Robert Anderson,SOUTH,Electronics,Laptop Stand,1,115.78,Completed,Debit Card
ORD100273,7/12/2023,CUST1421,Ayu Lee,midwest,home & kitchen,Cutting Board,1,67.37,Completed,PayPal
ORD100229,10/8/2024,CUST1889,James Sari,Mid-West,CLOTHING,Wool Socks,2,12.94,Completed,Gift Card
ORD101559,1/4/2023,CUST1347,Siti Halim,SOUTH,Books,Cookbook,1,24.35,Completed,Credit Card
ORD103782,8/3/2024,CUST1499,David Santos,south,Home & Kitchen,Non-Stick Pan,1,22.66,Cancelled,Credit Card
ORD100772,3/7/2024,CUST1396,David Wijaya,EAST,Beauty,Lip Balm,1,25.97,Completed,Gift Card
ORD100976,8/31/2023,CUST1225,Siti Wilson,MIDWEST,Books,Business Strategy Book,1,10.89,Completed,Debit Card
ORD103021,3/8/2023,CUST1644,Andi Salim,Midwest,Electronics,Wireless Earbuds,5,147.11,Completed,Credit Card
ORD103679,1/15/2024,CUST1839,John Tan,West,beauty,Sunscreen SPF50,1,11.73,Completed,Credit Card
ORD102153,3/18/2023,CUST1734,Ahmad Wilson,east,Sports & Outdoors,Hiking Backpack,1,10.83,Completed,
ORD102642,11/28/2023,CUST1863,David Pratama,Mid-West,Home & Kitchen,LED Desk Lamp,1,13.48,Completed,Gift Card
ORD103568,3/20/2024,CUST1544,Ayu Garcia,South,CLOTHING,Cotton T-Shirt,1,44.85,Completed,PayPal
ORD101956,5/12/2024,CUST1381,Putri Nugroho,EAST,Home & Kitchen,Storage Containers,1,43.15,Completed,Debit Card
ORD100210,28-Jul-23,CUST1578,Putri Salim,Mid-West,Home & Kitchen,Storage Containers,3,44.91,Completed,Gift Card
ORD101937,10/9/2023,CUST1352,Lisa Taylor, West,BEAUTY,Face Mask Set,1,21.21,Completed,Gift Card
ORD101935,7/2/2024,CUST1214,Ahmad Tan,Mid-West,Electronic,Webcam,2,24.38,Completed,Gift Card
ORD101845,1/8/2024,CUST1817,Ahmad Hidayat,MIDWEST,beauty,Face Mask Set,1,34.23,Completed,Gift Card
ORD103507,13-May-24,CUST1611,Maria Sari, West,Toys,RC Car,1,25.88,Returned,PayPal
ORD103929,8/8/2023,CUST1817,,East,sports & outdoors,Jump Rope,1,94.08,Completed,Credit Card
ORD102801,5/11/2023,CUST1723,Ayu Wijaya,west,Books,Self-Help Guide,1,14.62,Cancelled,Credit Card
ORD100709,7-Jun-24,CUST1605,Andi Sari,,Electronics,Bluetooth Speaker,2,120.5,Completed,Debit Card
ORD101936,10/15/2023,CUST1820,Maria Brown,SOUTH,BOOKS,Cookbook,2,30.01,Completed,Gift Card
ORD100636,9/20/2024,CUST1032,Andi Sari,Mid-West,Electronics,Laptop Stand,1,29.33,Completed,Credit Card
ORD100241,2/4/2023,CUST1731,Robert Anderson,south,Clothing,Running Shorts,2,53.37,Completed,Credit Card
ORD102347,21/08/2023,CUST1662,Siti Lee,SOUTH,ELECTRONICS,Power Bank,2,128.89,Completed,Debit Card
ORD103148,2/3/2024,CUST1203,Linda Brown,South ,CLOTHING,Running Shorts,5,42.81,Completed,PayPal
ORD101750,8/14/2023,CUST1651,Rina Nugroho,Mid-West,books,Self-Help Guide,1,21.44,Returned,Credit Card
ORD100945,18/03/2024,CUST1506,Lisa Wilson,SOUTH,Beauty,Sunscreen SPF50,2,26.61,Completed,Debit Card
ORD103587,7-Jan-23,CUST1048,Andi Kurniawan,South ,Toys,RC Car,1,12.71,Completed,Gift Card
ORD101398,12/3/2024,CUST1051,Lisa Tan,Mid-West,Electronics,Bluetooth Speaker,2,146.89,Completed,Debit Card
ORD103837,12/6/2023,CUST1561,Nina Santos,south,Sports & Outdoors,Hiking Backpack,1,22.6,Cancelled,Debit Card
ORD102427,12/29/2023,CUST1114,Maria Lee,West,Books,Cookbook,1,17.94,Cancelled,Credit Card
ORD101644,,CUST1774,Maria Wijaya,South ,home & kitchen,Non-Stick Pan,1,77.96,completed,PayPal
ORD103874,10/7/2023,CUST1386,Lisa Johnson,south,Books,Cookbook,1,32.4,Cancelled,Debit Card
ORD100573,3/26/2023,CUST1444,Robert Tan,Mid-West,Sports & Outdoors,Resistance Bands,1,93.98,Completed,PayPal
ORD103518,11/26/2024,CUST1399,Rina Lee,SOUTH,Electronics,Wireless Mouse,2,46.9,Completed,PayPal
ORD100212,10/13/2024,CUST1700,Robert Smith, West,Beauty,Moisturizer,2,20.33,Completed,Credit Card
ORD101681,10/8/2024,CUST1234,Nina Salim,south,Sports & Outdoors,Camping Tent,1,28.9,Completed,Credit Card
ORD100500,3/18/2024,CUST1886,Robert Taylor,WEST,Clothing,Denim Jeans,2,44.48,Completed,Gift Card
ORD102616,3/9/2023,CUST1310,Ahmad Halim,Midwest,Electronics,Webcam,4,109.05,Completed,Debit Card
ORD102545,23-Mar-24,CUST1448,Maria Halim, West,Electronics,Webcam,1,96.24,Completed,Credit Card
ORD102822,6-Jul-23,CUST1683,Putri Lee,East ,Sports & Outdoors,Hiking Backpack,1,57.89,Completed,Debit Card
ORD101005,4/5/2023,CUST1755,Budi Sari,,ELECTRONICS,Smartphone Case,1,29.75,Returned,PayPal
ORD103171,6/4/2023,CUST1440,Nina Chen,South,beauty,Face Mask Set,1,44.42,Cancelled,Gift Card
ORD102283,6/17/2024,CUST1806,Ahmad Hidayat,EAST,Toys,RC Car,1,56.91,Completed,
ORD101607,3-Aug-24,CUST1251,Nina Salim,Mid-West,Books,Self-Help Guide,1,22.24,Completed,Gift Card
ORD102976,10/2/2024,CUST1784,Kevin Kurniawan,West,Beauty,Lip Balm,1,28.61,completed,PayPal
ORD100534,11/25/2024,CUST1648,James Wijaya,EAST,Home & Kitchen,Throw Pillow,2,18.64,completed,Gift Card
ORD101546,5/29/2024,CUST1662,Siti Lee,midwest,Books,Children's Book,2,12.12,completed,Credit Card
ORD100659,3/20/2023,CUST1438,John Smith,WEST,Home & Kitchen,Coffee Maker,5,62.7,completed,Credit Card
ORD103663,11/5/2023,CUST1020,Putri Chen,MIDWEST,TOYS,Puzzle 1000pc,1,34.13,Completed,Gift Card
ORD102716,12/16/2023,CUST1483,Nina Anderson,SOUTH,beauty,Shampoo,one,31.14,Completed,Gift Card
ORD102503,15/11/2024,CUST1122,Sarah Smith,EAST,Electronics,Webcam,2,146.24,completed,Debit Card
ORD100269,10/2/2024,CUST1018,Ahmad Wilson,MIDWEST,Home & Kitchen,LED Desk Lamp,1,50.64,Completed,Debit Card
ORD101526,22/10/2023,CUST1811,Putri Santos,Midwest,Clothing,Denim Jeans,1,,Completed,PayPal
ORD102783,8/1/2024,CUST1284,Lisa Smith,East ,Clothing,Wool Socks,2,17.5,Completed,Debit Card
ORD102702,8/6/2023,CUST1546,John Garcia,WEST,Electronics,Wireless Earbuds,1,68.68,Pending,PayPal
ORD100228,10/19/2023,CUST1359,Ayu Wilson,west,Toys,Action Figure,1,48.51,Completed,Gift Card
ORD100558,30-May-23,CUST1655,John Tan,MIDWEST,ELECTRONICS,Laptop Stand,2,33.9,cancelled,PayPal
ORD101801,3/11/2024,CUST1470,Robert Salim,west, Sports & Outdoors ,Water Bottle,1,56.72,Completed,Gift Card
ORD100931,27-Nov-23,CUST1238,John Pratama,WEST,clothing,Baseball Cap,2,19.39,Completed,Gift Card
ORD102523,3/11/2023,CUST1809,Kevin Smith,, Toys ,RC Car,3,58.59,completed,Debit Card
ORD102087,8/25/2023,CUST1641,Rina Nugroho,West,Books,Fiction Novel,1,12.73,Completed,PayPal
ORD103157,7/31/2023,CUST1209,Andi Sari,west,Beauty,Face Mask Set,1,16.07,Completed,Credit Card
ORD100889,12/3/2024,CUST1664,,SOUTH,Toys,Board Game,1,55.83,Completed,Gift Card
ORD103464,9-Dec-24,CUST1580,Linda Tan,midwest,Beauty,Face Mask Set,2,31.22,Completed,Debit Card
ORD102207,7/10/2023,CUST1472,Andi Halim,South,Sports & Outdoors,Hiking Backpack,1,60.25,Completed,Debit Card
ORD103386,12/16/2024,CUST1038,Linda Nugroho,west,Home & Kitchen,Coffee Maker,4,66.78,Cancelled,PayPal
ORD100745,10/13/2024,CUST1479,Nina Nugroho,EAST,BOOKS,Cookbook,2,17.96,Completed,PayPal
ORD101024,6/16/2023,CUST1256,James Wijaya,East,Beauty,Moisturizer,1,40.06,Completed,PayPal
ORD100151,5/14/2024,CUST1468,Michael Tan,West,CLOTHING,Hoodie,2,11.55,Completed,PayPal
ORD102419,1/23/2024,CUST1070,Kevin Johnson,Midwest,Electronics,Laptop Stand,1,102.77,Completed,PayPal
ORD102466,28/10/2024,CUST1742,James Brown,West,Sports & Outdoors,Jump Rope,1,32.75,Completed,PayPal
ORD100609,10/25/2023,CUST1153,Fajar Salim,South,electronics,Webcam,1,100.81,Completed,Gift Card
ORD100897,1/7/2024,CUST1761,Ahmad Johnson,Midwest,Clothing,Denim Jeans,1,43.81,Completed,Debit Card
ORD102364,1/6/2024,CUST1350,Linda Salim,East,Clothing,Running Shorts,1,67.45,Completed,Credit Card
ORD101379,5/23/2023,CUST1175,Lisa Kurniawan, West,Electronics,Wireless Earbuds,1,91.47,Pending,
ORD100898,5/2/2023,CUST1575,, West,Clothing,Denim Jeans,one,,Completed,Gift Card
ORD101623,9/4/2024,CUST1222,Dewi Sari,SOUTH,Books,Business Strategy Book,1,21.81,completed,Debit Card
ORD102101,30/12/2023,CUST1223,Michael Halim,south,Beauty,Sunscreen SPF50,1,23.12,Completed,Gift Card
ORD101719,9/1/2023,CUST1414,Ayu Chen,Mid-West,home & kitchen,Coffee Maker,1,85.27,Completed,Credit Card
ORD102500,3/16/2023,CUST1896,Andi Taylor,West,beauty,Shampoo,1,23.29,Cancelled,Debit Card
ORD102451,8/29/2024,CUST1579,Kevin Tan,WEST,Electronics,Laptop Stand,1,22.9,Completed,Credit Card
ORD101641,4/27/2024,CUST1041,Michael Wijaya,South ,Clothing,Cotton T-Shirt,2,14.65,Completed,Gift Card
ORD100103,9/12/2023,CUST1731,Robert Anderson,WEST,BEAUTY,Lip Balm,1,19.01,Completed,Debit Card
ORD101367,22-Feb-24,CUST1689,Siti Tan, West,Toys,Puzzle 1000pc,1,18.79,Returned,Credit Card
ORD103195,7-Jan-23,CUST1206,Siti Wilson,MIDWEST,Books,Fiction Novel,3,16.75,Completed,Credit Card
ORD103071,20/10/2023,CUST1079,Siti Sari,South ,Clothing,Baseball Cap,1,31.62,Cancelled,Credit Card
ORD100192,11/18/2024,CUST1562,Robert Tan,EAST,Sports & Outdoors,Jump Rope,2,73.89,Completed,Credit Card
ORD102522,7/18/2023,CUST1501,,EAST,Sports & Outdoors,Water Bottle,1,12.18,Cancelled,Debit Card
ORD103201,7/8/2023,CUST1649,Rina Wilson,east,Books,Cookbook,1,28.89,Completed,Credit Card
ORD103932,8/14/2024,CUST1528,Maria Chen,west,Toys,Board Game,1,54.66,Pending,
ORD103630,2/21/2023,CUST1830,,South,Books,Business Strategy Book,1,13.38,Completed,Credit Card
ORD100677,14/11/2024,CUST1205,David Johnson,MIDWEST,Sports & Outdoors,Camping Tent,1,75.76,Completed,Gift Card
ORD103431,10/15/2023,CUST1562,Robert Tan,midwest, Home & Kitchen ,Blender,2,87.04,Completed,Debit Card
ORD103721,12/31/2024,CUST1859,Rina Kurniawan,south,Sports & Outdoors,Resistance Bands,4,88.45,Completed,Gift Card
ORD101876,9/28/2024,CUST1640,Siti Smith,West,toys,Action Figure,1,37.84,Completed,Debit Card
ORD100826,8/27/2024,CUST1449,Michael Chen, West,Sports & Outdoors,Water Bottle,1,56.14,Completed,Credit Card
ORD101890,26-Jul-24,CUST1529,Ahmad Garcia, West,Beauty,Face Mask Set,3,8.23,Cancelled,Gift Card
ORD101693,1/14/2024,CUST1426,Ahmad Johnson,Mid-West,Home & Kitchen,Coffee Maker,1,44.85,Completed,Gift Card
ORD103186,10/18/2024,CUST1798,Siti Anderson,South,books,Children's Book,1,33.24,Completed,Gift Card
ORD100165,6/15/2024,CUST1785,Maria Nugroho,WEST,Beauty,Sunscreen SPF50,1,9.18,Completed,Credit Card
ORD102820,2/15/2024,CUST1218,Siti Tan,south,Sports & Outdoors,Camping Tent,2,9.88,completed,Gift Card
ORD103772,3/17/2024,CUST1445,Kevin Anderson,East,Books,Self-Help Guide,2,17.57,Cancelled,PayPal
ORD101010,4/21/2023,CUST1037,Lisa Garcia,east,electronics,Wireless Earbuds,2,107.59,Pending,PayPal
ORD101460,27/03/2023,CUST1152,Dewi Yusuf,Mid-West,Home & Kitchen,Non-Stick Pan,1,35.74,Completed,Gift Card
ORD103985,5/17/2024,CUST1460,Rina Sari,Mid-West,Sports & Outdoors,Jump Rope,2,77.98,Completed,PayPal
ORD102144,8/25/2024,CUST1664,Dewi Nugroho,west,Clothing,Wool Socks,2,61.31,completed,Credit Card
ORD103865,12/11/2024,CUST1834,Andi Nugroho,Midwest,HOME & KITCHEN,LED Desk Lamp,2,18.43,Completed,PayPal
ORD101475,4/24/2024,CUST1140,Maria Wijaya,east, toys ,Board Game,5,29.15,Completed,Gift Card
ORD103563,9/19/2024,CUST1516,Fajar Brown,EAST,Clothing,Wool Socks,1,20.74,Pending,Gift Card
ORD103947,11/28/2024,CUST1729,Rina Halim,south,Sports & Outdoors,Water Bottle,4,96,Completed,Gift Card
ORD100865,2/10/2024,CUST1730,Linda Kurniawan,south,Books,Children's Book,1,32.59,Completed,Gift Card
ORD101160,3/10/2024,CUST1464,Dewi Taylor,midwest,Electronics,Smartphone Case,2,66.45,Returned,Debit Card
ORD100679,1/10/2023,CUST1363,Budi Sari,SOUTH,Clothing,Running Shorts,1,78.83,Pending,Debit Card
ORD101326,11/6/2023,CUST1596,Ayu Garcia,east,Toys,RC Car,1,53.43,Completed,Credit Card
ORD103446,4/4/2024,CUST1413,Dewi Chen, West,Clothing,Baseball Cap,1,53.15,Completed,PayPal
ORD101980,12/7/2023,CUST1011,Dewi Garcia,West,Sports & Outdoors,Resistance Bands,1,90.95,Returned,
ORD103333,4/6/2024,CUST1092,Putri Nugroho,south,Clothing,Cotton T-Shirt,,72.08,Cancelled,Credit Card
ORD102444,11/6/2023,CUST1899,Maria Hidayat,south,Beauty,Shampoo,one,29.28,Cancelled,Debit Card
ORD102252,8/14/2024,CUST1457,David Johnson,South ,Books,Self-Help Guide,1,28.14,Completed,Credit Card
ORD101046,12/13/2024,CUST1111,Siti Halim,SOUTH,Beauty,Face Mask Set,2,23.45,Completed,PayPal
ORD102711,14-Jun-23,CUST1102,Maria Brown,south,Books,Cookbook,2,17.24,Completed,PayPal
ORD103141,9/20/2023,CUST1012,Andi Yusuf,Mid-West,Books,Cookbook,1,31.87,Completed,
ORD103748,2/7/2024,CUST1264,Siti Halim, West,Electronics,Smartphone Case,1,106.83,Completed,PayPal
ORD101295,6/1/2023,CUST1835,Nina Wilson,SOUTH,Beauty,Moisturizer,1,9.91,Completed,Gift Card
ORD102812,5/17/2023,CUST1659,Kevin Hidayat,midwest,Clothing,Denim Jeans,2,57.25,Completed,PayPal
ORD100872,12/24/2023,CUST1812,Putri Hidayat,Midwest,Electronics,Power Bank,2,78.56,completed,PayPal
ORD102756,7/28/2024,CUST1451,Ahmad Garcia,South ,Home & Kitchen,Non-Stick Pan,2,58.35,Completed,Credit Card
ORD103127,7/5/2023,CUST1660,Andi Salim,midwest, ELECTRONICS ,Power Bank,1,20.89,Pending,Credit Card
ORD101795,9/26/2023,CUST1639,Dewi Salim,West,BEAUTY,Moisturizer,1,40.18,Completed,Gift Card
ORD100915,10/9/2024,CUST1025,Nina Chen,Mid-West,toys,Puzzle 1000pc,1,57.39,Completed,Debit Card
ORD101656,12/4/2023,CUST1824,Linda Chen,EAST,Beauty,Shampoo,1,19.11,Completed,Credit Card
ORD103605,1/13/2023,CUST1240,Linda Chen,,clothing,Hoodie,1,55.65,Completed,Credit Card
ORD101828,11/24/2024,CUST1343,Dewi Sari,west,Electronics,Laptop Stand,1,66.45,Completed,Gift Card
ORD103821,7/20/2023,CUST1177,Ayu Pratama,East ,Electronics,Laptop Stand,1,28.99,Completed,Debit Card
ORD102187,5/26/2024,CUST1435,Dewi Lee, West,clothing,Denim Jeans,3,75.08,Completed,
ORD100738,3/27/2023,CUST1173,John Tan,south,Clothing,Baseball Cap,3,76.66,Completed,Gift Card
ORD103055,5/13/2024,CUST1387,Budi Pratama,east,Toys,Board Game,1,29.51,Completed,
ORD100191,7/8/2023,CUST1422,Budi Pratama,west,Beauty,Sunscreen SPF50,1,17.11,Completed,Debit Card
ORD101445,9/3/2023,CUST1812,Putri Hidayat,South ,home & kitchen,LED Desk Lamp,2,73,Completed,Credit Card
ORD101518,22/11/2023,CUST1235,Nina Halim,Midwest,Toys,RC Car,2,17.93,Completed,PayPal
ORD100433,1/22/2023,CUST1637,Linda Tan,South ,Beauty,Face Mask Set,1,30.8,Completed,PayPal
ORD103485,12-May-23,CUST1834,Andi Nugroho,midwest,Toys,Building Blocks,1,37.35,Returned,Debit Card
ORD103849,7/6/2024,CUST1609,Rina Chen,WEST,Sports & Outdoors,Hiking Backpack,2,34.85,Completed,Debit Card
ORD102921,3/9/2024,CUST1100,Ahmad Wijaya,SOUTH,Electronics,Webcam,2,17.06,completed,Debit Card
ORD101431,21-Apr-24,CUST1556,Budi Wilson,EAST,books,Fiction Novel,1,30.45,Completed,Debit Card
ORD100014,,CUST1590,Putri Tan, West,Home & Kitchen,LED Desk Lamp,3,93.6,Completed,Gift Card
ORD102008,6/10/2023,CUST1740,Dewi Hidayat,MIDWEST,Sports & Outdoors,Resistance Bands,1,41.36,Completed,Debit Card
ORD101608,7-May-23,CUST1478,Lisa Kurniawan,Mid-West,Books,Fiction Novel,2,33.92,Completed,Credit Card
ORD101633,9/19/2023,CUST1365,David Chen,SOUTH,Electronics,Webcam,1,19.38,Completed,PayPal
ORD100417,6/22/2024,CUST1520,John Halim,West,TOYS,RC Car,1,47.25,Completed,PayPal
ORD102270,,CUST1093,Kevin Nugroho,south,Electronics,Smartphone Case,1,37.47,Completed,PayPal
ORD102643,8/11/2024,CUST1029,Nina Smith,South ,Home & Kitchen,Blender,5,14.22,Completed,PayPal
ORD102585,12/28/2023,CUST1130,Maria Johnson,MIDWEST,Home & Kitchen,Coffee Maker,1,28.32,Completed,Debit Card
ORD101072,10/28/2023,CUST1738,Fajar Halim,midwest,Beauty,Face Mask Set,1,39.58,Completed,Credit Card
ORD101547,1/25/2023,CUST1527,Rina Anderson,South ,Beauty,Sunscreen SPF50,1,41.56,Completed,Debit Card
ORD100204,6/24/2023,CUST1087,Linda Tan,South ,Clothing,Running Shorts,1,24.07,Completed,Gift Card
ORD101447,2/2/2024,CUST1467,Andi Smith,South,Beauty,Sunscreen SPF50,1,36.48,Completed,Debit Card
ORD102981,27/07/2024,CUST1814,Michael Taylor,Mid-West,Books,Cookbook,3,16.07,Completed,Gift Card
ORD100650,15/10/2023,CUST1540,Dewi Yusuf,South ,Clothing,Winter Jacket,2,24.34,Completed,Gift Card
ORD100892,4/19/2024,CUST1471,James Anderson,South ,Beauty,Lip Balm,1,24.97,Completed,Debit Card
ORD102210,4/7/2023,CUST1222,Dewi Sari,south,Clothing,Hoodie,2,49.92,completed,PayPal
ORD101346,4/10/2024,CUST1704,Dewi Nugroho,East,BOOKS,Children's Book,1,25.03,Cancelled,Gift Card
ORD101846,3/25/2024,CUST1464,Dewi Taylor,east,Sports & Outdoors,Camping Tent,1,93.21,Completed,Credit Card
ORD103352,12/10/2023,CUST1340,Ayu Lee,east,Electronics,Wireless Mouse,1,98.8,Completed,PayPal
ORD103522,8/29/2023,CUST1481,James Chen,West,Toys,Building Blocks,2,43.15,cancelled,Gift Card
ORD102508,24/08/2024,CUST1292,Budi Halim,SOUTH, Toys ,RC Car,1,48.42,Completed,Debit Card
ORD100004,2-Apr-24,CUST1436,Lisa Garcia,SOUTH,Clothing,Wool Socks,1,23.98,Completed,Debit Card
ORD103951,2/11/2023,CUST1520,John Halim,East,Sports & Outdoors,Yoga Mat,1,88.72,Completed,PayPal
ORD103779,4/21/2023,CUST1006,James Smith,Mid-West,books,Self-Help Guide,1,9.25,Completed,Credit Card
ORD100372,1/30/2023,CUST1611,Maria Sari,,Books,Self-Help Guide,4,27.83,Completed,Credit Card
ORD102955,3/11/2023,CUST1632,Linda Lee, West,toys,Action Figure,1,18.77,Completed,PayPal
ORD102695,15-Dec-24,CUST1640,Siti Smith,East,Home & Kitchen,Coffee Maker,1,42.32,Completed,Debit Card
ORD100528,3/8/2024,CUST1202,Dewi Santos,East ,Sports & Outdoors,Water Bottle,1,36.31,Completed,PayPal
ORD103068,8/31/2023,CUST1448,Maria Halim,south,Beauty,Shampoo,1,9.82,Completed,PayPal
ORD100069,5/23/2023,CUST1298,Dewi Anderson,South ,Toys,Building Blocks,2,52.46,Completed,PayPal
ORD100586,11/29/2023,CUST1270,Andi Salim,SOUTH,Beauty,Shampoo,1,11.43,Pending,Credit Card
ORD100045,19-Dec-23,CUST1695,James Johnson,South,Sports & Outdoors,Hiking Backpack,2,10.44,Returned,Gift Card
ORD101826,6/10/2024,CUST1103,Ahmad Salim,South,Clothing,Baseball Cap,1,16.23,Completed,Credit Card
ORD100949,5/22/2024,CUST1771,Putri Salim,East,Clothing,Wool Socks,1,39.22,Completed,Credit Card
ORD100098,8/23/2024,CUST1827,Putri Garcia,Mid-West,Clothing,Winter Jacket,1,60.4,Completed,Credit Card
ORD100610,3-Apr-24,CUST1697,Michael Sari,WEST,Beauty,Shampoo,,20.14,Completed,Debit Card
ORD102556,4/22/2023,CUST1244,Nina Pratama,East,Clothing,Baseball Cap,1,29.76,returned,Debit Card
ORD102127,1/30/2024,CUST1848,Sarah Nugroho,south,Clothing,Wool Socks,4,74.98,completed,Debit Card
ORD102810,5/8/2024,CUST1432,Andi Smith,Mid-West,Beauty,Lip Balm,3,32.43,Completed,PayPal
ORD102989,2/4/2024,CUST1365,David Chen,Mid-West,Home & Kitchen,LED Desk Lamp,1,68.05,Returned,Gift Card
ORD102104,10/25/2023,CUST1651,Rina Nugroho,SOUTH, Sports & Outdoors ,Water Bottle,1,17.82,completed,PayPal
ORD100144,8/12/2023,CUST1385,Michael Lee,SOUTH,TOYS,RC Car,1,51.69,Completed,Gift Card
ORD103669,9/16/2024,CUST1160,James Nugroho,SOUTH,Toys,Action Figure,1,47.6,Completed,Credit Card
ORD100384,19-Nov-23,CUST1032,Andi Sari,South ,SPORTS & OUTDOORS,Yoga Mat,2,31.08,Cancelled,Gift Card
ORD103992,4/25/2023,CUST1292,Budi Halim,South,Books,Children's Book,2,20.08,Completed,PayPal
ORD102620,8/4/2024,CUST1755,Budi Sari,South,Electronics,Bluetooth Speaker,2,99.92,Completed,Credit Card
ORD101908,11/3/2023,CUST1512,Rina Wilson,Mid-West,home & kitchen,Non-Stick Pan,2,81.31,Cancelled,PayPal
ORD101231,1/7/2024,CUST1379,Putri Halim,south, Toys ,Action Figure,3,27.75,Completed,Credit Card
ORD100190,2/12/2023,CUST1011,Dewi Garcia,West,Books,Business Strategy Book,4,32.25,Completed,
ORD101123,12/15/2023,CUST1808,Michael Kurniawan,West,sports & outdoors,Water Bottle,1,77.45,Completed,Debit Card
ORD102791,11/22/2024,CUST1343,Dewi Sari,west,clothing,Denim Jeans,1,23.67,Completed,Gift Card
ORD103449,4/18/2023,CUST1740,,West,Books,Business Strategy Book,1,31.34,Completed,Credit Card
ORD102721,12-Sep-23,CUST1496,John Smith,South,Home & Kitchen,Storage Containers,4,,Returned,Debit Card
ORD103766,5/20/2023,CUST1034,Putri Pratama,South,Electronics,Smartphone Case,1,59.51,Completed,Debit Card
ORD101541,2/29/2024,CUST1667,Robert Halim,SOUTH,Toys,RC Car,1,14.74,Cancelled,PayPal
ORD100627,20-Jul-23,CUST1795,Michael Chen,South,Sports & Outdoors,Hiking Backpack,,57.25,Cancelled,Credit Card
ORD102661,4-Jul-24,CUST1322,Ahmad Wijaya,West,Home & Kitchen,Non-Stick Pan,1,103.34,Completed,PayPal
ORD103110,4/18/2024,CUST1100,Ahmad Wijaya,midwest,Toys,Board Game,1,9.31,Completed,Credit Card
ORD100073,5/2/2024,CUST1466,Lisa Wijaya,SOUTH,Toys,Puzzle 1000pc,1,25.77,Completed,Gift Card
ORD102604,7/12/2024,CUST1633,James Kurniawan,South,electronics,Bluetooth Speaker,2,55.85,Completed,Credit Card
ORD101394,8/17/2024,CUST1853,Robert Smith,EAST,Toys,Board Game,1,40.08,Completed,Gift Card
ORD100401,10/22/2024,CUST1486,Sarah Lee,Midwest,Beauty,Face Mask Set,1,39.49,Pending,Credit Card
ORD102203,10-Jan-23,CUST1093,Kevin Nugroho,MIDWEST,Toys,Puzzle 1000pc,1,59.48,Completed,PayPal
ORD102498,1/12/2024,CUST1099,Sarah Santos, West,books,Fiction Novel,1,20.62,Completed,Gift Card
ORD100989,10/24/2024,CUST1693,Lisa Santos,South ,Toys,Board Game,1,30.06,Returned,Debit Card
ORD103988,15-Apr-24,CUST1412,Siti Anderson,West,Electronic,Laptop Stand,2,33.6,Pending,PayPal
ORD103206,10/17/2024,CUST1417,,,Electronics,Webcam,1,,Completed,PayPal
ORD101558,3-Nov-23,CUST1169,Lisa Hidayat,WEST,BOOKS,Children's Book,1,28.58,Cancelled,Debit Card
ORD103467,9/12/2023,CUST1694,Ayu Tan,MIDWEST,home & kitchen,Non-Stick Pan,1,40.98,Completed,Gift Card
ORD101512,16/05/2023,CUST1870,Dewi Chen, West,Clothing,Running Shorts,2,29.11,Completed,Credit Card
ORD100252,17-Jul-23,CUST1103,Ahmad Salim,south,Beauty,Shampoo,1,26.76,Completed,PayPal
ORD100751,3/10/2024,CUST1886,Robert Taylor,SOUTH,Home & Kitchen,Throw Pillow,2,78.22,Completed,PayPal
ORD103697,8/8/2024,CUST1281,Ahmad Hidayat,SOUTH,HOME & KITCHEN,Coffee Maker,1,119.14,Completed,Credit Card
ORD101791,11/8/2023,CUST1021,David Wijaya,,Books,Children's Book,1,31.95,Completed,Gift Card
ORD100972,9/18/2023,CUST1581,Rina Hidayat,midwest,sports & outdoors,Hiking Backpack,1,30.9,completed,Debit Card
ORD101195,29/09/2024,CUST1529,Ahmad Garcia,WEST,Toys,Building Blocks,2,38.93,Completed,Gift Card
ORD103339,11/25/2024,CUST1154,Michael Tan,EAST,Electronics,Laptop Stand,1,,Completed,PayPal
ORD103012,3/20/2023,CUST1296,James Sari,south,Books,Cookbook,1,20.19,Cancelled,PayPal
ORD102513,5/15/2023,CUST1127,Linda Halim,east,Beauty,Lip Balm,1,18.03,Completed,PayPal
ORD101918,7/25/2024,CUST1819,Lisa Salim,Midwest,HOME & KITCHEN,Blender,1,20.27,Completed,PayPal
ORD100611,3/8/2024,CUST1244,Nina Pratama,east, clothing ,Winter Jacket,1,66.07,Completed,Gift Card
ORD102514,7/24/2024,CUST1543,Ayu Wilson, West,Home & Kitchen,Blender,2,101.48,Completed,PayPal
ORD102116,12/22/2024,CUST1445,Kevin Anderson,South ,Toys,Puzzle 1000pc,2,22.63,Completed,PayPal
ORD100279,27/05/2024,CUST1145,Linda Smith,South, Sports & Outdoors ,Jump Rope,1,35.35,Completed,PayPal
ORD103382,12/4/2023,CUST1235,Nina Halim,South,Toys,Puzzle 1000pc,2,12.24,Completed,PayPal
ORD102118,11/7/2024,CUST1623,John Yusuf,MIDWEST,clothing,Hoodie,1,71.29,Completed,PayPal
ORD101881,12/3/2023,CUST1330,Putri Johnson,South ,books,Fiction Novel,1,23.73,Completed,Gift Card
ORD100614,27-Mar-23,CUST1132,Robert Tan,MIDWEST,Sports & Outdoors,Resistance Bands,4,76.22,Completed,Gift Card
ORD100666,15-May-24,CUST1041,Michael Wijaya,East, Clothing ,Hoodie,1,38.35,Completed,Gift Card
ORD102060,7/11/2023,CUST1330,Putri Johnson,MIDWEST,Toys,Action Figure,1,36.68,Completed,PayPal
ORD103665,3/4/2024,CUST1174,Siti Lee,midwest,Home & Kitchen,Non-Stick Pan,1,15.05,completed,Debit Card
ORD100053,5/21/2023,CUST1076,Kevin Santos,East ,toys,Building Blocks,1,34.22,Cancelled,PayPal
ORD101264,6/5/2023,CUST1423,David Smith,West,books,Self-Help Guide,2,12.53,Cancelled,Credit Card
ORD100291,8-May-24,CUST1688,,east,Sports & Outdoors,Camping Tent,3,83.79,Completed,Gift Card
ORD101191,4/21/2023,CUST1834,Andi Nugroho, West,Clothing,Baseball Cap,1,75.74,Completed,Gift Card
ORD103668,2/2/2023,CUST1854,Putri Garcia,south,Home & Kitchen,Storage Containers,1,91.73,Completed,Gift Card
ORD100365,11/6/2023,CUST1390,Ayu Hidayat,South,Home & Kitchen,Storage Containers,2,83.61,Cancelled,Debit Card
ORD100509,7-Mar-24,CUST1383,David Garcia,East,Clothing,Denim Jeans,3,18.82,Completed,Credit Card
ORD103901,6/18/2024,CUST1609,Rina Chen,east,Toys,Action Figure,2,30.22,Completed,Debit Card
ORD100296,11/15/2023,CUST1730,Linda Kurniawan,East,Toys,Action Figure,1,37.49,Returned,Credit Card
ORD101642,4/1/2023,CUST1435,Dewi Lee,west,Beauty,Face Mask Set,2,31.5,Completed,PayPal
ORD103160,8/31/2023,CUST1696,David Hidayat,midwest,Sports & Outdoors,Camping Tent,1,40.42,Completed,PayPal
ORD102610,12/3/2024,CUST1175,Lisa Kurniawan,East ,Electronics,Power Bank,1,95.44,Completed,Debit Card
ORD101203,1/26/2024,CUST1248,Andi Pratama,Mid-West,Toys,RC Car,2,46.82,Completed,PayPal
ORD100425,6-Jun-24,CUST1582,Michael Lee,East,Electronics,Bluetooth Speaker,,58.91,Completed,Credit Card
ORD103608,12/21/2024,CUST1144,Kevin Smith,East,Beauty,Face Mask Set,2,16.46,Completed,PayPal
ORD103629,5/29/2024,CUST1783,Ayu Taylor,Mid-West,Clothing,Hoodie,2,71.08,Completed,Credit Card
ORD102370,11/25/2024,CUST1878,Ayu Sari,south,Electronics,Smartphone Case,,108.32,Completed,PayPal
ORD100025,9-Nov-24,CUST1744,Andi Sari,WEST,Electronics,Smartphone Case,3,100.47,Completed,Gift Card
ORD100047,1/15/2024,CUST1208,Sarah Pratama,East ,home & kitchen,LED Desk Lamp,1,13.97,Completed,PayPal
ORD101891,9/7/2024,CUST1870,Dewi Chen,South ,toys,Puzzle 1000pc,1,32.88,Completed,PayPal
ORD100527,13-Mar-23,CUST1172,Nina Lee,East,Toys,Board Game,1,50.82,Completed,Gift Card
ORD101250,4/13/2023,CUST1614,Putri Lee,East,Electronic,USB-C Cable,1,125.53,Completed,Gift Card
ORD101942,1/9/2023,CUST1710,Linda Chen,EAST,Electronics,Bluetooth Speaker,1,84.46,Completed,PayPal
ORD103844,9/23/2023,CUST1314,Michael Pratama,South,Toys,Board Game,2,26.74,Cancelled,Credit Card
ORD102581,7/8/2023,CUST1822,Ayu Wilson,west,Sports & Outdoors,Jump Rope,1,25.77,Completed,Gift Card
ORD102199,11/4/2023,CUST1137,Budi Wijaya,South,Books,Fiction Novel,1,25.32,Completed,Debit Card
ORD103598,4-Nov-24,CUST1777,Ayu Chen,South ,sports & outdoors,Yoga Mat,2,77.34,Returned,Gift Card
ORD100256,8/2/2023,CUST1841,Putri Anderson,West,beauty,Face Mask Set,3,8.64,Completed,PayPal
ORD102353,1/22/2023,CUST1837,Dewi Johnson,East,Toys,Building Blocks,1,54.83,Completed,Gift Card
ORD103556,29/03/2023,CUST1717,Siti Sari,midwest,Toys,Action Figure,2,56,Completed,Credit Card
ORD100512,2/25/2024,CUST1638,Maria Kurniawan,east,Home & Kitchen,Coffee Maker,2,48.86,Completed,Gift Card
ORD100710,7/5/2024,CUST1664,Dewi Nugroho, West,Electronics,Bluetooth Speaker,2,57.41,Completed,Credit Card
ORD102516,11/28/2024,CUST1197,Sarah Lee,SOUTH,Beauty,Moisturizer,2,33.12,Completed,PayPal
ORD101348,22-Jan-23,CUST1225,Siti Wilson,west,books,Children's Book,1,21.56,Completed,Debit Card
ORD103695,7/5/2024,CUST1487,Andi Lee, West,Books,Self-Help Guide,1,27.27,Completed,Debit Card
ORD100018,2/21/2023,CUST1468,Michael Tan,Midwest,CLOTHING,Denim Jeans,1,35.45,Completed,Gift Card
ORD102901,3/15/2023,CUST1611,Maria Sari,midwest,Clothing,Winter Jacket,2,$75.42 ,Completed,Debit Card
ORD102725,4/25/2024,CUST1214,Ahmad Tan,MIDWEST,Beauty,Sunscreen SPF50,1,33.38,Completed,Gift Card
ORD103972,18-Dec-23,CUST1029,Nina Smith,WEST,sports & outdoors,Hiking Backpack,2,65.8,Completed,PayPal
ORD101414,9/10/2023,CUST1898,Ahmad Nugroho,SOUTH,Electronics,Bluetooth Speaker,1,21.9,Completed,Credit Card
ORD102472,26/05/2023,CUST1257,Sarah Taylor, West,electronics,Wireless Mouse,2,64.32,Completed,Debit Card
ORD102296,16-Apr-23,CUST1432,Andi Smith,SOUTH,Electronics,Bluetooth Speaker,1,100.08,Returned,Credit Card
ORD102759,12/22/2024,CUST1572,Maria Yusuf,,toys,Board Game,2,52.88,Cancelled,Credit Card
ORD102654,16-Nov-23,CUST1164,Kevin Tan,South,BOOKS,Self-Help Guide,1,25.48,Completed,Gift Card
ORD103316,10/7/2023,CUST1130,Maria Johnson,south,Toys,Puzzle 1000pc,1,55.23,Completed,Debit Card
ORD102979,30/12/2024,CUST1647,Nina Nugroho,Mid-West,Clothing,Hoodie,1,64.21,Completed,PayPal
ORD100903,11/6/2024,CUST1443,Andi Hidayat,Mid-West,home & kitchen,Coffee Maker,1,110.52,Completed,Credit Card
ORD102083,1/16/2023,CUST1402,Rina Nugroho, West,Home & Kitchen,Cutting Board,1,14.68,Completed,Debit Card
ORD102095,11/13/2023,CUST1445,,East, Books ,Fiction Novel,1,32.28,Completed,PayPal
ORD100744,4/26/2024,CUST1010,Budi Anderson,west,Home & Kitchen,Cutting Board,4,12.77,Completed,Credit Card
ORD101170,6/10/2023,CUST1341,Fajar Wijaya, West,Clothing,Wool Socks,3,$15.48 ,cancelled,Gift Card
ORD101240,1/2/2023,CUST1771,Putri Salim,EAST,Electronics,Bluetooth Speaker,1,96.87,Completed,Gift Card
ORD101061,27-Mar-23,CUST1783,Ayu Taylor,East,electronics,Wireless Earbuds,1,48.47,Completed,Credit Card
ORD103032,7/5/2023,CUST1633,James Kurniawan,EAST,Home & Kitchen,Storage Containers,1,115.88,Completed,Gift Card
ORD100592,2/27/2023,CUST1314,,west,Home & Kitchen,Cutting Board,2,19.3,Completed,Debit Card
ORD103609,21-May-24,CUST1819,Lisa Salim,east,TOYS,Puzzle 1000pc,1,40.45,Completed,Debit Card
ORD101602,24/07/2024,CUST1337,Budi Smith,East,Clothing,Winter Jacket,1,30.11,completed,Credit Card
ORD101139,4/3/2023,CUST1639,Dewi Salim,South,Electronics,Wireless Earbuds,1,54.32,Completed,Gift Card
ORD100844,25-Feb-24,CUST1319,Rina Santos,East,Clothing,Wool Socks,1,57.54,Completed,Gift Card
ORD102044,6/30/2023,CUST1549,James Nugroho,South ,Toys,Puzzle 1000pc,1,47.53,Completed,Credit Card
ORD103912,5/9/2024,CUST1359,Ayu Wilson,WEST,sports & outdoors,Jump Rope,1,96.97,Completed,
ORD101759,5/20/2024,CUST1004,Ahmad Yusuf,WEST,Clothing,Denim Jeans,2,77.49,Completed,Credit Card
ORD101051,12/5/2023,CUST1006,James Smith, West,Toys,Board Game,1,21.32,Completed,PayPal
ORD100771,5/22/2023,CUST1625,Lisa Pratama,east,Books,Children's Book,1,21.2,Completed,Credit Card
ORD102226,6/12/2024,CUST1880,Dewi Johnson,East,CLOTHING,Running Shorts,5,28.62,Completed,Gift Card
ORD100446,8-Nov-23,CUST1815,Budi Garcia,midwest,Books,Business Strategy Book,1,27.58,Completed,Credit Card
ORD103890,3/5/2024,CUST1007,Budi Garcia,Midwest,BEAUTY,Face Mask Set,one,25.86,Completed,PayPal
ORD101372,12/25/2023,CUST1607,Fajar Kurniawan,WEST,SPORTS & OUTDOORS,Hiking Backpack,2,30.69,Completed,PayPal
ORD100202,8/27/2024,CUST1493,Lisa Kurniawan,south, beauty ,Lip Balm,1,18.99,Completed,Gift Card
ORD100471,27/11/2023,CUST1573,Putri Kurniawan,South,Sports & Outdoors,Yoga Mat,1,53.34,Completed,Gift Card
ORD101239,2/3/2024,CUST1246,Ayu Brown,South,electronics,Smartphone Case,3,67.85,Returned,Debit Card
ORD101402,3/24/2024,CUST1859,Rina Kurniawan,SOUTH,Beauty,Sunscreen SPF50,1,38.63,Completed,Debit Card
ORD101256,4-Jan-23,CUST1311,John Nugroho,West,Toys,Building Blocks,4,9.05,Completed,PayPal
ORD102615,9/19/2023,CUST1092,Putri Nugroho,east,Toys,Puzzle 1000pc,2,20.39,Completed,PayPal
ORD103743,10/11/2023,CUST1175,Lisa Kurniawan,south,Beauty,Lip Balm,3,39.04,Completed,PayPal
ORD102374,7-Sep-24,CUST1422,Budi Pratama,MIDWEST,Books,Self-Help Guide,2,10.63,Completed,PayPal
ORD103453,11/30/2024,CUST1671,,West,Beauty,Sunscreen SPF50,1,8.87,Completed,Credit Card
ORD102663,11/10/2023,CUST1734,Ahmad Wilson,EAST,Electronics,Laptop Stand,1,70.94,completed,Gift Card
ORD103880,5/24/2023,CUST1015,Michael Tan,East,Electronics,Power Bank,1,100.6,Completed,Debit Card
ORD101859,6/27/2024,CUST1216,Robert Anderson,East ,Books,Business Strategy Book,2,19.34,Pending,PayPal
ORD100105,20-Jul-23,CUST1637,Linda Tan,Mid-West, Clothing ,Running Shorts,1,44.89,Completed,
ORD100276,23/09/2024,CUST1775,Putri Hidayat, West,Clothing,Cotton T-Shirt,5,39.58,completed,Debit Card
ORD103252,14-Jul-24,CUST1782,Budi Brown,midwest,BOOKS,Self-Help Guide,1,22.97,Completed,Debit Card
ORD101070,5-Mar-24,CUST1417,Andi Hidayat,east,Home & Kitchen,Non-Stick Pan,2,85.39,Completed,PayPal
ORD101728,8/16/2023,CUST1568,Budi Chen,East ,Books,Cookbook,1,14.67,Completed,Gift Card
ORD102696,1/16/2023,CUST1759,Budi Johnson, West,toys,RC Car,2,19.88,Returned,Debit Card
ORD102251,11/21/2023,CUST1884,Kevin Salim,Mid-West,Home & Kitchen,Throw Pillow,2,89.41,Completed,Gift Card
ORD101786,14-Feb-23,CUST1117,Sarah Pratama,East, ELECTRONICS ,Laptop Stand,3,100.93,Completed,PayPal
ORD102894,4/27/2024,CUST1176,David Hidayat,south,Beauty,Moisturizer,3,36.46,Completed,Gift Card
ORD102205,4/1/2023,CUST1027,Budi Smith,SOUTH,Home & Kitchen,Throw Pillow,1,61.44,Completed,PayPal
ORD103058,30-Jun-24,CUST1466,Lisa Wijaya,EAST,Books,Business Strategy Book,2,24.98,Completed,
ORD103006,10/16/2023,CUST1886,Robert Taylor,midwest,BOOKS,Children's Book,1,18.42,Completed,Debit Card
ORD103330,20-Nov-23,CUST1492,Sarah Nugroho,SOUTH,Toys,Board Game,2,35.17,Completed,Credit Card
ORD103592,8/17/2023,CUST1863,David Pratama,SOUTH,toys,Building Blocks,1,23.86,Returned,Debit Card
ORD100975,11/7/2024,CUST1098,Sarah Yusuf,West,beauty,Lip Balm,1,15.11,Completed,Credit Card
ORD103981,11/13/2023,CUST1200,John Garcia,Mid-West,Clothing,Running Shorts,1,72.61,Completed,Credit Card
ORD101509,9/23/2023,CUST1833,Putri Yusuf,EAST,Clothing,Winter Jacket,4,33.2,Completed,Credit Card
ORD101866,9/28/2024,CUST1790,Andi Salim,SOUTH,Toys,Board Game,2,32.35,Completed,Gift Card
ORD100553,11/4/2024,CUST1305,Linda Nugroho,,home & kitchen,Storage Containers,1,31.12,Completed,Debit Card
ORD103511,23-Apr-24,CUST1375,Robert Garcia,midwest,Home & Kitchen,LED Desk Lamp,1,82.55,Completed,PayPal
ORD103526,10/1/2024,CUST1547,Andi Tan,Midwest,Books,Fiction Novel,1,30.05,Completed,Gift Card
ORD102308,9/11/2024,CUST1248,Andi Pratama,East,Clothing,Denim Jeans,1,42.81,completed,PayPal
ORD101962,31-Mar-24,CUST1817,Ahmad Hidayat, West,Home & Kitchen,Storage Containers,1,85.68,Completed,
ORD102204,7/18/2024,CUST1589,Siti Nugroho,West,Home & Kitchen,Coffee Maker,1,72.01,Returned,
ORD103845,4/14/2023,CUST1015,Michael Tan,WEST,BOOKS,Children's Book,1,34.56,Cancelled,Debit Card
ORD100830,24-Sep-24,CUST1610,Dewi Tan,MIDWEST,Toys,Puzzle 1000pc,2,31.94,Completed,PayPal
ORD101539,8/18/2024,CUST1240,Linda Chen,East,Home & Kitchen,Throw Pillow,3,115.54,Completed,Gift Card
ORD102148,30-May-24,CUST1264,Siti Halim,SOUTH,Sports & Outdoors,Jump Rope,1,97.73,Completed,PayPal
ORD102630,7/3/2023,CUST1295,Robert Taylor,EAST,Clothing,Baseball Cap,1,28.8,Cancelled,Debit Card
ORD103412,10/3/2024,CUST1719,Nina Yusuf,MIDWEST,Beauty,Moisturizer,3,16.86,Completed,PayPal
ORD100874,11/10/2024,CUST1060,Ahmad Wilson,East,Sports & Outdoors,Jump Rope,2,22.48,Completed,Gift Card
ORD102530,10/27/2024,CUST1525,Michael Anderson,South ,Beauty,Sunscreen SPF50,2,38.63,Completed,Gift Card
ORD102217,12/7/2024,CUST1732,Sarah Salim,west,Clothing,Baseball Cap,1,43.61,Completed,Credit Card
ORD101784,11/21/2024,CUST1155,Budi Brown,midwest,Clothing,Baseball Cap,2,76.42,Completed,Debit Card
ORD101294,11/27/2024,CUST1517,Siti Nugroho,MIDWEST,toys,Board Game,3,44.15,Completed,Gift Card
ORD103888,8/10/2024,CUST1535,Maria Brown,East ,Toys,Building Blocks,5,55.13,Completed,PayPal
ORD102006,11/4/2023,CUST1115,Maria Wilson,SOUTH,Sports & Outdoors,Jump Rope,1,41.12,Completed,Credit Card
ORD103993,3-Mar-24,CUST1382,David Hidayat,Midwest, Toys ,Building Blocks,2,39.09,Returned,Gift Card
ORD100357,12/26/2024,CUST1728,Siti Santos,west,Books,Self-Help Guide,1,32.79,Completed,PayPal
ORD102631,15-Sep-23,CUST1417,Andi Hidayat,south,Home & Kitchen,Throw Pillow,2,119.99,Completed,Debit Card
ORD103667,11/11/2023,CUST1460,Rina Sari,SOUTH,Sports & Outdoors,Jump Rope,3,43.71,Completed,PayPal
ORD103479,3/4/2023,CUST1388,Rina Tan,midwest, CLOTHING ,Wool Socks,2,64.19,Completed,PayPal
ORD103009,3/29/2024,CUST1331,Ayu Chen,Mid-West,Books,Self-Help Guide,1,21.58,Cancelled,Credit Card
ORD101140,7/1/2023,CUST1482,Sarah Johnson,East ,Sports & Outdoors,Hiking Backpack,1,63.46,Completed,Debit Card
ORD101421,20-Jul-24,CUST1464,Dewi Taylor,East ,Home & Kitchen,Non-Stick Pan,2,52.15,Returned,Credit Card
ORD101362,21-Sep-24,CUST1523,Michael Chen,East ,Books,Fiction Novel,2,17.74,Completed,Gift Card
ORD102365,2/14/2024,CUST1614,Putri Lee,WEST,TOYS,Puzzle 1000pc,5,59.73,Completed,Credit Card
ORD103986,2-Nov-24,CUST1749,,west,Toys,Board Game,1,25.57,Completed,Gift Card
ORD101222,5-May-23,CUST1591,Fajar Wilson,west,books,Cookbook,5,19.38,completed,Credit Card
ORD102978,11/11/2024,CUST1777,Ayu Chen,Midwest,Clothing,Hoodie,1,57.96,Completed,PayPal
ORD101661,1/23/2023,CUST1839,John Tan,,Toys,Board Game,2,29.63,Completed,PayPal
ORD100603,1/12/2023,CUST1061,Robert Chen,west,Beauty,Moisturizer,3,20.71,Completed,Gift Card
ORD100515,10/19/2024,CUST1303,James Wilson,,Clothing,Denim Jeans,1,52.06,completed,Gift Card
ORD103183,5/22/2024,CUST1251,Nina Salim,Mid-West,Electronics,Laptop Stand,2,136.03,Completed,Debit Card
ORD100684,9/16/2023,CUST1652,Ahmad Smith,west,Books,Business Strategy Book,999,17.71,Completed,Debit Card
ORD103975,8/19/2024,CUST1802,Ahmad Yusuf,East ,clothing,Hoodie,-1,22.44,Cancelled,PayPal
ORD102699,1/20/2024,CUST1454,Fajar Wijaya,midwest,clothing,Hoodie,1,8888,Completed,Gift Card
ORD103430,29-Oct-24,CUST1897,Linda Kurniawan,WEST,Home & Kitchen,Throw Pillow,1,48.17,Pending,Debit Card
ORD103642,9/3/2024,CUST1774,Maria Wijaya,EAST,Clothing,Wool Socks,1,72.75,Completed,Debit Card
ORD101113,10-Dec-23,CUST1163,Lisa Pratama,Midwest,Electronics,Webcam,1,93.11,Completed,Gift Card
ORD102186,9/30/2023,CUST1186,Andi Anderson,west,Beauty,Sunscreen SPF50,1,23.71,completed,Debit Card
ORD103825,10/30/2023,CUST1136,Budi Hidayat,West,Sports & Outdoors,Jump Rope,1,61.44,Completed,PayPal
ORD100932,2/8/2023,CUST1563,James Yusuf,West,electronics,Wireless Earbuds,2,30.7,Completed,Gift Card
ORD103429,3/5/2023,CUST1670,David Sari, West,Sports & Outdoors,Camping Tent,1,78.79,Completed,PayPal
ORD100188,5/29/2024,CUST1763,Fajar Yusuf,EAST,Books,Fiction Novel,2,20.94,Completed,Debit Card
ORD101589,7/28/2023,CUST1092,Putri Nugroho,south,Sports & Outdoors,Resistance Bands,1,50.04,Completed,Debit Card
ORD103878,13/12/2023,CUST1102,Maria Brown,West,Toys,Building Blocks,1,55.57,Completed,Debit Card
ORD103161,12/20/2024,CUST1226,Fajar Pratama,Midwest,books,Fiction Novel,1,13.82,Completed,
ORD100673,4/3/2023,CUST1841,Putri Anderson,SOUTH,Home & Kitchen,Storage Containers,1,37.74,Completed,Credit Card
ORD100702,9-Jul-24,CUST1818,Siti Salim,east,beauty,Face Mask Set,1,22.43,completed,Gift Card
ORD100485,9/11/2023,CUST1388,Rina Tan,midwest,Beauty,Moisturizer,1,27.72,Completed,Debit Card
ORD103107,4/9/2024,CUST1189,Ahmad Kurniawan,MIDWEST,Sports & Outdoors,Jump Rope,1,55.73,Completed,Debit Card
ORD103645,7/15/2024,CUST1860,Rina Nugroho,East ,Beauty,Lip Balm,1,9.42,Completed,PayPal
ORD103374,12/16/2024,CUST1673,Ahmad Smith,south,Toys,Building Blocks,1,10.56,Completed,Credit Card
ORD102340,1/8/2024,CUST1312,Linda Wijaya,West,Clothing,Wool Socks,4,15.42,Completed,Gift Card
ORD102762,26-Apr-24,CUST1205,David Johnson,EAST,Toys,RC Car,1,39.44,Completed,Gift Card
ORD103167,11/20/2024,CUST1497,David Halim, West,Electronics,Wireless Earbuds,1,72.13,Completed,Debit Card
ORD103459,10/17/2023,CUST1099,Sarah Santos,west,Beauty,Lip Balm,1,32.63,Completed,Debit Card
ORD101054,30-Apr-24,CUST1442,Andi Lee,east,Clothing,Wool Socks,1,18.18,Completed,PayPal
ORD101157,6/3/2023,CUST1676,Lisa Wijaya,Midwest, CLOTHING ,Running Shorts,1,12.96,Completed,Debit Card
ORD102562,4/3/2023,CUST1468,Michael Tan,South,clothing,Running Shorts,2,78.1,Completed,
ORD100928,3/11/2023,CUST1523,Michael Chen,South,Electronics,Smartphone Case,1,39.54,Completed,Credit Card
ORD102964,10/4/2023,CUST1147,Sarah Wilson,south,toys,Building Blocks,4,59.67,completed,Debit Card
ORD103678,12/12/2023,CUST1075,Linda Anderson,South ,Electronics,Laptop Stand,1,125.01,Completed,Credit Card
ORD100817,3/11/2023,CUST1836,Kevin Salim,east,Home & Kitchen,LED Desk Lamp,1,109.38,Cancelled,Debit Card
ORD102739,12/10/2023,CUST1108,Rina Garcia,WEST,Toys,Board Game,2,21.93,Completed,Credit Card
ORD101433,22-May-24,CUST1761,Ahmad Johnson,East ,books,Children's Book,1,10.19,completed,Credit Card
ORD101949,11/19/2024,CUST1618,Budi Lee,midwest,Toys,Puzzle 1000pc,1,40.12,Completed,Debit Card
ORD101138,5/17/2023,CUST1071,Kevin Lee,West,books,Cookbook,1,29.38,Completed,Credit Card
ORD102291,10/27/2024,CUST1185,David Johnson,West,Sports & Outdoors,Jump Rope,1,31.64,Completed,Credit Card
ORD102888,9/2/2024,CUST1290,Lisa Nugroho, West,Home & Kitchen,LED Desk Lamp,1,61.68,Completed,Debit Card
ORD101237,22/12/2024,CUST1751,Sarah Brown,south,ELECTRONICS,Bluetooth Speaker,1,54.95,Cancelled,Gift Card
ORD100999,17/12/2023,CUST1688,Lisa Sari,East ,Sports & Outdoors,Yoga Mat,1,80.88,Completed,Debit Card
ORD100242,5/7/2024,CUST1644,Andi Salim,EAST,BEAUTY,Moisturizer,2,32.38,Completed,PayPal
ORD100731,12/28/2023,CUST1739,Fajar Wilson,EAST,Electronics,Webcam,1,34.48,Completed,Credit Card
ORD102317,5/12/2023,CUST1194,Maria Hidayat, West,Electronics,Laptop Stand,1,105.79,Completed,Credit Card
ORD103478,2-Oct-24,CUST1736,James Nugroho,EAST,Home & Kitchen,Non-Stick Pan,1,82.07,Completed,Gift Card
ORD101067,9/5/2023,CUST1632,,east,Home & Kitchen,Throw Pillow,2,13.95,Completed,Debit Card
ORD103562,3/27/2024,CUST1364,David Brown,EAST,Electronics,Bluetooth Speaker,1,76.12,Completed,Gift Card
ORD103094,8/5/2024,CUST1689,Siti Tan,Mid-West,Clothing,Winter Jacket,2,12.86,Completed,PayPal
ORD101262,7/8/2023,CUST1188,James Lee,SOUTH,Home & Kitchen,Coffee Maker,2,29.43,Completed,PayPal
ORD103135,1/24/2023,CUST1451,Ahmad Garcia, West,Beauty,Shampoo,4,19.71,Completed,PayPal
ORD103099,9/20/2024,CUST1895,Michael Johnson,West,Beauty,Lip Balm,1,15.81,Completed,Debit Card
ORD103029,21-Oct-23,CUST1703,Budi Wilson,MIDWEST,Toys,Building Blocks,1,29.39,Completed,Gift Card
ORD101413,11/12/2024,CUST1440,Nina Chen,Mid-West,Electronics,Laptop Stand,1,32.8,Completed,Debit Card
ORD101102,26/02/2024,CUST1059,Dewi Chen, West,Beauty,Lip Balm,1,31.53,Completed,PayPal
ORD101164,11/12/2023,CUST1508,Budi Garcia,Mid-West,Books,Children's Book,2,17.49,Completed,Debit Card
ORD101254,3/24/2024,CUST1602,Siti Lee,Midwest,home & kitchen,Cutting Board,2,108.42,Completed,Gift Card
ORD101410,1-Jul-24,CUST1740,Dewi Hidayat,EAST,sports & outdoors,Yoga Mat,1,33.91,completed,Credit Card
ORD103790,10/5/2023,CUST1826,Maria Halim,EAST,Electronics,Laptop Stand,1,98.55,Completed,Credit Card
ORD101399,18-Aug-23,CUST1606,Lisa Halim,EAST,toys,Board Game,2,16.83,Completed,Gift Card
ORD103703,12/5/2024,CUST1340,Ayu Lee,Mid-West,SPORTS & OUTDOORS,Jump Rope,1,45.35,Completed,Gift Card
ORD101479,2/12/2024,CUST1391,Siti Pratama,SOUTH,Books,Self-Help Guide,2,9.14,Completed,Credit Card
ORD103839,8-May-23,CUST1893,John Wijaya,EAST,Toys,Action Figure,5,12.04,Completed,Debit Card
ORD100818,11/24/2024,CUST1233,Michael Lee,midwest, Sports & Outdoors ,Resistance Bands,2,25.34,Pending,Debit Card
ORD100649,5/10/2023,CUST1174,,South,Clothing,Winter Jacket,2,57.36,Completed,PayPal
ORD102072,25/10/2023,CUST1295,Robert Taylor,Mid-West,Electronics,Wireless Earbuds,5,55.34,Returned,Gift Card
ORD101450,3/12/2023,CUST1018,Ahmad Wilson,Midwest,Clothing,Wool Socks,1,71.1,Completed,Debit Card
ORD100172,11/5/2024,CUST1424,Linda Garcia,South ,ELECTRONICS,Bluetooth Speaker,1,47.07,Completed,PayPal
ORD101287,9/3/2023,CUST1739,Fajar Wilson,WEST,Toys,RC Car,2,58.89,Completed,Gift Card
ORD103185,3/6/2023,CUST1415,Sarah Salim,EAST,Toys,RC Car,3,9.07,Completed,Debit Card
ORD103416,31-Mar-23,CUST1152,Dewi Yusuf,MIDWEST,Books,Self-Help Guide,1,15.85,Completed,PayPal
ORD103409,6/12/2023,CUST1184,Michael Kurniawan,East,Beauty,Sunscreen SPF50,1,14.36,completed,PayPal
ORD102091,9/14/2024,CUST1194,Maria Hidayat,East ,Sports & Outdoors,Resistance Bands,1,75.67,completed,PayPal
ORD101643,24-Oct-24,CUST1283,Michael Brown,west,Electronics,Webcam,4,15.58,completed,PayPal
ORD102261,,CUST1016,John Pratama,MIDWEST,Beauty,Lip Balm,1,21.12,Completed,Debit Card
ORD101912,7/21/2024,CUST1634,James Sari,east,Electronics,Power Bank,2,149.71,Pending,Debit Card
ORD101588,5-Oct-24,CUST1244,Nina Pratama,SOUTH, Books ,Self-Help Guide,1,14.99,Pending,Credit Card
ORD101148,6/2/2023,CUST1141,Fajar Taylor,west,books,Business Strategy Book,1,19.01,Completed,Credit Card
ORD103372,10-Feb-23,CUST1674,Dewi Lee,South,beauty,Moisturizer,1,31.5,Completed,
ORD100143,10/24/2024,CUST1799,Robert Hidayat,south,Toys,Building Blocks,,,Completed,Credit Card
ORD101424,10/2/2024,CUST1894,Putri Anderson,west,Sports & Outdoors,Yoga Mat,1,99.07,Completed,Debit Card
ORD101063,5/17/2024,CUST1087,Linda Tan,SOUTH,Books,Cookbook,5,16.35,Completed,Credit Card
ORD100340,15-Sep-23,CUST1660,Andi Salim, West,home & kitchen,Blender,1,44.38,Completed,Gift Card
ORD102131,12/3/2024,CUST1860,Rina Nugroho,South,SPORTS & OUTDOORS,Camping Tent,1,15.8,Completed,PayPal
ORD103746,4/26/2024,CUST1412,Siti Anderson,east,Books,Children's Book,1,9.36,Completed,Gift Card
ORD101653,9/2/2024,CUST1847,Dewi Smith,South ,sports & outdoors,Yoga Mat,1,47.27,Completed,Credit Card
ORD100749,7/27/2024,CUST1334,Fajar Santos,east,Home & Kitchen,Storage Containers,1,112.68,Completed,Gift Card
ORD100722,27-Sep-23,CUST1865,Ayu Salim,South ,Electronics,Wireless Mouse,1,138.15,Completed,PayPal
ORD101794,23-Jun-24,CUST1744,Andi Sari,east,Electronics,Power Bank,5,21.06,Completed,PayPal
ORD100942,5/5/2024,CUST1045,Budi Yusuf,MIDWEST,beauty,Moisturizer,2,38.78,Completed,Debit Card
ORD101384,10/8/2024,CUST1424,Linda Garcia,East, Beauty ,Moisturizer,1,16.44,Completed,Gift Card
ORD103334,7/26/2023,CUST1241,Fajar Hidayat,midwest,TOYS,RC Car,1,15.37,Completed,Debit Card
ORD101685,11/24/2023,CUST1037,Lisa Garcia,EAST,electronics,Laptop Stand,1,60.07,Completed,PayPal
ORD103570,9/3/2023,CUST1860,Rina Nugroho,SOUTH,Beauty,Face Mask Set,1,29.49,Completed,Gift Card
ORD102177,15/04/2023,CUST1258,Ayu Smith,midwest,Books,Fiction Novel,1,14.21,Completed,PayPal
ORD102135,1/12/2024,CUST1599,Siti Kurniawan,MIDWEST,CLOTHING,Wool Socks,2,49.92,Completed,Gift Card
ORD102706,11-Mar-23,CUST1215,Putri Salim,South ,electronics,Laptop Stand,5,95.63,Completed,PayPal
ORD103749,10/21/2023,CUST1756,Putri Kurniawan,West,Beauty,Lip Balm,1,24.22,Completed,PayPal
ORD100278,26-Mar-24,CUST1783,Ayu Taylor,WEST,Beauty,Moisturizer,2,9.76,Completed,Debit Card
ORD101441,8/8/2024,CUST1448,Maria Halim,East,Toys,Action Figure,2,51.76,Completed,Debit Card
ORD100217,12/11/2024,CUST1301,Sarah Tan,MIDWEST,Home & Kitchen,Coffee Maker,2,79.38,Completed,Gift Card
ORD102797,28-May-23,CUST1297,Nina Wilson,SOUTH,Sports & Outdoors,Camping Tent,3,53.02,Completed,PayPal
ORD100570,10/19/2023,CUST1891,Sarah Lee,east, Beauty ,Shampoo,1,42.34,Completed,Gift Card
ORD103885,4/4/2023,CUST1226,Fajar Pratama,East,Home & Kitchen,Storage Containers,1,32.45,Completed,
ORD103271,1/22/2023,CUST1745,Ahmad Halim,South,Home & Kitchen,Throw Pillow,1,62.92,Completed,PayPal
ORD100322,12/2/2024,CUST1069,James Tan,East, Electronics ,Webcam,2,140.45,Completed,
ORD100418,8/27/2024,CUST1697,Michael Sari,SOUTH,Beauty,Moisturizer,3,30.66,Returned,Credit Card
ORD102646,4/1/2023,CUST1865,Ayu Salim,East,Electronics,Smartphone Case,1,25.52,Completed,PayPal
ORD101613,9/22/2023,CUST1835,Nina Wilson,south,Sports & Outdoors,Camping Tent,1,89.54,Completed,
ORD103624,6/12/2023,CUST1559,Fajar Sari,south,Toys,Puzzle 1000pc,2,58.06,Returned,Debit Card
ORD103555,3/4/2023,CUST1621,James Wijaya,south,Home & Kitchen,Storage Containers,1,116.26,Completed,Gift Card
ORD102484,6/2/2024,CUST1651,Rina Nugroho,EAST,Toys,Puzzle 1000pc,2,13.2,Completed,Credit Card
ORD103757,6/29/2024,CUST1453,James Tan,South,Beauty,Shampoo,1,7.06,Pending,Credit Card
ORD102043,6-Mar-24,CUST1724,James Pratama,EAST,Books,Self-Help Guide,1,27.76,Returned,Credit Card
ORD102934,17/08/2024,CUST1779,Andi Yusuf,SOUTH,Clothing,Cotton T-Shirt,1,60.82,Completed,Credit Card
ORD101234,4/9/2023,CUST1499,David Santos,West,Home & Kitchen,Cutting Board,2,33.33,Completed,PayPal
ORD103521,1/26/2023,CUST1378,Lisa Salim,West,Sports & Outdoors,Resistance Bands,1,84.72,Completed,PayPal
ORD100793,2/3/2023,CUST1163,Lisa Pratama,East,Clothing,Running Shorts,1,42.25,Completed,Gift Card
ORD101763,2/20/2023,CUST1068,Linda Nugroho,West,Clothing,Baseball Cap,1,58.22,Cancelled,Debit Card
ORD102529,3/10/2023,CUST1058,John Johnson,EAST,Toys,Board Game,2,25.69,Completed,Credit Card
ORD102269,6-Jan-24,CUST1576,Linda Pratama,Mid-West,Home & Kitchen,Blender,1,47.31,Completed,Debit Card
ORD100746,7/28/2024,CUST1746,Siti Garcia,SOUTH,home & kitchen,Blender,1,95.36,Completed,PayPal
ORD103348,31-Jul-24,CUST1065,Lisa Tan,East ,Books,Fiction Novel,1,22.16,completed,Credit Card
ORD101482,1/25/2023,CUST1875,Fajar Garcia,east,Home & Kitchen,Storage Containers,1,108.04,Completed,Credit Card
ORD100978,1/4/2024,CUST1244,Nina Pratama,South ,Beauty,Face Mask Set,1,22.06,Completed,Credit Card
ORD100796,28-Sep-23,CUST1145,Linda Smith,south,Clothing,Baseball Cap,1,26.82,Completed,Credit Card
ORD102007,11/16/2023,CUST1080,Nina Garcia, West,BEAUTY,Moisturizer,1,38.8,Completed,Credit Card
ORD102445,29/09/2024,CUST1236,Michael Wilson,Mid-West,home & kitchen,LED Desk Lamp,3,65.52,Completed,PayPal
ORD102227,1/24/2024,CUST1359,Ayu Wilson,south,Home & Kitchen,Non-Stick Pan,1,29.55,Completed,Debit Card
ORD100925,1/13/2024,CUST1303,James Wilson,South,Electronics,Wireless Earbuds,2,87.44,Completed,PayPal
ORD101979,5/7/2023,CUST1833,Putri Yusuf,South,BEAUTY,Moisturizer,1,34.5,Completed,Debit Card
ORD103066,11/10/2024,CUST1351,David Chen,MIDWEST,Beauty,Shampoo,2,14.24,Cancelled,PayPal
ORD102509,11/18/2024,CUST1138,Fajar Anderson,south,Sports & Outdoors,Resistance Bands,3,46.25,Completed,Debit Card
ORD101499,8/13/2024,CUST1380,Lisa Brown,Mid-West,Electronics,Power Bank,1,94.55,Completed,Credit Card
ORD103079,11/21/2023,CUST1738,Fajar Halim,Mid-West,sports & outdoors,Resistance Bands,1,94.24,Completed,PayPal
ORD100175,12/28/2024,CUST1214,Ahmad Tan,midwest,Books,Self-Help Guide,1,14.72,Completed,PayPal
ORD102916,6/20/2023,CUST1213,Michael Tan,East ,home & kitchen,Non-Stick Pan,2,86.48,Pending,Gift Card
ORD101310,1/13/2024,CUST1257,Sarah Taylor,West,books,Fiction Novel,2,9.35,Completed,Debit Card
ORD100379,11/26/2024,CUST1875,Fajar Garcia,East ,Sports & Outdoors,Water Bottle,1,69.78,Completed,Credit Card
ORD101638,12/29/2023,CUST1305,Linda Nugroho,south,Home & Kitchen,Coffee Maker,,61.86,Completed,Gift Card
ORD102411,12/13/2024,CUST1246,Ayu Brown,west,Home & Kitchen,Throw Pillow,1,80.65,Returned,
ORD100836,11/8/2024,CUST1778,Kevin Wilson,SOUTH,Clothing,Hoodie,2,70.51,Completed,Credit Card
ORD100355,8/15/2024,CUST1821,Ayu Kurniawan,Mid-West,Clothing,Baseball Cap,1,37.85,Completed,Debit Card
ORD102609,11/24/2023,CUST1421,Ayu Lee,east,Beauty,Shampoo,1,31.73,Completed,PayPal
ORD100173,4/17/2023,CUST1520,,west,Toys,Puzzle 1000pc,1,22.16,Completed,Debit Card
ORD100124,4/2/2024,CUST1327,Rina Lee,EAST,Cloths,Wool Socks,2,58.19,Completed,PayPal
ORD101142,3/6/2023,CUST1735,Maria Halim,south,Sports & Outdoors,Yoga Mat,2,,Completed,PayPal
ORD102793,2/16/2024,CUST1458,Fajar Halim,east, Toys ,RC Car,3,42.46,Completed,Gift Card
ORD101146,9/17/2024,CUST1584,John Garcia,Mid-West,Home & Kitchen,Blender,3,51.8,Completed,Credit Card
ORD102263,6/22/2024,CUST1371,Sarah Taylor,midwest,Books,Cookbook,1,23.67,Pending,PayPal
ORD102501,4/15/2023,CUST1140,Maria Wijaya,East ,Electronics,Webcam,2,39.91,Completed,Gift Card
ORD102496,4/20/2024,CUST1058,John Johnson,West,Home & Kitchen,Throw Pillow,1,109.52,Completed,PayPal
ORD102857,3-Feb-23,CUST1388,Rina Tan,MIDWEST,Home & Kitchen,Storage Containers,1,15.26,Completed,Credit Card
ORD100759,14/11/2023,CUST1252,Ayu Brown,west,Home & Kitchen,Throw Pillow,1,,Completed,Debit Card
ORD101349,1/2/2023,CUST1266,Kevin Nugroho,west,Books,Children's Book,2,17.3,Completed,PayPal
ORD100253,4/17/2023,CUST1590,Putri Tan,South ,Home & Kitchen,LED Desk Lamp,1,83.69,Completed,PayPal
ORD103505,1/29/2023,CUST1616,Putri Wijaya, West,SPORTS & OUTDOORS,Camping Tent,1,66.23,Completed,Gift Card
ORD102452,4/23/2023,CUST1622,Michael Garcia,EAST,Home & Kitchen,Storage Containers,2,20.47,Completed,Credit Card
ORD102868,2/2/2024,CUST1798,Siti Anderson,EAST,Clothing,Winter Jacket,1,18.34,Completed,Gift Card
ORD103399,2/10/2024,CUST1298,Dewi Anderson,SOUTH,Books,Children's Book,1,32.26,Completed,Debit Card
ORD102406,4/2/2024,CUST1205,David Johnson,EAST,toys,Board Game,2,12.26,Completed,PayPal
ORD103344,6/26/2024,CUST1214,Ahmad Tan,SOUTH,books,Business Strategy Book,1,10.49,Completed,
ORD102483,4/20/2024,CUST1379,Putri Halim, West,Toys,Building Blocks,1,59.72,Completed,PayPal
ORD100804,4-Apr-23,CUST1467,Andi Smith,MIDWEST,Clothing,Cotton T-Shirt,1,76.33,Completed,Credit Card
ORD102685,23-May-23,CUST1877,Dewi Santos,Mid-West,Toys,Action Figure,2,22.92,Completed,Debit Card
ORD101649,8/30/2024,CUST1430,Maria Garcia,midwest,Sports & Outdoors,Resistance Bands,1,95.85,Completed,Credit Card
ORD102059,5/12/2024,CUST1499,David Santos,MIDWEST,Books,Business Strategy Book,1,14.41,Completed,Credit Card
ORD102878,11/2/2024,CUST1356,Ahmad Tan,east,Beauty,Sunscreen SPF50,2,16.8,Completed,PayPal
ORD102103,8/17/2023,CUST1258,Ayu Smith, West,BEAUTY,Sunscreen SPF50,1,13.96,Pending,PayPal
ORD101224,23-Nov-23,CUST1095,Sarah Smith,WEST,Home & Kitchen,Coffee Maker,1,34.81,Completed,Credit Card
ORD101032,3/6/2024,CUST1304,Michael Wilson,EAST,ELECTRONICS,Webcam,,122.7,Completed,Debit Card
ORD101992,2/28/2024,CUST1368,Budi Smith,Mid-West,toys,Action Figure,1,10.6,Cancelled,Credit Card
ORD102403,9/24/2024,CUST1797,Ahmad Brown,SOUTH,Toys,RC Car,3,58.06,Completed,Debit Card
ORD102189,12/6/2023,CUST1167,Putri Hidayat,east,Toys,RC Car,2,29.44,Completed,Debit Card
ORD100003,9/8/2024,CUST1084,Ahmad Anderson,East ,Beauty,Lip Balm,1,17.39,pending,PayPal
ORD100991,3/21/2024,CUST1498,Michael Salim,east,Clothing,Baseball Cap,2,22.49,Completed,PayPal
ORD103614,8/27/2024,CUST1386,Lisa Johnson,Midwest,Books,Business Strategy Book,1,,Completed,Credit Card
ORD100643,11/29/2024,CUST1284,Lisa Smith,East , Beauty ,Sunscreen SPF50,2,28.69,Completed,Debit Card
ORD100907,8/19/2024,CUST1826,Maria Halim,east,Home & Kitchen,Throw Pillow,1,110.75,Completed,Gift Card
ORD101597,2/10/2024,CUST1832,Rina Pratama,West,Electronics,Webcam,1,63.49,Completed,Gift Card
ORD100206,9/21/2024,CUST1153,Fajar Salim, West,books,Fiction Novel,1,28.39,Completed,Credit Card
ORD103087,6/10/2024,CUST1271,Lisa Chen,South,Home & Kitchen,Coffee Maker,2,76.09,Completed,Gift Card
ORD103370,3/21/2023,CUST1253,Ahmad Garcia,midwest,Beauty,Moisturizer,1,23.66,Completed,
ORD103536,15-Nov-24,CUST1661,Ayu Halim,West,Electronics,Wireless Mouse,1,44.31,Completed,Credit Card
ORD102201,10/30/2023,CUST1189,Ahmad Kurniawan,Mid-West,electronics,Power Bank,1,103.86,completed,Debit Card
ORD100801,18/08/2023,CUST1066,Michael Lee,midwest,Home & Kitchen,Non-Stick Pan,2,106.32,Completed,Credit Card
ORD102914,5/29/2023,CUST1055,John Salim,East ,Beauty,Shampoo,2,8.17,Completed,Credit Card
ORD101305,14-Sep-24,CUST1145,Linda Smith,East,Clothing,Wool Socks,2,73.55,Completed,PayPal
ORD103496,1/21/2023,CUST1655,John Tan,West,home & kitchen,Blender,2,15.04,Completed,PayPal
ORD101991,1/2/2024,CUST1222,Dewi Sari,EAST,Toys,Building Blocks,3,52.94,Completed,Debit Card
ORD102233,12/30/2024,CUST1430,Maria Garcia,SOUTH,Clothing,Baseball Cap,1,38.47,Completed,Debit Card
ORD103773,4/9/2024,CUST1042,Sarah Wijaya,East,Beauty,Sunscreen SPF50,1,12.82,Cancelled,Credit Card
ORD101585,25-Nov-23,CUST1352,Lisa Taylor,East,Home & Kitchen,Storage Containers,1,93.35,Cancelled,Gift Card
ORD102241,21-Jun-24,CUST1349,John Halim,West,Books,Business Strategy Book,1,29.11,Cancelled,Gift Card
ORD101773,12/7/2023,CUST1487,Andi Lee,Midwest,Toys,Building Blocks,1,26.71,Pending,PayPal
ORD100798,5/1/2024,CUST1298,Dewi Anderson,,Home & Kitchen,LED Desk Lamp,2,108.1,Completed,Debit Card
ORD101694,12/13/2023,CUST1783,Ayu Taylor,midwest,sports & outdoors,Camping Tent,1,87.06,Completed,Gift Card
ORD102468,9-May-23,CUST1467,Andi Smith,South ,SPORTS & OUTDOORS,Hiking Backpack,1,46.05,Completed,PayPal
ORD100562,2/21/2024,CUST1833,Putri Yusuf,EAST,CLOTHING,Hoodie,2,28.28,Completed,Credit Card
ORD103414,9-Nov-24,CUST1569,David Kurniawan,EAST,Beauty,Shampoo,4,33.1,Returned,Credit Card
ORD102525,,CUST1233,Michael Lee,south,ELECTRONICS,Smartphone Case,2,104.81,Returned,Debit Card
ORD102765,2/2/2023,CUST1253,Ahmad Garcia,East,Home & Kitchen,Throw Pillow,1,117.23,Completed,Debit Card
ORD103223,13-Sep-24,CUST1870,Dewi Chen,Mid-West,Beauty,Face Mask Set,2,6.86,Completed,Credit Card
ORD101966,11/20/2024,CUST1720,Rina Salim,East ,Toys,Building Blocks,1,45.87,Completed,Debit Card
ORD102858,9/16/2024,CUST1890,Ahmad Sari,west,Sports & Outdoors,Yoga Mat,2,49.44,Completed,Credit Card
ORD102467,7-Jan-23,CUST1671,John Taylor,SOUTH,Electronics,Wireless Mouse,2,104.9,Completed,Debit Card
ORD102825,12/20/2023,CUST1634,James Sari,West,Home & Kitchen,Throw Pillow,1,16.28,Completed,Credit Card
ORD100852,24-Oct-24,CUST1431,Nina Hidayat,EAST,Toys,Board Game,1,15.67,Completed,Gift Card
ORD101544,10/1/2023,CUST1345,Michael Santos, West,Electronics,USB-C Cable,1,124.62,Returned,PayPal
ORD102751,21-Sep-23,CUST1629,James Tan,MIDWEST,Electronics,Wireless Mouse,2,15.88,Completed,PayPal
ORD100455,10/23/2024,CUST1347,Siti Halim,SOUTH,Books,Fiction Novel,1,9.08,Completed,PayPal
ORD103011,30-Aug-23,CUST1870,Dewi Chen,south,Sports & Outdoors,Water Bottle,2,98.11,Cancelled,Gift Card
ORD103566,10-Jan-24,CUST1878,Ayu Sari,east,Beauty,Face Mask Set,2,13.76,Completed,PayPal
ORD101186,10/17/2024,CUST1674,Dewi Lee,WEST,Beauty,Lip Balm,1,6.22,Completed,Gift Card
ORD102635,3/10/2023,CUST1172,Nina Lee,East,Home & Kitchen,Non-Stick Pan,1,14.11,Completed,Credit Card
ORD101020,12/2/2024,CUST1743,Linda Chen,West, Home & Kitchen ,Non-Stick Pan,1,31.58,Completed,Debit Card
ORD101169,7/6/2023,CUST1720,Rina Salim,East ,Clothing,Cotton T-Shirt,1,62.67,Completed,Debit Card
ORD103242,5/6/2024,CUST1433,Sarah Tan,east,Books,Children's Book,1,24.41,Completed,PayPal
ORD100929,2/15/2024,CUST1422,Budi Pratama,East ,Home & Kitchen,Throw Pillow,1,45.44,Completed,Gift Card
ORD103684,2/22/2023,CUST1137,Budi Wijaya,MIDWEST,Beauty,Sunscreen SPF50,1,6.96,Completed,Debit Card
ORD100029,4/13/2023,CUST1685,Budi Kurniawan,West,books,Cookbook,1,25.04,Completed,Gift Card
ORD101552,12/4/2024,CUST1089,Dewi Pratama,MIDWEST,beauty,Shampoo,5,11.57,Pending,Credit Card
ORD103628,19-Aug-23,CUST1032,Andi Sari,East ,Toys,Building Blocks,1,46.63,Completed,PayPal
ORD101405,6/13/2023,CUST1272,Michael Nugroho,South ,Toys,Puzzle 1000pc,1,23.25,Completed,Gift Card
ORD103448,8/12/2024,CUST1616,Putri Wijaya,West,Beauty,Lip Balm,5,13.62,Completed,PayPal
ORD100382,2/24/2023,CUST1236,Michael Wilson,East,Beauty,Shampoo,1,31.61,Cancelled,Gift Card
ORD103953,4/21/2024,CUST1292,Budi Halim,WEST,Sports & Outdoors,Hiking Backpack,1,63.54,Cancelled,Credit Card
ORD101897,4/15/2024,CUST1141,Fajar Taylor, West,Books,Self-Help Guide,1,16.24,Completed,Credit Card
ORD102619,5/26/2024,CUST1771,Putri Salim,Mid-West,Toys,RC Car,2,59.4,Completed,Gift Card
ORD101172,13-Nov-24,CUST1814,Michael Taylor,South ,electronics,Wireless Earbuds,2,93.48,Completed,Debit Card
ORD100912,11/21/2024,CUST1352,Lisa Taylor,South,beauty,Moisturizer,4,12.27,Completed,Gift Card
ORD100680,4/15/2024,CUST1178,Michael Pratama,MIDWEST,Beauty,Shampoo,2,7.18,Completed,PayPal
ORD103546,4/2/2023,CUST1457,David Johnson,EAST,CLOTHING,Baseball Cap,2,76.8,Completed,
ORD103529,1/5/2023,CUST1681,Maria Hidayat,East ,Sports & Outdoors,Resistance Bands,1,22.62,Completed,PayPal
ORD103293,9/24/2023,CUST1147,Sarah Wilson,MIDWEST, Beauty ,Sunscreen SPF50,3,41.22,Completed,Credit Card
ORD102223,25/08/2023,CUST1491,Rina Taylor,East ,beauty,Face Mask Set,2,22.73,completed,Credit Card
ORD101292,11/28/2024,CUST1225,Siti Wilson,West,Beauty,Lip Balm,1,12.49,Returned,Credit Card
ORD101100,10/6/2024,CUST1540,,EAST,electronics,Power Bank,1,111.75,Completed,Debit Card
ORD102532,10/22/2023,CUST1513,Robert Kurniawan,East,sports & outdoors,Resistance Bands,2,83.82,Completed,PayPal
ORD102708,3/6/2023,CUST1014,Linda Halim,WEST,Books,Self-Help Guide,1,17.23,Cancelled,Debit Card
ORD100835,14/09/2023,CUST1289,Dewi Brown,west,Books,Fiction Novel,1,14.84,Completed,Debit Card
ORD101670,9/6/2024,CUST1425,Linda Anderson,South, Sports & Outdoors ,Camping Tent,3,11.27,Completed,Gift Card
ORD101437,8/19/2023,CUST1656,Ayu Yusuf,Midwest,Beauty,Face Mask Set,2,27.29,returned,Gift Card
ORD100768,9/8/2023,CUST1241,Fajar Hidayat,South,toys,Puzzle 1000pc,1,53.67,completed,Debit Card
ORD102055,4-Aug-24,CUST1708,Ayu Smith,,Beauty,Face Mask Set,2,32.63,Completed,Gift Card
ORD101689,7/10/2023,CUST1290,Lisa Nugroho,WEST,Home & Kitchen,Non-Stick Pan,500,98.01,Completed,Debit Card
ORD101251,22-Jun-23,CUST1455,Linda Taylor,east,Beauty,Lip Balm,1,7.25,Completed,Gift Card
ORD103288,22-Jan-23,CUST1147,Sarah Wilson,midwest,Electronics,Wireless Mouse,1,26.05,Completed,Debit Card
ORD100099,11/13/2024,CUST1118,Budi Anderson,EAST,sports & outdoors,Hiking Backpack,1,50.5,completed,PayPal
ORD103321,12/19/2023,CUST1443,Andi Hidayat,South ,Books,Cookbook,1,29.83,Returned,Debit Card
ORD100789,11/30/2024,CUST1849,Putri Santos,south,Home & Kitchen,Throw Pillow,1,51.67,Returned,Gift Card
ORD102154,28-Jun-23,CUST1477,,West,books,Business Strategy Book,5,10.46,Completed,Debit Card
ORD101720,9/24/2023,CUST1005,Dewi Wijaya,south, Toys ,Board Game,1,32.7,Completed,Gift Card
ORD100757,7/28/2024,CUST1177,Ayu Pratama,MIDWEST,Beauty,Moisturizer,2,39.08,Completed,Debit Card
ORD100952,9/19/2023,CUST1032,Andi Sari,Midwest,Sports & Outdoors,Resistance Bands,1,90.98,Completed,Gift Card
ORD100762,9/25/2023,CUST1791,Kevin Chen,,Clothing,Hoodie,2,39.33,Completed,Credit Card
ORD100119,7/9/2024,CUST1577,John Anderson, West,Cloths,Winter Jacket,1,19.58,Completed,
ORD100207,14-Feb-23,CUST1793,Putri Hidayat,SOUTH,Beauty,Lip Balm,2,9.42,Completed,Gift Card
ORD102161,4-Jun-23,CUST1316,,,Home & Kitchen,Throw Pillow,1,97.7,Completed,Debit Card
ORD102577,5/31/2023,CUST1827,Putri Garcia,EAST,Toys,Board Game,2,15.14,Completed,Credit Card
ORD102390,3/30/2024,CUST1608,Dewi Lee,East ,Toys,RC Car,1,51.98,Cancelled,Debit Card
ORD100305,30-Nov-23,CUST1728,Siti Santos,East ,Books,Children's Book,5,17.19,Completed,Gift Card
ORD100828,1/5/2024,CUST1822,Ayu Wilson,EAST,Sports & Outdoors,Camping Tent,1,18.42,Returned,Credit Card
ORD102068,4/10/2024,CUST1677,Fajar Anderson,Midwest,Sports & Outdoors,Hiking Backpack,2,10.42,Completed,Credit Card
ORD102475,3/14/2023,CUST1595,Lisa Brown,south,Sports & Outdoors,Water Bottle,1,76.91,completed,PayPal
ORD100743,18/04/2024,CUST1380,,Mid-West,Books,Business Strategy Book,2,14.33,completed,Debit Card
ORD102019,12/29/2024,CUST1370,Rina Anderson,Mid-West,Sports & Outdoors,Yoga Mat,1,40.63,Cancelled,PayPal
ORD101418,11/23/2024,CUST1521,John Smith,MIDWEST,Toys,Building Blocks,1,53.45,Completed,Credit Card
ORD101407,3/31/2024,CUST1755,Budi Sari,West,Toys,Action Figure,1,57.58,completed,Credit Card
ORD102056,11/12/2023,CUST1367,James Salim,west,ELECTRONICS,Webcam,,49.4,Completed,Debit Card
ORD103043,9/22/2023,CUST1104,Sarah Tan,East ,Clothing,Cotton T-Shirt,1,54.33,Completed,Credit Card
ORD100842,27/11/2024,CUST1543,Ayu Wilson,West,Clothing,Hoodie,4,42.17,completed,PayPal
ORD103233,6/5/2024,CUST1705,Michael Johnson,Mid-West,Electronics,Wireless Earbuds,1,68.24,Completed,Gift Card
ORD102400,7/10/2024,CUST1324,Budi Santos,Midwest,Toys,Action Figure,1,,Completed,Debit Card
ORD103719,3/22/2023,CUST1808,Michael Kurniawan,South ,Home & Kitchen,Blender,3,30.71,Completed,Credit Card
ORD101271,11/15/2023,CUST1491,Rina Taylor,MIDWEST,Cloths,Baseball Cap,1,43.2,Cancelled,Credit Card
ORD101071,8-Oct-24,CUST1084,Ahmad Anderson,SOUTH,Sports & Outdoors,Yoga Mat,1,52.65,Completed,Debit Card
ORD102683,20-Jun-24,CUST1018,Ahmad Wilson,WEST,Clothing,Baseball Cap,1,56.38,Completed,Gift Card
ORD100424,3/23/2024,CUST1662,Siti Lee,Mid-West,Books,Fiction Novel,1,26,Completed,Gift Card
ORD101335,8/1/2023,CUST1476,Andi Wijaya,EAST,Home & Kitchen,Non-Stick Pan,1,95.35,cancelled,Credit Card
ORD101575,6/13/2023,CUST1445,Kevin Anderson,SOUTH,BEAUTY,Face Mask Set,1,27.54,Completed,PayPal
ORD103539,9/25/2023,CUST1066,Michael Lee,WEST,Sports & Outdoors,Water Bottle,2,71.94,Completed,Credit Card
ORD100451,9/8/2024,CUST1484,James Anderson,Midwest,electronics,Smartphone Case,1,92.07,Cancelled,Credit Card
ORD101388,9/7/2024,CUST1701,John Santos,midwest,toys,RC Car,2,27.47,Completed,PayPal
ORD103366,14-Nov-24,CUST1723,Ayu Wijaya,,Home & Kitchen,LED Desk Lamp,2,43.94,completed,Debit Card
ORD100965,5-May-24,CUST1382,David Hidayat,west,Sports & Outdoors,Camping Tent,1,28.54,Completed,Gift Card
ORD103676,7/26/2023,CUST1005,Dewi Wijaya,East,TOYS,Puzzle 1000pc,1,59.85,Completed,Gift Card
ORD103687,1/16/2024,CUST1856,Siti Brown,MIDWEST,Sports & Outdoors,Camping Tent,2,61.32,Completed,Credit Card
ORD101242,7/29/2024,CUST1495,Ayu Salim,EAST,Home & Kitchen,LED Desk Lamp,2,23.13,Completed,Debit Card
ORD101401,10/22/2023,CUST1167,Putri Hidayat,SOUTH,Electronics,Bluetooth Speaker,1,67.6,Completed,Debit Card
ORD103196,8/17/2024,CUST1411,Ahmad Garcia,SOUTH,Home & Kitchen,Cutting Board,2,46.49,Completed,Gift Card
ORD103621,7/10/2023,CUST1872,Siti Taylor,Midwest,Books,Cookbook,2,23.15,Completed,PayPal
ORD102016,7/7/2023,CUST1850,Dewi Wijaya,EAST,Sports & Outdoors,Resistance Bands,2,54.62,Completed,Gift Card
ORD100200,17/08/2023,CUST1669,Dewi Brown,Mid-West,Toys,Building Blocks,1,54.6,Completed,Debit Card
ORD100423,4/6/2023,CUST1377,Putri Taylor,South ,Books,Cookbook,2,19.67,Completed,Debit Card
ORD101027,11/19/2023,CUST1381,,South,beauty,Face Mask Set,1,20.8,Cancelled,Credit Card
ORD102990,12/3/2024,CUST1341,Fajar Wijaya,West,Electronics,Laptop Stand,1,60.7,Completed,Gift Card
ORD103976,5/3/2023,CUST1485,Dewi Smith,South,electronics,Wireless Mouse,1,74.23,Completed,Debit Card
ORD103905,9/29/2023,CUST1346,Dewi Taylor,south,Electronics,Laptop Stand,1,141.84,Completed,Credit Card
ORD101419,2/16/2024,CUST1588,David Anderson,South ,Toys,Building Blocks,,9.22,Completed,Credit Card
ORD102608,27-Mar-23,CUST1171,James Anderson,East,sports & outdoors,Camping Tent,1,33.59,Completed,Credit Card
ORD100736,9-May-24,CUST1439,Maria Johnson,SOUTH,Electronics,USB-C Cable,1,99.62,completed,PayPal
ORD102077,8/28/2023,CUST1581,,east,Electronics,Wireless Mouse,1,85.63,Completed,Credit Card
ORD103037,10/10/2023,CUST1546,John Garcia,East , Books ,Children's Book,1,21.65,completed,PayPal
ORD102761,2/3/2024,CUST1469,Michael Lee,MIDWEST,Books,Fiction Novel,3,24.85,Pending,Debit Card
ORD102582,25-Feb-24,CUST1842,Siti Salim,MIDWEST,toys,Building Blocks,1,50.37,Completed,Debit Card
ORD102734,11/14/2024,CUST1414,Ayu Chen,EAST,Home & Kitchen,Storage Containers,1,24.51,Completed,Credit Card
ORD103093,2/3/2024,CUST1195,Putri Wijaya,south,Books,Business Strategy Book,1,14.5,Completed,Credit Card
ORD103104,24-Oct-24,CUST1681,Maria Hidayat,Midwest,Beauty,Lip Balm,2,6.95,Completed,Debit Card
ORD100599,1/6/2024,CUST1539,Sarah Salim,east,Books,Cookbook,1,16.91,Completed,
ORD100576,5/5/2024,CUST1648,James Wijaya,Mid-West,Clothing,Denim Jeans,1,73.65,Completed,Gift Card
ORD100492,2-May-23,CUST1659,Kevin Hidayat,West,Electronics,Power Bank,2,31.25,Completed,Credit Card
ORD100348,21-Dec-24,CUST1597,Ahmad Nugroho,south, Electronics ,Wireless Mouse,1,37.38,Completed,Debit Card
ORD101501,15-Mar-23,CUST1848,Sarah Nugroho,South,Electronics,Wireless Earbuds,2,25.8,Completed,Credit Card
ORD103856,2/28/2024,CUST1128,Rina Taylor,south,Sports & Outdoors,Hiking Backpack,2,92.13,Returned,PayPal
ORD103948,7/16/2024,CUST1113,Dewi Nugroho,west,Beauty,Moisturizer,4,22.26,Completed,PayPal
ORD103154,28-Nov-23,CUST1043,Michael Wilson,south,Electronics,Bluetooth Speaker,1,146.69,Completed,Gift Card
ORD102543,29-Jan-23,CUST1548,Andi Tan,South ,HOME & KITCHEN,Storage Containers,2,116.71,Completed,Credit Card
ORD103454,5/16/2024,CUST1068,Linda Nugroho,Midwest, Clothing ,Running Shorts,1,39.26,Completed,Debit Card
ORD101766,,CUST1379,Putri Halim,East,SPORTS & OUTDOORS,Resistance Bands,2,69.99,Completed,Debit Card
ORD103082,10/30/2023,CUST1438,John Smith,Midwest,Sports & Outdoors,Jump Rope,2,23.92,Pending,
ORD101895,1/1/2024,CUST1858,Maria Hidayat,MIDWEST,Electronics,Wireless Mouse,4,43.48,Completed,Gift Card
ORD102371,12/3/2024,CUST1189,Ahmad Kurniawan,Mid-West, Toys ,RC Car,2,19.81,Completed,Credit Card
ORD100411,12/4/2024,CUST1480,Rina Lee,Mid-West,Clothing,Baseball Cap,1,69.85,Completed,Gift Card
ORD103946,6/9/2024,CUST1585,Robert Anderson,MIDWEST, Home & Kitchen ,Cutting Board,1,98.59,Completed,Credit Card
ORD102219,9/7/2023,CUST1300,Sarah Taylor,west,Home & Kitchen,LED Desk Lamp,1,40.48,Completed,Credit Card
ORD102876,10/25/2024,CUST1644,Andi Salim,east, Sports & Outdoors ,Camping Tent,1,75.62,Completed,Debit Card
ORD101864,4/19/2023,CUST1260,Fajar Pratama,south, Toys ,Board Game,2,36.74,Completed,PayPal
ORD103894,1/19/2023,CUST1841,Putri Anderson,East ,Electronics,Smartphone Case,2,18.43,Completed,Credit Card
ORD100950,10/30/2023,CUST1834,Andi Nugroho,East,Clothing,Cotton T-Shirt,2,18.23,completed,PayPal
ORD103013,10/4/2023,CUST1079,Siti Sari,SOUTH,CLOTHING,Winter Jacket,1,28.46,Cancelled,Gift Card
ORD100564,12/20/2024,CUST1631,Lisa Tan,East ,Clothing,Baseball Cap,1,61.42,Completed,Debit Card
ORD100778,10/9/2023,CUST1744,Andi Sari,South ,Clothing,Wool Socks,1,36.13,Completed,Gift Card
ORD102489,12/11/2023,CUST1190,Lisa Wijaya,MIDWEST,Electronics,Laptop Stand,1,73.32,Completed,Debit Card
ORD100350,1/10/2024,CUST1690,Fajar Garcia,East ,Home & Kitchen,Coffee Maker,1,76.1,Completed,Credit Card
ORD103175,3/20/2024,CUST1781,Andi Yusuf,SOUTH,Books,Cookbook,1,19.32,returned,PayPal
ORD100271,4-Apr-24,CUST1586,Putri Smith,MIDWEST,Clothing,Running Shorts,2,34.67,Completed,PayPal
ORD103603,8/3/2024,CUST1433,Sarah Tan,SOUTH,CLOTHING,Denim Jeans,1,32.14,Cancelled,
ORD103388,4/10/2024,CUST1881,,EAST,Clothing,Denim Jeans,1,68.38,Completed,
ORD103427,8/31/2023,CUST1619,Andi Smith,MIDWEST,Sports & Outdoors,Resistance Bands,1,64.1,Completed,Debit Card
ORD101374,11/18/2024,CUST1166,Ahmad Garcia,WEST,Home & Kitchen,Blender,1,16.65,Completed,Credit Card
ORD102192,8/1/2023,CUST1764,Andi Yusuf,south,BEAUTY,Lip Balm,3,42.3,Completed,PayPal
ORD101086,7/28/2024,CUST1111,Siti Halim,South ,Sports & Outdoors,Jump Rope,1,39,Completed,PayPal
ORD101930,6/5/2024,CUST1081,Maria Garcia,east,toys,Action Figure,1,10.17,Completed,Debit Card
ORD100270,2/7/2024,CUST1568,Budi Chen,WEST,Home & Kitchen,Non-Stick Pan,2,37.91,Completed,Credit Card
ORD100621,11/11/2024,CUST1611,Maria Sari,,clothing,Cotton T-Shirt,1,30.43,Pending,Debit Card
ORD100668,4/11/2023,CUST1694,Ayu Tan,South ,Beauty,Lip Balm,1,9.56,Cancelled,Debit Card
ORD100459,12/31/2024,CUST1060,Ahmad Wilson,West,books,Self-Help Guide,1,20.12,Completed,Gift Card
ORD100116,19-Dec-23,CUST1391,Siti Pratama,South ,Toys,RC Car,3,36.62,Returned,Debit Card
ORD102474,11/11/2023,CUST1637,Linda Tan,WEST,Beauty,Sunscreen SPF50,1,10.51,Completed,Debit Card
ORD100829,2/16/2023,CUST1399,Rina Lee,MIDWEST,SPORTS & OUTDOORS,Yoga Mat,,1234.56,Completed,PayPal
ORD101110,7/10/2024,CUST1842,Siti Salim,east,Books,Cookbook,2,1234.56,Completed,
ORD101902,3/22/2023,CUST1771,Putri Salim,South,Beauty,Face Mask Set,1,26.53,Completed,Gift Card
ORD102097,5-Dec-24,CUST1624,Budi Smith,Midwest,Electronics,Smartphone Case,2,91.19,Completed,Debit Card
ORD103776,9/27/2023,CUST1362,Linda Taylor,SOUTH,Beauty,Sunscreen SPF50,3,31.66,Completed,
ORD101385,5/10/2024,CUST1258,Ayu Smith,East ,Clothing,Winter Jacket,1,31.02,Completed,Debit Card
ORD102900,4/18/2023,CUST1669,Dewi Brown,East,HOME & KITCHEN,Throw Pillow,1,36.3,Completed,Debit Card
ORD102185,6/1/2024,CUST1387,Budi Pratama,West,Electronics,USB-C Cable,1,67.44,Pending,
ORD100987,5/19/2023,CUST1525,Michael Anderson,East ,Toys,Building Blocks,1,52.29,Completed,Gift Card
ORD102182,6/29/2023,CUST1854,,SOUTH,Books,Self-Help Guide,1,10.67,Completed,PayPal
ORD102410,14/03/2023,CUST1592,Putri Lee,,ELECTRONICS,Laptop Stand,1,46.64,pending,Credit Card
ORD102034,5/16/2023,CUST1074,,west,SPORTS & OUTDOORS,Yoga Mat,1,70.74,Completed,Credit Card
ORD101365,7/20/2024,CUST1542,Linda Smith,EAST,Clothing,Winter Jacket,1,70.13,Completed,Gift Card
